"sha","url","identifiertype","lastmodified"
"0007851ccfce1f5b69496f5a25bb82e00ddab61b.jsonld","https://obis.org/dataset/cce3bcdb-31fa-4e26-a24f-0b85c59d03e7","identifiersha","2025-04-07 08:27:36+00:00"
"0030c99b29c7c935b87251e074fbdc42db69baf1.jsonld","https://obis.org/dataset/e990dc5f-d7ae-4eff-b6da-f096bedbe50a","identifiersha","2025-04-07 08:28:19+00:00"
"00358423f07ade9e47394949260c255d049db978.jsonld","https://obis.org/dataset/de2563c9-b74a-406d-9fa5-5a5fd251750e","identifiersha","2025-04-07 08:28:06+00:00"
"004245674bc0f5bba960c26baa49ba455501a7c1.jsonld","https://obis.org/dataset/e92b6433-c003-47b2-8f46-6a1e87db48c9","identifiersha","2025-04-07 08:24:20+00:00"
"00889265149494c2e464bc6042909708e4221b52.jsonld","https://obis.org/dataset/9ddcb9c5-0312-4e94-952d-87f824399226","identifiersha","2025-04-07 08:28:12+00:00"
"00a19e2499f90cc9dd34adaf24b40638062d990d.jsonld","https://obis.org/dataset/e0d98cef-7b09-496e-9a5f-2a6ecaa9b8a9","identifiersha","2025-04-07 08:28:28+00:00"
"00a5be70af435331c34497b237c7191715aaa3d7.jsonld","https://obis.org/dataset/91fa6e0a-cfb0-43d9-8dcc-588ff31e3e4d","identifiersha","2025-04-07 08:25:00+00:00"
"00a9cc04656d8eedd06ed809adb104570314edbe.jsonld","https://obis.org/dataset/861f26df-b719-4f04-ab23-eb64f6d66d62","identifiersha","2025-04-07 08:25:27+00:00"
"00ac3eba6c3b779a9d2ee0f97ae598bb2de77830.jsonld","https://obis.org/dataset/8426d16e-cb66-4b6e-8d3c-d8e8b977fc79","identifiersha","2025-04-07 08:22:27+00:00"
"00ad8dcb900fc3b95374cdc7b63e39fa82ed4513.jsonld","https://obis.org/dataset/04017518-c9c6-4801-a1c9-8019618c9b0d","identifiersha","2025-04-07 08:22:50+00:00"
"00b95fcca03d4984dbb7f7760124dfb0c648c3fa.jsonld","https://obis.org/dataset/39370bba-d695-49c6-9062-d06cf6540efe","identifiersha","2025-04-07 08:28:34+00:00"
"00be3ce66fe972ab87a5a251162ee5bb070eb706.jsonld","https://obis.org/dataset/3e0eb6f8-2704-4369-be11-d3d58e9f1bd2","identifiersha","2025-04-07 08:23:12+00:00"
"00dd657f5bc622d3e35a62601670126f1564b95a.jsonld","https://obis.org/dataset/5a17b973-3e2b-4286-b7af-ae04f7b306a5","identifiersha","2025-04-07 08:25:13+00:00"
"00e303efccc41951e7635dec309fc3cbc1197db3.jsonld","https://obis.org/dataset/e869e06b-df12-491c-b49f-c77c4daa857c","identifiersha","2025-04-07 08:26:11+00:00"
"01261c95689dcebd4b6e8b41bf2d140aed2c165e.jsonld","https://obis.org/dataset/647943b7-b951-4c5c-8280-fd917cc29bf1","identifiersha","2025-04-07 08:26:06+00:00"
"012b7675f40e51472df8cce1942584216c5332e9.jsonld","https://obis.org/dataset/5c9d8a11-f632-49ba-a467-449ef93b23dc","identifiersha","2025-04-07 08:27:34+00:00"
"012e00ce68915ca011a686e9f4b9d52d2930bb33.jsonld","https://obis.org/dataset/23bd22c1-9a98-44d4-8e23-3a9c55915caf","identifiersha","2025-04-07 08:26:56+00:00"
"013b8643b7237a7d15f49e805edee081c1ecd9e5.jsonld","https://obis.org/dataset/541c7d7b-ea2b-4bbb-a989-75904babfea9","identifiersha","2025-04-07 08:26:41+00:00"
"0140e166c532ab7f94c8858216943e75df6f47f6.jsonld","https://obis.org/dataset/db5ad6c9-3f39-44d7-a4d0-6e059b064d58","identifiersha","2025-04-07 08:23:16+00:00"
"0141e208ee1cfb0991e80c75db4e0840a4fdbbd0.jsonld","https://obis.org/dataset/114176b9-951c-4760-b802-bd22f1981185","identifiersha","2025-04-07 08:23:42+00:00"
"014d25bfa7e5a1db897b19f3e7be11d92406ffc1.jsonld","https://obis.org/dataset/19b17aa1-83e9-4121-bd1b-e21966acdd0d","identifiersha","2025-04-07 08:25:36+00:00"
"015d1c642e11e18a16bf188edf97c8fbdd2e3180.jsonld","https://obis.org/dataset/0823253d-15e7-45f8-a3af-3f927b3c1099","identifiersha","2025-03-24 00:44:18+00:00"
"015d468ad44e4a55fe6f6c6b04e0246f92967048.jsonld","https://obis.org/dataset/77b84a54-cc6c-4bbf-b95e-35f495a7cbd8","identifiersha","2025-04-07 08:24:39+00:00"
"016570b97a4711cac679f5066fe135bbc0d3f38f.jsonld","https://obis.org/dataset/dbec528b-7278-49bc-95cd-855025323e6d","identifiersha","2025-04-07 08:28:18+00:00"
"0169c7f7d78ab869c1a5d5c1ab131fedcce37b3a.jsonld","https://obis.org/dataset/63c96b21-947e-4ca9-909c-328dde949e7c","identifiersha","2025-04-07 08:27:22+00:00"
"017d29103d15e7d10dc4283ecea98992e6ea80b8.jsonld","https://obis.org/dataset/a94aa77d-c064-48b6-9101-b2091f074c09","identifiersha","2025-04-07 08:24:46+00:00"
"017ef69fb3b24b945f3d6145a685a394e174461a.jsonld","https://obis.org/dataset/0621bf26-a231-4033-b621-e82ec5bb6187","identifiersha","2025-04-07 08:27:10+00:00"
"0195ecbd1e16f27509a8c34331fbcefe5d76fbec.jsonld","https://obis.org/dataset/e43c0ba8-bd91-4db6-ac2b-17059ec30d94","identifiersha","2025-04-07 08:25:18+00:00"
"01b5090c197c6a26a2094a058b186889aeab1ed9.jsonld","https://obis.org/dataset/9022aeeb-b917-4e43-b002-d708069784a0","identifiersha","2025-04-07 08:26:37+00:00"
"01d67646e12aa100a38d806ddf8da4057457cd25.jsonld","https://obis.org/dataset/5ec42fe0-a902-46e4-b9cb-054c86dc7c8b","identifiersha","2025-04-07 08:22:58+00:00"
"01ec22f7bb924faa03873f72d20e348e980af81f.jsonld","https://obis.org/dataset/22e46a73-06ca-4022-9b7c-933c3f94b94b","identifiersha","2025-04-07 08:26:15+00:00"
"01f3d782d453a7ad2c0f7f6a9c137f5a70624ee2.jsonld","https://obis.org/dataset/09c2ada1-35c1-4fda-8c61-54ffc99730ca","identifiersha","2025-04-07 08:24:10+00:00"
"01f56772d0a5bb27f6f1ad66b04eb669aacd71a8.jsonld","https://obis.org/dataset/85ced676-54ec-449b-8a23-80b926f34b7f","identifiersha","2025-04-07 08:27:46+00:00"
"0214e96f6a7ded9ca2b28e5784e729a410344cef.jsonld","https://obis.org/dataset/76187bd3-740d-4000-b466-b9793e5d7cbb","identifiersha","2025-04-07 08:23:18+00:00"
"022fa89b025c3fee08e0e0408e745cdafe792ea0.jsonld","https://obis.org/dataset/0a0bdf56-fe37-47ec-9cd7-182cc6f21281","identifiersha","2025-04-07 08:25:42+00:00"
"0233d2d20b2877090e0a6458987538b0bd254a3f.jsonld","https://obis.org/dataset/ba32788a-2193-4fe9-b252-01822c3dc924","identifiersha","2025-03-24 00:32:14+00:00"
"023474012710cb8b63b337d3bec01b99d7abc5d3.jsonld","https://obis.org/dataset/b1d6e504-32df-424c-92d6-a7f3495b0dae","identifiersha","2025-04-07 08:26:39+00:00"
"025246ddb709d8bc72f786355c65e696db0be303.jsonld","https://obis.org/dataset/24c11a51-fb48-46a9-a534-6507d54d9a39","identifiersha","2025-04-07 08:24:51+00:00"
"025af71d7ccd6bb3b347cc74114c58b8feac3322.jsonld","https://obis.org/dataset/cce3d3c0-b9fc-4d03-b528-12e75ba4df87","identifiersha","2025-04-07 08:25:47+00:00"
"025f4e6259c9709bb3664ab7e6d637b8c48e4c55.jsonld","https://obis.org/dataset/ab9bfa72-f995-4be7-931d-74ed8812f6f2","identifiersha","2025-04-07 08:24:55+00:00"
"02763c85804d909b987eb7915e49d79961f7d90d.jsonld","https://obis.org/dataset/8bf9c13a-0dcf-4bbf-a7fc-da9d076bc78a","identifiersha","2025-04-07 08:27:19+00:00"
"02830c48df724ec058e7b3caf5b3b3ae3ec5cf4e.jsonld","https://obis.org/dataset/8726cede-98ab-4c06-859d-ce997e8f9717","identifiersha","2025-04-07 08:25:41+00:00"
"028bc708b67d5be36def6206f154bcfe396e1b78.jsonld","https://obis.org/dataset/6e4758cf-07b4-4fbf-bd04-91cdf1c8a1ec","identifiersha","2025-04-07 08:25:27+00:00"
"028cc60a920430b40cf3e2dff1e2b3d595492062.jsonld","https://obis.org/dataset/002eea41-acbf-4d60-ad84-6f4e3c46d9be","identifiersha","2025-04-07 08:22:36+00:00"
"029ba22d5381f09cdfa4544b553d4ae66b5cc217.jsonld","https://obis.org/dataset/364e5a12-8028-4329-be50-fc548c2d6ce4","identifiersha","2025-04-07 08:22:43+00:00"
"02a06b17001a8b87b901d984c17b52a1d23c347d.jsonld","https://obis.org/dataset/16c9c64b-7295-4084-88ce-a26abf4d092f","identifiersha","2025-04-07 08:28:38+00:00"
"02b83ac16537458db5194652cf1a794daf40e46a.jsonld","https://obis.org/dataset/41aea963-7bac-4191-baf8-ef068ac9e13a","identifiersha","2025-04-07 08:26:56+00:00"
"02bd3a0b009685fa31036bc890b37b451330793c.jsonld","https://obis.org/dataset/4fd607d9-74c9-4618-854d-98c921480cb1","identifiersha","2025-04-07 08:27:19+00:00"
"02bd46defb4f67a074dfa9c8d8568b9068efcbf5.jsonld","https://obis.org/dataset/4d6f5caf-4837-4975-96e3-ab60d2e975c3","identifiersha","2025-04-07 08:24:18+00:00"
"02c075f4cd4ec5b4d211b89a29ed8a2f9089849f.jsonld","https://obis.org/dataset/15b142e2-866e-433f-9b2c-e7ea5939bab4","identifiersha","2025-04-07 08:27:39+00:00"
"02c481f51bd094acc119e365cbae86d52aa6fa71.jsonld","https://obis.org/dataset/82136034-e270-4476-b220-d39db44a867c","identifiersha","2025-04-07 08:24:34+00:00"
"02c6101ff747037fc208b409d11a487fbb88865e.jsonld","https://obis.org/dataset/b6ec1b5a-0cd3-4469-bf41-e68685ef0a54","identifiersha","2025-04-07 08:24:39+00:00"
"02c765dda19b9e7ed1d0db9818b162511dd5824b.jsonld","https://obis.org/dataset/e141e725-f9f6-4dc7-bd58-13066a5355bd","identifiersha","2025-04-07 08:27:34+00:00"
"02e02e90ffeebe64078b6f3ce524f7555a99c173.jsonld","https://obis.org/dataset/c09b9277-6434-4874-873b-7358e5ed4faa","identifiersha","2025-04-07 08:24:47+00:00"
"02e5eaabcbcaa1d46bd66e1f6332bb8d97d7cacd.jsonld","https://obis.org/dataset/744cbd42-7593-4e50-b163-8a4e63ff9557","identifiersha","2025-04-07 08:27:32+00:00"
"02e6d3baa4fc19811f41f0a2ab52d50719d543f3.jsonld","https://obis.org/dataset/46b1957a-3c6a-4314-b9a0-5de9d1f9ae77","identifiersha","2025-04-07 08:22:42+00:00"
"02ede42a7a104e1c813e0c9ed46674e775987565.jsonld","https://obis.org/dataset/f504ff3b-0cdc-4145-ac73-2fc9ae2c4784","identifiersha","2025-04-07 08:24:19+00:00"
"02f379b0194b6bedea50973f0006ada7d116942e.jsonld","https://obis.org/dataset/7d9f4933-2eb4-4dac-bf50-5d9e0682e317","identifiersha","2025-04-07 08:28:31+00:00"
"02f6b4ca7be62a1bd3bb1206434c49843b919bfa.jsonld","https://obis.org/dataset/4bbb4901-4414-4da2-bc53-e6d7e9ca1862","identifiersha","2025-04-07 08:25:35+00:00"
"02f89fca364c9e5a2256e439f064adc5cc772595.jsonld","https://obis.org/dataset/96c7952d-5021-4749-b87e-14b8de026eb0","identifiersha","2025-04-07 08:22:50+00:00"
"031c185e647b5c7d75807922a8d2bed2fe2d1806.jsonld","https://obis.org/dataset/189997cf-a752-4ec1-8e36-cc1f61c28049","identifiersha","2025-04-07 08:27:15+00:00"
"0323c4fe37e2fdc6c965aaff9bae8a5df533aa66.jsonld","https://obis.org/dataset/d88a91c1-2685-4afa-9a6a-2056310218e2","identifiersha","2025-04-07 08:26:50+00:00"
"032ebf58100d6c8e20e8e45c28e1c80985215ca2.jsonld","https://obis.org/dataset/62b97724-da17-4ca7-9b26-b2a22aeaab51","identifiersha","2025-04-07 08:22:38+00:00"
"03422b30a32a7f664e59ee80b54e5bcb18238fe6.jsonld","https://obis.org/dataset/a60f84ee-0e25-428e-b171-16686b554702","identifiersha","2025-04-07 08:23:13+00:00"
"0345dbe6b5ae5bc875df86f6f12149e76ab502bd.jsonld","https://obis.org/dataset/674b77d8-d0dc-4fe9-95b8-ab39076462a2","identifiersha","2025-04-07 08:27:15+00:00"
"035e3cdbdb494e85b10bcfadc0bee848d653b0b3.jsonld","https://obis.org/dataset/d94f3ea4-4519-4eb0-9d03-5cfc1caab13f","identifiersha","2025-04-07 08:22:42+00:00"
"035e7b02b7596589a8a81161a84e63c22584c339.jsonld","https://obis.org/dataset/d58b22d0-0c37-4b14-ac93-bb558dfe06f6","identifiersha","2025-04-07 08:25:47+00:00"
"036929033d590ba61fcc2411b8a9c427f278c89f.jsonld","https://obis.org/dataset/55e369ca-ff48-4024-909f-7a3ce2d74dcc","identifiersha","2025-04-07 08:24:38+00:00"
"03724d30cb170a9d08f95b2bc5d64d3c0e197c58.jsonld","https://obis.org/dataset/3edf0c68-6b57-4843-a60e-51d3c1892db4","identifiersha","2025-04-07 08:24:58+00:00"
"039be9e5cdc9b4682fd0cb474cea4e9411e24bd9.jsonld","https://obis.org/dataset/99a32766-9c4f-4de7-be17-052d47f594f7","identifiersha","2025-04-07 08:27:25+00:00"
"039da30e9c79573fec2edbaf572e10a72a1354c0.jsonld","https://obis.org/dataset/1cdd5450-4c53-4f82-855e-3b4e4c3b4a02","identifiersha","2025-04-07 08:27:11+00:00"
"03a9927f6b62a0b10314ec2b9f4f89ed5f7aeb22.jsonld","https://obis.org/dataset/c8a10b95-b250-4da7-a964-b9a99c0db5b2","identifiersha","2025-04-07 08:26:40+00:00"
"03bff9590c35daaeac93af3a6969d73f6b09d332.jsonld","https://obis.org/dataset/373bacd9-e375-4513-8e98-f2e7f63275e4","identifiersha","2025-04-07 08:23:54+00:00"
"03e83873c91ee1c1faa84f19b24960199e43a343.jsonld","https://obis.org/dataset/a223aef7-324a-4729-8dc9-6a9b2b578e08","identifiersha","2025-04-07 08:28:37+00:00"
"03e8fd8e5c5224af5d25634082688cb6fe7ba0db.jsonld","https://obis.org/dataset/2276166e-f74f-48ee-9907-2405d727fbd4","identifiersha","2025-04-07 08:27:47+00:00"
"03f443d845d13371154a93cf4ebde33d6ce2311b.jsonld","https://obis.org/dataset/3ff4a8dd-08a1-4882-9350-025177389732","identifiersha","2025-04-07 08:26:45+00:00"
"03ff8d25ebe1eedeaf11d1ba0c494e3ed5cdfe81.jsonld","https://obis.org/dataset/55fabbc5-6449-4701-bb5d-4a37270cd3b8","identifiersha","2025-04-07 08:23:46+00:00"
"040346a84c1799d1020405c457ec9faa0f9ce7fa.jsonld","https://obis.org/dataset/61c5e93d-1bcf-4d90-9c38-f7ff654eb364","identifiersha","2025-04-07 08:28:07+00:00"
"04054623605c0d13d2bce139e98691933ddb5192.jsonld","https://obis.org/dataset/09939bb8-6425-4e05-9e54-f55d03f6c762","identifiersha","2025-04-07 08:22:48+00:00"
"040a21564826521b91dd17a5e8656a776e41f48b.jsonld","https://obis.org/dataset/088e9046-5d47-4b5b-9a45-49d6c3758b24","identifiersha","2025-04-07 08:26:12+00:00"
"0418449e1ca44d465a1dd31cd7376c37abcd47e4.jsonld","https://obis.org/dataset/9cb92452-386b-4a1c-9006-e9ce535cb886","identifiersha","2025-04-07 08:25:31+00:00"
"041906de560f7c2a3fa6ea33c35059e13332237b.jsonld","https://obis.org/dataset/e87af9fb-c8ab-4786-b1df-9ccec338d737","identifiersha","2025-04-07 08:26:17+00:00"
"04488a0775c0a8345c4b950c3c5c61fec47590fa.jsonld","https://obis.org/dataset/5d1b1b7b-3009-49a0-970e-9b7be9323906","identifiersha","2025-04-07 08:24:09+00:00"
"0451d008ba74170159a20619ef21670297911f65.jsonld","https://obis.org/dataset/001ddbcd-a655-4ff1-8c15-130217d98d76","identifiersha","2025-04-07 08:27:41+00:00"
"04620e86c31c53f717c8323c4a8e1dfe88285dd9.jsonld","https://obis.org/dataset/03ff8525-b899-4fd4-8eb4-676308b3aa21","identifiersha","2025-04-07 08:28:08+00:00"
"046e313ad377c8bd18d3291bcdf9491a2e112255.jsonld","https://obis.org/dataset/b1b7614c-bf13-47ee-bf73-af2c6d7a54e4","identifiersha","2025-04-07 08:25:39+00:00"
"048404e58435a9b12938202ca66535ead2aadae5.jsonld","https://obis.org/dataset/486e05c5-ad55-4273-956d-5acc1b3f3922","identifiersha","2025-04-07 08:23:07+00:00"
"04936b4892111ed155ffbb4508ac8e92e8a2bd6e.jsonld","https://obis.org/dataset/0b7a18e2-f627-4690-ae43-3f49e91c9f84","identifiersha","2025-04-07 08:25:15+00:00"
"04a2866aaf05662aab26781ecb318fa3ec23604a.jsonld","https://obis.org/dataset/0144c394-a96e-48dc-a9eb-ab418e6bffcf","identifiersha","2025-03-24 00:42:46+00:00"
"04bb5282934c644176328a8448c5c97404e2dd47.jsonld","https://obis.org/dataset/1e7edbca-8507-4abd-8acb-afa15845b614","identifiersha","2025-04-07 08:28:31+00:00"
"04cb7433f68a06a4b30ff19c446f48beeda3c5ee.jsonld","https://obis.org/dataset/962376fb-152a-4dca-be24-a79ad245ca4d","identifiersha","2025-04-07 08:23:43+00:00"
"04d5be74c2d8410ca867bc8aaa8e58c1634df1c6.jsonld","https://obis.org/dataset/79511c09-9498-43ad-a7d5-a733b9da3be8","identifiersha","2025-04-07 08:25:50+00:00"
"0501bf95125be10252883d0f34afed2afcbb764c.jsonld","https://obis.org/dataset/4b2819b7-872e-4854-b3f1-d91431a115a7","identifiersha","2025-04-07 08:24:16+00:00"
"050d5813f45f223d12e522581956d7be0bd7eb61.jsonld","https://obis.org/dataset/5b235cbe-37fb-400a-bd59-d03aad7c8fc4","identifiersha","2025-04-07 08:22:47+00:00"
"050f891d642572bbdcebffb47613884fa51aee42.jsonld","https://obis.org/dataset/d4104a3b-5ec7-496c-aaff-546fe5d86948","identifiersha","2025-04-07 08:25:10+00:00"
"0513f016c06ee0460cf1a16ccc2d4af92007b725.jsonld","https://obis.org/dataset/c58e136b-58a0-40fc-9ecf-669874987000","identifiersha","2025-04-07 08:27:50+00:00"
"052123dbad47194503f02867a3501ee9f02b5b41.jsonld","https://obis.org/dataset/0da744a6-38cc-473b-a2ea-b44202272036","identifiersha","2025-04-07 08:23:03+00:00"
"0536ea2ebec4531158f51f1d7714358c9b9ea999.jsonld","https://obis.org/dataset/5c1cdfd9-be24-4086-8fde-de0831d18fe9","identifiersha","2025-04-07 08:24:33+00:00"
"053e5912f24b377435fe613130d0bda556cbd825.jsonld","https://obis.org/dataset/cad31b12-0f59-4abf-9109-cb09ea40c297","identifiersha","2025-04-07 08:23:30+00:00"
"0545e2da4ffca01bd5dd1f6b8c71d44c7a890929.jsonld","https://obis.org/dataset/413657ae-72f4-4466-b9cb-f5e98230582a","identifiersha","2025-04-07 08:23:46+00:00"
"05476ff9565fd96881b729e848de5bffcadfdf02.jsonld","https://obis.org/dataset/17cb6ba1-1b99-4715-9d8f-1a435537928a","identifiersha","2025-04-07 08:26:10+00:00"
"0577dd5da7fc260e9939de765390d48e6b175dfe.jsonld","https://obis.org/dataset/b9e99d1c-94c8-43b3-9075-a51dab157c7e","identifiersha","2025-04-07 08:24:25+00:00"
"0584e97558ee886349ffc84d3a0ed3274eb507af.jsonld","https://obis.org/dataset/5cee0d88-c2bd-47fe-9a02-5e1a34af8fb3","identifiersha","2025-04-07 08:23:40+00:00"
"05899636948b143b1a8681252a5a0cc30967874c.jsonld","https://obis.org/dataset/a47ec11c-94b0-479d-b186-a5cdf82c5a95","identifiersha","2025-04-07 08:23:34+00:00"
"05a0af2fc843db10611283c160fda8f6705e4c66.jsonld","https://obis.org/dataset/c9d0624e-0bf4-4044-a828-9a25e81cf587","identifiersha","2025-04-07 08:24:01+00:00"
"05b1aa1cf616876d306baa651e79001fe65c348f.jsonld","https://obis.org/dataset/8bec8652-1cbe-4710-beac-36294359f012","identifiersha","2025-04-07 08:24:30+00:00"
"05bc97585b5d66082a8202c1d7729efeee8a2d7e.jsonld","https://obis.org/dataset/65c1bbe4-fcc1-49cf-9fac-7bf8f4040ef4","identifiersha","2025-04-07 08:26:10+00:00"
"05cfc2723d78afaebe8060a49d4abaf83031b090.jsonld","https://obis.org/dataset/861b081f-8e2e-4ad4-ae69-4214f40dce98","identifiersha","2025-04-07 08:26:22+00:00"
"05d0a356f139abe431979f10c4fa750094af46e1.jsonld","https://obis.org/dataset/4fbae3cc-5d1b-4b54-933f-258e8cba69f8","identifiersha","2025-04-07 08:26:48+00:00"
"05da5814b472c4f7b9c91608f1d4695b3e9ccbaa.jsonld","https://obis.org/dataset/aba54da8-5ccb-4670-b4f8-8b2377d39c55","identifiersha","2025-04-07 08:27:58+00:00"
"05ddf7d31c192c2d739251b8fb2740116f3177c3.jsonld","https://obis.org/dataset/07574d33-c6d7-4c80-9132-da186f68df87","identifiersha","2025-04-07 08:23:57+00:00"
"05e6eef02b7c9fe979a37b2ad616d96daa0ac2f9.jsonld","https://obis.org/dataset/03a05731-fe72-4958-827a-5d055876b441","identifiersha","2025-04-07 08:27:14+00:00"
"05ec1e2c9fb2dd1cde85f6e357a81e9efb87ef3a.jsonld","https://obis.org/dataset/e9380dae-ecde-4e00-b780-45d3850ae7aa","identifiersha","2025-04-07 08:25:16+00:00"
"05f4f54de3c2cfc93f03cf5a5918059580f23e59.jsonld","https://obis.org/dataset/3d8430ee-0281-4271-8449-67394407bc23","identifiersha","2025-04-07 08:23:21+00:00"
"05f83049885b2a5f1156e79fe20c117698f20984.jsonld","https://obis.org/dataset/bff60a89-23bb-4f31-9b40-7bbf2bb19b77","identifiersha","2025-04-07 08:23:08+00:00"
"060a946d447e002cddb29e885e0dc891d611615c.jsonld","https://obis.org/dataset/4db08411-d5ce-43fa-a363-9d7487b0a153","identifiersha","2025-04-07 08:28:07+00:00"
"061af3f735532a62c2e79be28074f90a415cc938.jsonld","https://obis.org/dataset/fbe2316e-2c26-4236-a716-cd039a86a30a","identifiersha","2025-04-07 08:26:40+00:00"
"062308af076d7b1228288d184fa273feb90fa9db.jsonld","https://obis.org/dataset/7cc6bbd4-b9dd-4d0e-a157-7bde083a3ae4","identifiersha","2025-04-07 08:22:28+00:00"
"06315b8ec4f1c0a04f386d4c36673924a41ef60a.jsonld","https://obis.org/dataset/4fd95328-42c6-44cb-9347-64282f4946d5","identifiersha","2025-04-07 08:23:29+00:00"
"063a97d68008e46d8d232b6473e720c5abba7762.jsonld","https://obis.org/dataset/6d226f3c-669f-428c-b80f-4cec3606a6fb","identifiersha","2025-04-07 08:27:31+00:00"
"0643f349eb5dd78b94b8258dee4e0d714ad4d46d.jsonld","https://obis.org/dataset/3e2bae53-e40e-4954-8e95-d83dd4ef4a98","identifiersha","2025-04-07 08:25:33+00:00"
"06456977c0bbdde3ce3f60fdf0f692c8d653e3c8.jsonld","https://obis.org/dataset/31794bd5-7feb-4c3e-8ca7-99378bf63761","identifiersha","2025-04-07 08:25:11+00:00"
"0666231f46a83c1bcaad3bb9d8fb782c507a9c17.jsonld","https://obis.org/dataset/23070c76-ee0b-4ffe-8956-733c06cd6f69","identifiersha","2025-04-07 08:28:02+00:00"
"06666cc48889fb78a1b0cf2ee123efeb9f1cea44.jsonld","https://obis.org/dataset/2a2737f0-caae-4a4f-874f-612cb43ff1bc","identifiersha","2025-04-07 08:23:53+00:00"
"066f39909ebcc150e3d4997e24bca36ec4b8cbfd.jsonld","https://obis.org/dataset/1e15f922-f410-49c3-9ba7-141d8ddbf2bb","identifiersha","2025-04-07 08:27:28+00:00"
"067519d09c31dffee8f228cb68377cf6a7a2704a.jsonld","https://obis.org/dataset/2459a8cc-4430-462a-bc01-a6d238aea7ae","identifiersha","2025-04-07 08:28:29+00:00"
"06845fc8f0046cb94d4b9e4bac9e542f9c24eada.jsonld","https://obis.org/dataset/28e4230a-cfca-47f1-a530-4f1179307336","identifiersha","2025-04-07 08:25:49+00:00"
"069202791c96d2ef0ec2f1c6d82cb96efad9ad6d.jsonld","https://obis.org/dataset/dbee4421-893b-4d30-9b8a-a7dbf05032df","identifiersha","2025-04-07 08:24:09+00:00"
"069612a82267ea0b6bcf4da469f7cc4ef83b19a2.jsonld","https://obis.org/dataset/6ff3ef36-6fdc-46a3-bd30-21030a643c98","identifiersha","2025-04-07 08:25:05+00:00"
"069a7cf9e62b2df883acb2b10ae44c43d7aef24a.jsonld","https://obis.org/dataset/ac601ddd-503c-4062-9450-09e473f8d9d9","identifiersha","2025-04-07 08:27:18+00:00"
"06a785d8e08a5cbd8e7576350723575006d3125d.jsonld","https://obis.org/dataset/d50e55b7-b0a2-4e2b-91b5-9fbfdc3c95ef","identifiersha","2025-04-07 08:26:28+00:00"
"06b8a3eed5d9e7744eae0a88d3b7a1daa46cd94a.jsonld","https://obis.org/dataset/98f8137f-5524-4eea-8ea0-984f81a5153f","identifiersha","2025-04-07 08:24:26+00:00"
"06c1a8ce0a06dc4e8d50a9a825ccb0a37aa0da76.jsonld","https://obis.org/dataset/ba7341db-d533-492d-b52c-569b1fa806ab","identifiersha","2025-04-07 08:27:24+00:00"
"06c79cedbb63cf3e468fda4d2194c99da4c320ea.jsonld","https://obis.org/dataset/219460e6-ceb3-42eb-8216-fa1d2d09a3c1","identifiersha","2025-04-07 08:28:39+00:00"
"06c9867d5cc5c1c8f894f237200b8bc16d0977fc.jsonld","https://obis.org/dataset/90399c94-5dc8-4281-be23-c6b492782b56","identifiersha","2025-04-07 08:26:25+00:00"
"06ca02fb5cd002e52e6e476905f9a15313309f1d.jsonld","https://obis.org/dataset/ae5e77ae-4df2-4559-9493-43be535d250d","identifiersha","2025-04-07 08:27:07+00:00"
"06ca10b0e563b6cec2e37b7cdc1d7723686316f0.jsonld","https://obis.org/dataset/7a4427f6-67ee-4cc1-b95f-3045523420a1","identifiersha","2025-04-07 08:22:57+00:00"
"06f700a2df75faedc05f02b88c369dcc99accc77.jsonld","https://obis.org/dataset/a20a5836-2902-43cb-b505-74b281300e91","identifiersha","2025-04-07 08:23:30+00:00"
"06f7b342e7c360b4517a3a19541148efa31c6527.jsonld","https://obis.org/dataset/f11a783e-9ff0-46dc-b7b7-803513b8c12e","identifiersha","2025-04-07 08:28:15+00:00"
"0701107db024351fbb4be6ca8fc4de3455acd058.jsonld","https://obis.org/dataset/0e7e6508-9ea6-4ac1-867b-ad6f89b44888","identifiersha","2025-04-07 08:24:38+00:00"
"0728722b5fd6be4955a69254f1d83643e5ed03ba.jsonld","https://obis.org/dataset/6b07e4bb-4bfb-4d38-a2f4-db945248f215","identifiersha","2025-04-07 08:24:22+00:00"
"0739a0c7f88bc89fb2ca022f8ae41929e23c9424.jsonld","https://obis.org/dataset/87b76c35-0bcc-41e8-9398-32acd4c3c864","identifiersha","2025-04-07 08:28:00+00:00"
"076290720833c24678c2ed7390ca8b2aae007824.jsonld","https://obis.org/dataset/6142952e-7bbc-434f-a055-6bf140e6463d","identifiersha","2025-04-07 08:23:14+00:00"
"07682510adac2e44fc39b7132c5de22cd07ba255.jsonld","https://obis.org/dataset/98ff481f-419e-4ba7-b64a-08641acbb7d7","identifiersha","2025-04-07 08:25:52+00:00"
"0777bd11ffc540afa24af61d87d2256c9c8bb249.jsonld","https://obis.org/dataset/45fc0c67-0761-4927-8dfb-34814794d1a3","identifiersha","2025-04-07 08:25:58+00:00"
"077bcf4be7b7a4a12d44f844560c5f3a41c6fb6a.jsonld","https://obis.org/dataset/378dedc6-2371-48cd-9451-6b6dc70d322a","identifiersha","2025-04-07 08:28:28+00:00"
"07858f974e60db089d349c23806343d0339db050.jsonld","https://obis.org/dataset/f70dc53f-b24c-4e6a-817f-7cd08bbe49ad","identifiersha","2025-04-07 08:24:30+00:00"
"079269f7d69b915f04feb12a808e7371cd3524fa.jsonld","https://obis.org/dataset/2d9b870a-e46a-43c8-872e-c77ca1c1c8a3","identifiersha","2025-04-07 08:23:46+00:00"
"07951baa00c140a2d86ac1a553db593bc4f3dee5.jsonld","https://obis.org/dataset/7cfdade7-d4c1-4b41-8fce-5cc5e7b41cd3","identifiersha","2025-04-07 08:25:38+00:00"
"0797634ebb125a656fc46e4f2b4d22b877eeef9b.jsonld","https://obis.org/dataset/ac9233e9-170a-49ab-9505-46f09ac3c90f","identifiersha","2025-04-07 08:22:28+00:00"
"079f8041f34f6f0cf3a1c79b492d629cd1732df7.jsonld","https://obis.org/dataset/7dc633b1-f652-4cc4-8d89-5bfa7e208ed8","identifiersha","2025-04-07 08:24:37+00:00"
"07a6c7e1fffd58e15c8dc632d7a866e1adbdf738.jsonld","https://obis.org/dataset/a4f58b58-c6fc-4a69-8f58-8f061dcdaf43","identifiersha","2025-04-07 08:25:33+00:00"
"07bf0a29239a996a8c38284faa4af125f8e6c9fd.jsonld","https://obis.org/dataset/6c7069ec-4541-4b66-8211-528b60a7dd3d","identifiersha","2025-04-07 08:28:05+00:00"
"07ccd04195d1df45937c9ef650ba44d165604854.jsonld","https://obis.org/dataset/67cbcff9-7799-49e1-943a-4e431eea99b8","identifiersha","2025-04-07 08:24:02+00:00"
"07dfd8ae160db2a7c252a07a859bdc717f704ceb.jsonld","https://obis.org/dataset/450dcada-8b44-4b1a-838a-9a9e5bee19de","identifiersha","2025-04-07 08:23:54+00:00"
"07e6c21588abace3e232a5ae14e9f1d550c275b8.jsonld","https://obis.org/dataset/830af6be-fabc-4ecd-b95c-eb2a20c7f081","identifiersha","2025-04-07 08:26:24+00:00"
"07f2000c960ce90fb11220c9a5cd143eef8a9f0c.jsonld","https://obis.org/dataset/35e76423-1101-4e96-880b-b10d39997e8c","identifiersha","2025-04-07 08:23:40+00:00"
"08074c59ae3600dbb92420363983865bd2b2335e.jsonld","https://obis.org/dataset/5061d21c-6161-4ea2-a8d4-38f8285dfc47","identifiersha","2025-04-07 08:22:25+00:00"
"080d7b581ddca45fb83483ce224e10bbb8afff0e.jsonld","https://obis.org/dataset/9f8d7324-1caa-4338-a123-9bbb0c60285b","identifiersha","2025-04-07 08:25:02+00:00"
"081587d5957e81a453f2a95245c5c997e3732443.jsonld","https://obis.org/dataset/a359638a-346d-4b72-9170-0730e7d79b61","identifiersha","2025-04-07 08:28:10+00:00"
"081e8f346dc9a2b69a86cc98bbf052d62fc37bca.jsonld","https://obis.org/dataset/6c79d92b-6483-4fc4-8b13-2361dad92f1c","identifiersha","2025-04-07 08:24:01+00:00"
"083678d619acbdf489945a14638f9d1bdfe17a1c.jsonld","https://obis.org/dataset/1da4e98c-2b0a-499f-a869-15731d560b01","identifiersha","2025-04-07 08:25:05+00:00"
"083738ad7c60a87e268fe232312a5aa7522eb510.jsonld","https://obis.org/dataset/d334fddc-4e6c-49a8-9aaa-05042139a386","identifiersha","2025-04-07 08:27:36+00:00"
"08395cca3657c50352550c721521f8ca67eb831b.jsonld","https://obis.org/dataset/153c983e-58a0-408d-8385-6226b67fcad1","identifiersha","2025-04-07 08:27:43+00:00"
"084599e888d2621fdffbac639c022c69b0767941.jsonld","https://obis.org/dataset/2e6b3ab9-2746-4a07-a289-884256f81bed","identifiersha","2025-04-07 08:24:41+00:00"
"084d33b3df68bf37b6153d621cdaecda78699102.jsonld","https://obis.org/dataset/89e3bd22-3872-43f9-866d-20be987b5519","identifiersha","2025-04-07 08:23:10+00:00"
"084d9dc58f8d5002a80b8a864de573dc02386b8e.jsonld","https://obis.org/dataset/64fa6da6-bf42-413d-8d09-9500c71001a9","identifiersha","2025-04-07 08:25:42+00:00"
"084ea30e739b1a59f732b9d8ccef2aeab8f6990f.jsonld","https://obis.org/dataset/b73571d5-10c6-4d1f-9d09-fec2c2f2f251","identifiersha","2025-04-07 08:28:27+00:00"
"0855caea1637aed0139d7e5a27bbeca5d67e1534.jsonld","https://obis.org/dataset/185fe84e-91f7-4f2c-b2ac-115116c7111e","identifiersha","2025-04-07 08:22:48+00:00"
"0856cedc5df31f62938ca39cfe1599791cf5177e.jsonld","https://obis.org/dataset/58e533c3-8f4b-4fc6-ae44-20f85ecf58c8","identifiersha","2025-04-07 08:26:07+00:00"
"086b3b060c197a224369e77c4f236500d4f3994e.jsonld","https://obis.org/dataset/4da863f1-ab83-4af1-afbe-7a61f2e81054","identifiersha","2025-04-07 08:25:38+00:00"
"087eedd25e5a6e7e4976d5259dfbc9f7468575fe.jsonld","https://obis.org/dataset/91fc21b8-51c6-4412-a906-d8863ebf0d65","identifiersha","2025-04-07 08:25:38+00:00"
"08b58fb549167bc341df169115c7d8d0a71bfc93.jsonld","https://obis.org/dataset/9f7105b3-fe54-46ac-b3df-8c66877885c0","identifiersha","2025-04-07 08:25:59+00:00"
"08b75b68e2735da61f698af4d9d22384d3cd33a7.jsonld","https://obis.org/dataset/17493494-2170-4e2d-bc37-d1c7334c6521","identifiersha","2025-04-07 08:25:44+00:00"
"08b87d236bdd0a53387dd896a8ad5a46df7db6d0.jsonld","https://obis.org/dataset/4b0fd78e-c074-4b7b-a716-adf7e3917776","identifiersha","2025-04-07 08:22:28+00:00"
"08cd58a1f8bccd76a0cb12823c1a0f1ee854e5b7.jsonld","https://obis.org/dataset/c51bd401-4ccc-4550-a35c-1b00e521e720","identifiersha","2025-04-07 08:26:40+00:00"
"08cd655e472f61052fb858d1d5ccc7c8d906a261.jsonld","https://obis.org/dataset/ddb8229a-97b4-4e48-9038-f8a1a39a041b","identifiersha","2025-04-07 08:25:30+00:00"
"08d342b6c501b3db6aa7c1f319b999c81cd02e48.jsonld","https://obis.org/dataset/1989b957-2ef5-4402-8a58-9a72eb3cf613","identifiersha","2025-04-07 08:23:33+00:00"
"08d616cd51d233a2a0e0573439b8b658462cbce5.jsonld","https://obis.org/dataset/a9703223-de3f-43ac-a717-bc386cbb79fd","identifiersha","2025-04-07 08:25:01+00:00"
"08e6519afbf33af09aed715b70ba8383d89a2c75.jsonld","https://obis.org/dataset/3c543ab7-1057-4689-bffa-5c66642e1d3d","identifiersha","2025-04-07 08:25:54+00:00"
"08edf475f115dc3e1376655d00aa216deca73c0f.jsonld","https://obis.org/dataset/8fd6f2f5-ee1c-417c-8940-a2c6b46067b3","identifiersha","2025-04-07 08:25:44+00:00"
"08fa5b74d484e99054876a128a5ed5112ff26683.jsonld","https://obis.org/dataset/54474b5f-6934-4e5a-a2c5-4ff1c994424b","identifiersha","2025-04-07 08:26:28+00:00"
"091e2ce9df3a0f46f7d236fa3e984c9eee4fb9b4.jsonld","https://obis.org/dataset/0393c368-5ef8-4dc2-8cf9-2d49e9117381","identifiersha","2025-04-07 08:26:20+00:00"
"091edc52e7fa671b78dd1d1825b2cd893f8b8b69.jsonld","https://obis.org/dataset/519e0e77-1a8e-4d1f-b82d-0127655b8963","identifiersha","2025-04-07 08:28:25+00:00"
"091f9af5dd00a26ca18c5da078ca22b4b64788f9.jsonld","https://obis.org/dataset/8d8b347d-4b04-41ea-a122-048fbecab4d7","identifiersha","2025-04-07 08:24:43+00:00"
"092eb03d60d51b6dd2141030a7fbb4be0018d8d2.jsonld","https://obis.org/dataset/02e341d2-e26b-4789-ac61-f142a7b9304e","identifiersha","2025-04-07 08:24:47+00:00"
"094d5c122d4522a8e23bd4dd7b5f73e0d2bfea1d.jsonld","https://obis.org/dataset/c8303601-96e9-4e65-aaf3-1ea80188fedb","identifiersha","2025-04-07 08:27:33+00:00"
"0952fa0d20a4aad31d68e1a8f47262e2cb183f28.jsonld","https://obis.org/dataset/438b8f02-3421-4b2c-a5b2-5934ab76f47b","identifiersha","2025-04-07 08:23:02+00:00"
"096df7cd62c67ff6c18d164a7ac7ea7c9fa78c85.jsonld","https://obis.org/dataset/1817ebad-8a31-4152-861a-f17ce5374e6f","identifiersha","2025-04-07 08:28:32+00:00"
"098a961c55590812e34f8d9989d7633b5bd68b20.jsonld","https://obis.org/dataset/38323897-76a3-4659-9d1b-d23b222edf31","identifiersha","2025-04-07 08:28:25+00:00"
"098be7b89c32ff60b2b8813ed047fb730e97106b.jsonld","https://obis.org/dataset/a1001ed6-aa6a-49e6-8faf-da903074eae1","identifiersha","2025-04-07 08:27:45+00:00"
"098e71be9bbf328c77ac7b81339b768121790c67.jsonld","https://obis.org/dataset/5682c3fa-7c31-43ae-bce1-e0c38a02d7e7","identifiersha","2025-04-07 08:27:09+00:00"
"099019919dde03eb1f9a5c1b876b4e71c1f616e1.jsonld","https://obis.org/dataset/205def75-ff7d-416b-abf7-d12ac8d5d660","identifiersha","2025-04-07 08:26:39+00:00"
"0994f03b8479b7730a0da9672437f41b59e4d0e1.jsonld","https://obis.org/dataset/e56bca5d-49eb-4f0a-9585-7aa2854d4e25","identifiersha","2025-04-07 08:24:56+00:00"
"09950b277078ed9895ae2e584076a1b39766cfb5.jsonld","https://obis.org/dataset/a75ada17-6a55-4266-a1e8-158c5cebd55e","identifiersha","2025-04-07 08:22:52+00:00"
"0996e626f0c9910f8253f279d1eba5b441b5af4a.jsonld","https://obis.org/dataset/6b7a8fc5-84cd-4075-9328-79d2771086aa","identifiersha","2025-04-07 08:24:11+00:00"
"09bfcc524739064c0093f3ac2d3975625d9f1c09.jsonld","https://obis.org/dataset/b3821368-8599-47b4-b13c-4ccfbed920b4","identifiersha","2025-04-07 08:26:37+00:00"
"09cb176decbcb4e33d113d0b66f7f3bd70cde89f.jsonld","https://obis.org/dataset/b64d0b3b-b33f-433a-b4e7-45166a92a7a1","identifiersha","2025-04-07 08:26:29+00:00"
"09e68e9e97f9fd112830bbf136c7f5f8745beab8.jsonld","https://obis.org/dataset/b0c357b0-a72e-4c9c-81a4-9975a89d3fe0","identifiersha","2025-04-07 08:27:40+00:00"
"0a0599c920601623a66bc90dafed36cfddc200c8.jsonld","https://obis.org/dataset/d8b738c8-6eda-4735-8136-53630eedab6a","identifiersha","2025-04-07 08:22:59+00:00"
"0a0b9f4fc1bbd6e78650bb16c4f54574514b31f7.jsonld","https://obis.org/dataset/fcce0330-1874-4403-9adf-1cc899b59221","identifiersha","2025-04-07 08:25:16+00:00"
"0a0f04b6988800cba5940b5b10c11099667d3b1e.jsonld","https://obis.org/dataset/5b758cc0-027f-44a9-8d31-5ca652a4e4d0","identifiersha","2025-04-07 08:25:13+00:00"
"0a13c3cc2ce893bcac76e1e624d174850fc52214.jsonld","https://obis.org/dataset/01bbd84c-d271-4ba3-ac22-3fcf07701eb6","identifiersha","2025-04-07 08:25:42+00:00"
"0a244ad1e50c934091c5d0281c283f4a39914212.jsonld","https://obis.org/dataset/e3a77f70-7147-4a94-a067-98b3fb9b36fc","identifiersha","2025-04-07 08:26:34+00:00"
"0a38d6d1bd0c03594c805d37e119f8ed6a5537af.jsonld","https://obis.org/dataset/d88dbd68-bbca-4fa1-86d8-e03a2cee92b1","identifiersha","2025-04-07 08:25:02+00:00"
"0a41bc0a33df0c222f8875336f800ae93a037a36.jsonld","https://obis.org/dataset/f5b4e810-ebf4-4d8d-8f9a-f771c6197c59","identifiersha","2025-04-07 08:24:56+00:00"
"0a4da5c117e54374ccfecf7193d39c821357b649.jsonld","https://obis.org/dataset/debc8f44-f70f-4d30-821e-d3a705f62cfb","identifiersha","2025-02-24 22:26:54+00:00"
"0a54e90c30684d936af88f273b9deb562e984989.jsonld","https://obis.org/dataset/cd23a389-b511-4bba-8da8-e26d3d00cb0e","identifiersha","2025-04-07 08:26:50+00:00"
"0a62ca58b363dcfb73fc6a431f99ed4308c2f6e5.jsonld","https://obis.org/dataset/ca341e27-4fb5-4b65-abff-9e0d75e0572b","identifiersha","2025-04-07 08:27:09+00:00"
"0a637a77de79ea34f0e26b88f3543c8ce06223f6.jsonld","https://obis.org/dataset/f5cf3e40-6586-427e-b335-36690170c698","identifiersha","2025-04-07 08:25:56+00:00"
"0a675a6f14f4a7191f7e60bc646c9e447849d2ce.jsonld","https://obis.org/dataset/9467d03f-f291-4a59-94ec-754b3814043f","identifiersha","2025-04-07 08:24:24+00:00"
"0a6e8f10ec7c697025329839b7b314d2b8e3a66f.jsonld","https://obis.org/dataset/7da03e8e-e9b8-40f3-bf15-ce8113dd8038","identifiersha","2025-04-07 08:24:32+00:00"
"0a87ed92db5da22d68cfe928531aa04858550382.jsonld","https://obis.org/dataset/7c1ddf03-01e9-4b51-9d38-efa166499883","identifiersha","2025-04-07 08:26:47+00:00"
"0a90b0e93d43592c8d2f66c07b12c472034e213a.jsonld","https://obis.org/dataset/5eaee866-0aa3-40c4-bf5f-a09e04f9d1f7","identifiersha","2025-04-07 08:24:49+00:00"
"0ab409798491de8096995521e7ca75a8c2d48c5f.jsonld","https://obis.org/dataset/46053d5d-d530-4e92-8ec4-2df2e7a8b15e","identifiersha","2025-04-07 08:23:59+00:00"
"0ab96c25a73ee6ad281cdbf08bf0579282c614fc.jsonld","https://obis.org/dataset/a326b7a3-1e74-4ae9-95d4-6b38d889cbe9","identifiersha","2025-04-07 08:23:06+00:00"
"0ac156a1c9e2a9a27dde985e481ecd781da40301.jsonld","https://obis.org/dataset/80d96759-eeb8-4d68-9413-82425fa582d0","identifiersha","2025-04-07 08:24:26+00:00"
"0aced7949f188b04576f44ee78b1e7712809dcfd.jsonld","https://obis.org/dataset/9c215c9b-8055-4d71-bf86-3ec62618256c","identifiersha","2025-04-07 08:23:21+00:00"
"0ad615c6492db34a4f635c6d27e53463ded3a1d7.jsonld","https://obis.org/dataset/caedb284-3aee-4638-b8a9-ce6766992445","identifiersha","2025-04-07 08:28:04+00:00"
"0adc5c68993b0b82158826aef884e189c8d0abff.jsonld","https://obis.org/dataset/513e4437-9cc7-4383-9a69-1bd18ec2046a","identifiersha","2025-04-07 08:23:25+00:00"
"0af0d9ee96b2ab48f9dffec0b6ecb61d59c6d889.jsonld","https://obis.org/dataset/84bc59cf-a15e-4708-81b8-2b25931fb22c","identifiersha","2025-04-07 08:26:49+00:00"
"0af5137ec9e606027574027ce645e0ec00e4c415.jsonld","https://obis.org/dataset/d446d7f3-19c6-4e91-93de-1d030bd57116","identifiersha","2025-04-07 08:24:28+00:00"
"0af6c2a30be9a9263af4bad6f2bfd0badf891232.jsonld","https://obis.org/dataset/6e6e2c56-c255-44b2-a7e6-00ebcb786037","identifiersha","2025-04-07 08:23:53+00:00"
"0afda31364d96e7b3d4b5bc8ad7026de8f4776de.jsonld","https://obis.org/dataset/89d29a41-a020-49ee-ba2a-f7505f34d563","identifiersha","2025-04-07 08:26:39+00:00"
"0b045f69f44248d48d4bed9d744471918c4f3684.jsonld","https://obis.org/dataset/03ed2433-0f53-4299-83d6-b5bca6f2a5a3","identifiersha","2025-04-07 08:25:07+00:00"
"0b09349bdcebd4af6dff89040ccf8c206a9b0c95.jsonld","https://obis.org/dataset/08d6a561-fe83-47cb-81dd-913353935c18","identifiersha","2025-03-24 00:30:52+00:00"
"0b1dbb188a84ee6f627ed1f02dfc4b0895e94ba0.jsonld","https://obis.org/dataset/f4d2bfe2-928d-4044-82de-66b2591362cb","identifiersha","2025-04-07 08:25:34+00:00"
"0b21168d43cab78275b5ee286d7294d342f25fe8.jsonld","https://obis.org/dataset/c0c05803-63d7-434d-b7f6-db638d57ab36","identifiersha","2025-04-07 08:25:46+00:00"
"0b2240eb497085c1376a6b8f14f615ce81957fea.jsonld","https://obis.org/dataset/cb2f31bf-83da-438e-bc48-776ee2573f77","identifiersha","2025-04-07 08:22:55+00:00"
"0b23bddd7890c874b4754231aa3dea687722581e.jsonld","https://obis.org/dataset/b981b947-e3bf-4369-b84b-ace7279427fd","identifiersha","2025-04-07 08:27:09+00:00"
"0b24718c6e4237b26a17ae73b2926a72e62cd122.jsonld","https://obis.org/dataset/47963083-c127-4cd6-a435-23353b44be94","identifiersha","2025-04-07 08:24:28+00:00"
"0b475a106a6f7ba5bc46cd79d0288f554a1a370e.jsonld","https://obis.org/dataset/f38e309b-60c0-4f79-8e6e-68dd7cef52b7","identifiersha","2025-04-07 08:25:32+00:00"
"0b608a4a3fc2971270c321e82a32b788b3d60d9f.jsonld","https://obis.org/dataset/2ef8e892-0119-42b5-a0cc-8f9850bee6c0","identifiersha","2025-04-07 08:27:56+00:00"
"0b67145575943d868aeb41c024420ceb99055c1b.jsonld","https://obis.org/dataset/04b9b456-af23-43e7-8125-20a13df77c48","identifiersha","2025-04-07 08:23:30+00:00"
"0b6b34f6cb00f89192879eff2baaa700b20aa328.jsonld","https://obis.org/dataset/1618ada2-606b-4b4e-83ec-f00cfaa8cef2","identifiersha","2025-04-07 08:25:17+00:00"
"0b7838e3845cc2d267056fd9a6482af7150ce09f.jsonld","https://obis.org/dataset/ea56beb4-68fc-45e5-b975-fc3fedc87ce8","identifiersha","2025-04-07 08:26:20+00:00"
"0b9c1b721daa0f6c82e04384313ff7a16fb0d6c7.jsonld","https://obis.org/dataset/e26b9062-4279-42ab-a457-1b2ebc30d35e","identifiersha","2025-04-07 08:24:05+00:00"
"0b9d905864e4c167cc4449aec2c57e734548c7a1.jsonld","https://obis.org/dataset/1462deb4-447f-4930-a2fa-cd8a76420496","identifiersha","2025-04-07 08:28:19+00:00"
"0bb4ef13631c4711b1dd29e8a403c4b824fae25b.jsonld","https://obis.org/dataset/00f3beba-a517-4cd5-ab24-575aa52779f9","identifiersha","2025-04-07 08:23:51+00:00"
"0bc0a4ad6d83e151d9369c3bc078daa8c0e9e063.jsonld","https://obis.org/dataset/dccfa92a-2191-4c17-90e5-614358499adf","identifiersha","2025-04-07 08:26:50+00:00"
"0bc108a0d340a6e2080091d7d9a2183261520814.jsonld","https://obis.org/dataset/1c0f0c8c-d22c-4710-bcec-07e1fbe87805","identifiersha","2025-04-07 08:26:18+00:00"
"0bd2361f8f91fcc5019e6adaf0650513ef2e8e2e.jsonld","https://obis.org/dataset/889c5609-1351-4575-84d8-95c58f7deec8","identifiersha","2025-04-07 08:28:39+00:00"
"0bd50045088588e16449c1b1f019781e50ecb14c.jsonld","https://obis.org/dataset/d7bdf4c6-7418-4c4a-9845-311d5b9475a3","identifiersha","2025-04-07 08:26:11+00:00"
"0bdac20f759293edbc76902a156aac596368bd3e.jsonld","https://obis.org/dataset/ead750c0-f9ed-4c63-9927-ba06f8a84772","identifiersha","2025-04-07 08:23:36+00:00"
"0be0618a28d9086e818d75a9f260bd226b178c73.jsonld","https://obis.org/dataset/85194a3f-bbfa-4fde-80a1-95c6cbdabbca","identifiersha","2025-04-07 08:24:50+00:00"
"0beba99e1088d13a56c595f826ce86f34fdc1fc8.jsonld","https://obis.org/dataset/276b09b1-0e57-4128-a8b1-c15998da3081","identifiersha","2025-04-07 08:25:37+00:00"
"0bf12841e77e26ea29108d184490a7b5fcab33ef.jsonld","https://obis.org/dataset/564d447c-4974-4938-b88c-a17a65603d8f","identifiersha","2025-04-07 08:23:21+00:00"
"0bf95730a04e57ceba646ee9d11e6f8bf1ca0acb.jsonld","https://obis.org/dataset/f4232a8c-8fac-4f02-a3d6-6f51763c9ad5","identifiersha","2025-04-07 08:25:30+00:00"
"0c07f12654b2d4ee2d8dedd50ebbf5a3c7804545.jsonld","https://obis.org/dataset/057208a1-7eb2-4ea2-b3d9-988605e12229","identifiersha","2025-04-07 08:27:27+00:00"
"0c0f2367368065961181d99f6421e9ead8ea1ad9.jsonld","https://obis.org/dataset/bbf8695c-634c-468f-a4c8-7c0bea9b857b","identifiersha","2025-04-07 08:26:06+00:00"
"0c1631824234ad43146996fa9272b5712117a983.jsonld","https://obis.org/dataset/907a4eb2-4dbf-4af6-b25b-86dc0d8a3eff","identifiersha","2025-04-07 08:27:32+00:00"
"0c2f2588fd75a7971ba6ecdc99ed5b8d859a4501.jsonld","https://obis.org/dataset/04080bb2-fd9e-4b44-8cda-b6db6157ea9e","identifiersha","2025-04-07 08:24:37+00:00"
"0c357d837ca3d644c4590f4db0b27492c129cd19.jsonld","https://obis.org/dataset/d13d69ac-1ecf-4df0-ac3d-7c767a47abe2","identifiersha","2025-04-07 08:26:33+00:00"
"0c3ce8eba921a2623fc56fe7738c09762c1de96c.jsonld","https://obis.org/dataset/88ec999b-056b-4b6c-a9d0-ae243e70349d","identifiersha","2025-04-07 08:22:38+00:00"
"0c54b2346754c552eda97de1ddbbe6fc0113e934.jsonld","https://obis.org/dataset/3e866061-37ff-46f4-9904-b7434ce433e2","identifiersha","2025-04-07 08:25:18+00:00"
"0c5ea90843bd37f15e3f04356c794e68bfd9d579.jsonld","https://obis.org/dataset/0524da4b-6e66-4338-bf63-5ef2c63ae54b","identifiersha","2025-04-07 08:24:23+00:00"
"0c7cfb1103d3221635134d14b166681cff6f38fe.jsonld","https://obis.org/dataset/8da58e07-0391-4e08-bda2-cfa1e417fe6a","identifiersha","2025-04-07 08:26:33+00:00"
"0c820e8e31ff25cb3483509e50fe7e58b0fabea6.jsonld","https://obis.org/dataset/5ded37eb-bf01-46ae-9470-d5e2863fd622","identifiersha","2025-04-07 08:22:46+00:00"
"0c8a35695a3d26768c5efe6416536ebce9234b96.jsonld","https://obis.org/dataset/423b9149-9734-48a2-991f-ac0516f61e56","identifiersha","2025-04-07 08:27:32+00:00"
"0c8bb29d3d0a020e2982958d84898136c949f4bc.jsonld","https://obis.org/dataset/5916f12f-7609-4521-b5de-459ba91c793a","identifiersha","2025-04-07 08:25:31+00:00"
"0c9769a76a427ab226bf8e933060693e5dddc509.jsonld","https://obis.org/dataset/512f12ff-d7f9-49d0-b9e3-b9ceb68d837a","identifiersha","2025-04-07 08:25:10+00:00"
"0c9d387b2e95170b615f9f962f4d43c9ce96a45e.jsonld","https://obis.org/dataset/7bd0e1a6-dc41-4e1e-abe7-0eec0dd92317","identifiersha","2025-04-07 08:24:38+00:00"
"0cd09f8048353fbd96b76fc1ba4d5ec238dbcf36.jsonld","https://obis.org/dataset/17ce69d0-2504-4ae3-bc87-16b096863f51","identifiersha","2025-04-07 08:22:44+00:00"
"0cd0df68ea8e97d257e1f5b4320b3ff4ab73eb47.jsonld","https://obis.org/dataset/50f636cf-9dd4-4cb8-84a3-7105393bfdd7","identifiersha","2025-04-07 08:22:38+00:00"
"0cd2b9a653872f7539fb3c21eaa35fc97405c6c5.jsonld","https://obis.org/dataset/98ea0091-b38e-4789-be5a-9e70f54df36a","identifiersha","2025-04-07 08:25:35+00:00"
"0cdc88847614e77adcabdec14cf79f0743d53a55.jsonld","https://obis.org/dataset/4c06df3f-cbb1-4f3e-aba1-42fc99c35af0","identifiersha","2025-04-07 08:27:37+00:00"
"0ce6d3ab4925ca9f8b1283a41af409d11561222f.jsonld","https://obis.org/dataset/9ee7ef15-eeb7-478b-95ff-f31e24951001","identifiersha","2025-04-07 08:27:06+00:00"
"0ce73597ef5cc29522740ee12683a92112664513.jsonld","https://obis.org/dataset/f2c730f0-f684-4625-892b-43ada04e3733","identifiersha","2025-04-07 08:25:02+00:00"
"0cf002e49c2f3c6cac2e4388929ee35ffdd5904a.jsonld","https://obis.org/dataset/e936bf98-ff98-415c-94bf-d4a963443306","identifiersha","2025-04-07 08:27:50+00:00"
"0d002abdb0d78ff76ca52e0c2f4fd8408e2f62b8.jsonld","https://obis.org/dataset/c86e4868-b60e-4d27-900b-cb79c57ff14d","identifiersha","2025-04-07 08:25:44+00:00"
"0d18a8163f5765c510ffb93dbb95fd3788a316a8.jsonld","https://obis.org/dataset/9b38b0d6-7f0a-4a73-b492-746619b6de2d","identifiersha","2025-04-07 08:23:08+00:00"
"0d48f030dc8861cf8113e77a7eb6a7f66bc449c1.jsonld","https://obis.org/dataset/cc8f28ce-e48d-4945-abfe-9d150a22dcd6","identifiersha","2025-04-07 08:23:39+00:00"
"0d4cdce4b8dbfc78504bcc4da74aaffecf567385.jsonld","https://obis.org/dataset/74d67d71-2d25-4fa1-9a1e-df71c6af891e","identifiersha","2025-04-07 08:22:26+00:00"
"0d86d1f7d59c2528d72f07f723adc2d5d735a948.jsonld","https://obis.org/dataset/ec3076fe-6f5c-4e62-99c1-737f6e73399e","identifiersha","2025-04-07 08:28:28+00:00"
"0d89405f3a782542d1b85343f9cb4b6d373b5c37.jsonld","https://obis.org/dataset/8dc459ba-4493-4c76-b6ed-bd23d01c56df","identifiersha","2025-04-07 08:28:31+00:00"
"0d8fba84ff4e45d8ef72d30958d05e5ae19758bf.jsonld","https://obis.org/dataset/dc3da0d4-8bad-4b14-8122-2c83780fa314","identifiersha","2025-04-07 08:24:03+00:00"
"0dacd87237b94af8dabb39076c8d23f7a8c32d52.jsonld","https://obis.org/dataset/c5f3e1e4-af88-4990-ba7c-e6b7e7151f77","identifiersha","2025-04-07 08:27:51+00:00"
"0dd033e1a52d34ff3edaaa22934d7746ee49eaec.jsonld","https://obis.org/dataset/afef5da2-614b-4208-aee6-c2413ed5ab76","identifiersha","2025-04-07 08:23:28+00:00"
"0ddc5b5a8296d4bbb51a6e5a6dc1c416e38fb042.jsonld","https://obis.org/dataset/165b0831-9538-4cad-85f7-76ffda03fa3b","identifiersha","2025-04-07 08:26:12+00:00"
"0df16a157edc645a2b27e64a6ba0d844be1d5b1b.jsonld","https://obis.org/dataset/1b5c74ae-fdc2-4e98-804a-196ad3975100","identifiersha","2025-04-07 08:25:25+00:00"
"0e09adc50d53fd038d0c6f4aa1f3c3881bff56d1.jsonld","https://obis.org/dataset/fd844eea-528e-44a5-b510-6332a0314cbc","identifiersha","2025-04-07 08:27:03+00:00"
"0e12644536c148a650f67aa90261cf4d9560ae04.jsonld","https://obis.org/dataset/d44130bd-f23a-4731-a8df-5db44894fd4b","identifiersha","2025-04-07 08:28:34+00:00"
"0e1fea0efa392e9e89642865488a8f3e411ac33d.jsonld","https://obis.org/dataset/f96f51b2-a8c7-440e-b345-4607d242c610","identifiersha","2025-04-07 08:24:30+00:00"
"0e394aaf74bb935699ea972608a3f8d838150826.jsonld","https://obis.org/dataset/6078be2d-e1af-47b3-bd70-3956dd95f664","identifiersha","2025-04-07 08:23:04+00:00"
"0e41ac66286978730a8165b630d060dc67e70191.jsonld","https://obis.org/dataset/28caef26-eaf7-4233-b7c1-6bb4503c186b","identifiersha","2025-04-07 08:26:50+00:00"
"0e518365fde773433c4661492036258d86db9f6e.jsonld","https://obis.org/dataset/08c65d92-0969-4c47-9f83-0649c635de31","identifiersha","2025-04-07 08:25:49+00:00"
"0e557454e9708ffbe78c76964e58ea1dc4797364.jsonld","https://obis.org/dataset/b0b9bb8e-fa46-4781-a355-df9f2ed8be30","identifiersha","2025-03-24 00:39:30+00:00"
"0e634e25a65d65b8bea9d37b4960c9a442e3a4ca.jsonld","https://obis.org/dataset/2caa1720-388f-444d-8031-783117fd9f36","identifiersha","2025-04-07 08:26:34+00:00"
"0e681bfbfce7da07ae1c960b5d4d080f8162d46e.jsonld","https://obis.org/dataset/610fbe65-dd9c-480d-951e-2579525c5029","identifiersha","2025-04-07 08:23:27+00:00"
"0e73174fe5cc8a3d3e7a37eff74f0d5ce3dc81d2.jsonld","https://obis.org/dataset/7ec58a12-1f85-45d2-803e-232d3efe9404","identifiersha","2025-04-07 08:24:16+00:00"
"0e734358e6fa3e438dc79b997987303f2d2e0ff7.jsonld","https://obis.org/dataset/5bdba591-a6f0-4e9b-b542-e72795714aa9","identifiersha","2025-04-07 08:28:24+00:00"
"0e792b9d860e431e708657587df617978aa36f73.jsonld","https://obis.org/dataset/c8805f92-b7f0-487f-bbd9-42073e651377","identifiersha","2025-04-07 08:24:53+00:00"
"0e7cb90b248f993168302ee5b03ef903a28e4e05.jsonld","https://obis.org/dataset/c3aa6b9f-8409-4374-a481-5544222d8166","identifiersha","2025-04-07 08:23:42+00:00"
"0e80cdfab40fa1968d4f15b9cf38f2cb7b0c79e2.jsonld","https://obis.org/dataset/2b47cfee-0233-4bd8-8f12-58a2fc3c5556","identifiersha","2025-04-07 08:27:08+00:00"
"0eacfc7f84b390a7f5c0fe685c2585cd1fa54922.jsonld","https://obis.org/dataset/d321d706-d0aa-4f4e-811d-fe0d5d4d3479","identifiersha","2025-04-07 08:28:04+00:00"
"0ebfe9ac348f0d4b52a38b5f23d60d0ce15b3735.jsonld","https://obis.org/dataset/51a6caf1-9c75-4dba-9ee5-f4f6226a78f3","identifiersha","2025-04-07 08:26:27+00:00"
"0ece93dffdc49d0c557f62813bc3fd5cd9de6436.jsonld","https://obis.org/dataset/110ee213-a99a-4ea8-b4b0-2704e4656c70","identifiersha","2025-04-07 08:27:48+00:00"
"0ee6f7ac28ce5359f6f78a0f8b85ac4c284d0fe1.jsonld","https://obis.org/dataset/3f2ba120-22f1-4184-8343-df4b2071fd80","identifiersha","2025-04-07 08:24:29+00:00"
"0eed5c664fe382b4628942f204c97802a1144f08.jsonld","https://obis.org/dataset/bcd1a4f5-c99b-404d-b01a-47e8a5d80e2b","identifiersha","2025-04-07 08:22:34+00:00"
"0ef3214ea59fc63f3f2f12f67d4aec77d5ef181d.jsonld","https://obis.org/dataset/5a4aefc8-c01f-4dff-a3e0-57e0a9062d16","identifiersha","2025-04-07 08:27:04+00:00"
"0f229a794edd7daef9617bc6917b75f0586f6673.jsonld","https://obis.org/dataset/61dc18bb-e2ec-43a1-949c-120d58235b61","identifiersha","2025-04-07 08:24:31+00:00"
"0f23aa941d92e3673866186ede9f56e7854bc18d.jsonld","https://obis.org/dataset/4e1d3863-439e-4017-bcd7-c52b4677f952","identifiersha","2025-03-24 00:43:48+00:00"
"0f2629a02359fd7529cdcca18b0f291b31d1f2af.jsonld","https://obis.org/dataset/fefcba02-f27c-448e-8038-e4a5e0bd51d7","identifiersha","2025-04-07 08:24:20+00:00"
"0f27de7dce321744e528afd7768a4536c1507504.jsonld","https://obis.org/dataset/97d434fe-2a1b-47ab-8b76-7789685bf116","identifiersha","2025-04-07 08:22:44+00:00"
"0f33bc8e8dd28ee79aa7746e1950e22f2f37b525.jsonld","https://obis.org/dataset/b1ae4344-aa5a-49fb-80f6-e0e28e67833e","identifiersha","2025-04-07 08:27:08+00:00"
"0f3fa576f4c90b5fdc00538be05d173f5304c3b4.jsonld","https://obis.org/dataset/5bfbfd4b-38c6-4cc5-8eed-660652012617","identifiersha","2025-04-07 08:27:23+00:00"
"0f4187838292ebafaf8c149d5fe8e3567065e49b.jsonld","https://obis.org/dataset/172bfa9a-ada7-48cf-aecd-8508c6128b7d","identifiersha","2025-04-07 08:23:41+00:00"
"0f522d11087419bf98a65f194d8af68fd7d97ff7.jsonld","https://obis.org/dataset/1d70a895-b0e8-480b-927b-07304d426d6d","identifiersha","2025-04-07 08:26:46+00:00"
"0f6aa221a7063e6a380a685378e8150636dcd79e.jsonld","https://obis.org/dataset/ae9fd704-6b39-42ad-9bcb-0d3c1ff3269f","identifiersha","2025-04-07 08:26:53+00:00"
"0f6fd06d5d6ab54d73c9500238bfaf590d0ce69f.jsonld","https://obis.org/dataset/7967ece3-b59b-4dac-9615-b90cb65773bc","identifiersha","2025-04-07 08:25:40+00:00"
"0fa0849c046c06fff10ae753e40d14ad88751c1e.jsonld","https://obis.org/dataset/4b1671ae-b01e-4754-adf7-e525dc6144a6","identifiersha","2025-04-07 08:23:20+00:00"
"0fa2588a326e718d176ee106f3f1f138c05fbbda.jsonld","https://obis.org/dataset/5ff0a311-aa67-480e-b5cd-8f33b1009ee8","identifiersha","2025-04-07 08:23:54+00:00"
"0fb3f0fa0be5b320c4c7a26e7491f57f9d2cd2f3.jsonld","https://obis.org/dataset/ca6b412a-6106-4c21-8a0a-9d51be84a3c8","identifiersha","2025-04-07 08:26:38+00:00"
"0fc73c328806f003f8d6e5c3fc6aab5d945890f8.jsonld","https://obis.org/dataset/dbc6f16b-6255-4bf0-9d49-c4b061c59f3b","identifiersha","2025-04-07 08:28:05+00:00"
"0fd0d4631ec314f0b349ae81cc56852eba1b04b1.jsonld","https://obis.org/dataset/071a38b3-0d30-47ba-85aa-d98313460075","identifiersha","2025-04-07 08:24:01+00:00"
"0fd2eda058fe8c48da157c579fa9df4eacae63aa.jsonld","https://obis.org/dataset/fd48e0a8-dd48-4ff7-b2a8-770b138b4806","identifiersha","2025-04-07 08:27:34+00:00"
"0fdbe342adc03c903c0a448dcca7685783811ffa.jsonld","https://obis.org/dataset/114f54a3-feb2-4b1b-acdf-998588743a06","identifiersha","2025-04-07 08:25:06+00:00"
"0fec985724476d5165b94cc5e07c9f74bf23afdc.jsonld","https://obis.org/dataset/a980a1b5-c77e-43ee-8548-f9a5eb506e2a","identifiersha","2025-04-07 08:22:32+00:00"
"0ffbd8bb826e41ac877a321a5400d49d630f72ca.jsonld","https://obis.org/dataset/899721c8-fde0-4ee9-9489-374f6c119b4b","identifiersha","2025-04-07 08:28:17+00:00"
"1001733cff7dcb7c54073f76d97adb50392401a9.jsonld","https://obis.org/dataset/dadfd175-24ad-41bd-a04e-795149274f66","identifiersha","2025-04-07 08:25:20+00:00"
"101d4fa78a78a510997f7ae22149e486be0304f9.jsonld","https://obis.org/dataset/f1ac4ec4-6133-414a-bc4c-0f215def0cc5","identifiersha","2025-04-07 08:28:33+00:00"
"104460e38ff475436ea4c96125d6e3c1f1f75879.jsonld","https://obis.org/dataset/703be25f-86fc-4355-bc66-ca47c778daca","identifiersha","2025-04-07 08:27:58+00:00"
"104ca066132fda5ac595b0a9a4f658fff83ab298.jsonld","https://obis.org/dataset/18ca2c17-c652-4cc8-83e3-1345be74f265","identifiersha","2025-04-07 08:25:00+00:00"
"1054f382e7dea6ba7f2b68ad8791c237716e2535.jsonld","https://obis.org/dataset/17c0fd13-44fd-4fce-8fbd-ee55b4ccd192","identifiersha","2025-04-07 08:27:19+00:00"
"10660b10619157b3348aad4c52d893c381700e20.jsonld","https://obis.org/dataset/0bd0fcfd-24b1-4865-b0e2-41c0ff792e11","identifiersha","2025-04-07 08:25:43+00:00"
"107fd8f7aa8b29fff8b84fa1af112e681802b391.jsonld","https://obis.org/dataset/7cab72d0-12e0-46ac-823a-786cdb3ade40","identifiersha","2025-04-07 08:23:33+00:00"
"1080a8e71bdeee45f1c85a2017232f4bad818a68.jsonld","https://obis.org/dataset/28e9259a-fc3a-4256-8cab-b911faea8f25","identifiersha","2025-04-07 08:23:28+00:00"
"10a12cd38cf1400ef226f95324b542840905e1ea.jsonld","https://obis.org/dataset/4b6cd9a9-a8eb-41dd-a08f-3283a2bed347","identifiersha","2025-04-07 08:23:03+00:00"
"10ac83fe0257a5c6a714f587b8cd832f6c1332bb.jsonld","https://obis.org/dataset/357e7c4a-d05c-45f8-ad06-0f430e3dba4e","identifiersha","2025-04-07 08:25:30+00:00"
"10bd38190d1dce80e26e945af14e4b478213d72b.jsonld","https://obis.org/dataset/d8634135-090e-455b-8d98-c319bfd7aaed","identifiersha","2025-04-07 08:26:59+00:00"
"10c22979734ddf00d0899af546f28f6ada3e22a1.jsonld","https://obis.org/dataset/11234afa-7c5c-4e0f-919a-c19242e47d53","identifiersha","2025-04-07 08:27:49+00:00"
"10c55a326c988ff097a34677e7e151ebcb4c61b8.jsonld","https://obis.org/dataset/086b3f21-f424-42bc-9dd4-5a9fc18f802f","identifiersha","2025-04-07 08:26:09+00:00"
"10cd99ccb5d560e7747e2aabb818c3b5f9830322.jsonld","https://obis.org/dataset/612d0fa9-74df-4cef-9205-b1a945c55d8b","identifiersha","2025-04-07 08:24:58+00:00"
"10d37f748eaa7e4f899befb8d66c349a1ede3504.jsonld","https://obis.org/dataset/b8fef81e-4f6a-4093-959c-6d382235403c","identifiersha","2025-04-07 08:26:56+00:00"
"113509c378381a6e8e2af8a8e54815e4ee36032d.jsonld","https://obis.org/dataset/ec28374c-a11d-4bb9-89a1-7189127f4fd8","identifiersha","2025-04-07 08:27:01+00:00"
"1138094a21ba357c524ac29495182d113ad2aec0.jsonld","https://obis.org/dataset/0eb320b8-c73b-4ea6-aafb-b51b5c679177","identifiersha","2025-04-07 08:26:41+00:00"
"1140b7e9d7a036e6bdf62a7ea33ed1c07810d844.jsonld","https://obis.org/dataset/757de0ba-3fa4-4823-b22d-42627427e70c","identifiersha","2025-04-07 08:23:06+00:00"
"114cecf8c66c5ca16e1a1d48fd887aeb940bf868.jsonld","https://obis.org/dataset/bb359cf9-a325-45ee-a973-10d639498cf1","identifiersha","2025-04-07 08:25:00+00:00"
"117c4237cabfe4b2938d7c42428abe6cc6403b44.jsonld","https://obis.org/dataset/e87e7683-faa1-407e-9c83-bc767380cd23","identifiersha","2025-04-07 08:27:03+00:00"
"118974fb8b643f3c00df46352cd4f9461264300b.jsonld","https://obis.org/dataset/1e4d7adb-10a0-47cb-af6b-33b437fa5bf5","identifiersha","2025-04-07 08:23:27+00:00"
"118f3aedad20eaef61e950874f259835dd87ee0a.jsonld","https://obis.org/dataset/fc1a0412-ed81-420b-a9f3-dd2121faec62","identifiersha","2025-04-07 08:23:50+00:00"
"119029b1a3dc7dadcc8db131b6eb66060b093428.jsonld","https://obis.org/dataset/6b96855c-5606-48e9-a43f-e588428231fd","identifiersha","2025-04-07 08:24:31+00:00"
"119cd454d39f1dc55606938b5041c10951f727d6.jsonld","https://obis.org/dataset/a92e38d2-05ee-4a8f-8b1a-8d58fd34317f","identifiersha","2025-04-07 08:24:59+00:00"
"11b562d1c6126c4ed18332425e5b84e447e23eaf.jsonld","https://obis.org/dataset/d8ecc69c-1171-47d2-8cd8-e8a226e449c7","identifiersha","2025-04-07 08:23:08+00:00"
"11b70a60976d7ca173bd01f246c0aaf24e87b625.jsonld","https://obis.org/dataset/9d4650f0-dce2-4ad7-9dba-ae0a6ad378d3","identifiersha","2025-04-07 08:23:43+00:00"
"11eb6e1c1a3739bcdc23367ace7228357f427136.jsonld","https://obis.org/dataset/a419c8da-35ed-4b62-9709-39b56369c44e","identifiersha","2025-04-07 08:22:57+00:00"
"11ed23b242559f71e16881df7300d83fcca4ab19.jsonld","https://obis.org/dataset/56b7611b-42c2-43d2-b0ed-8cc7c5c5db37","identifiersha","2025-04-07 08:26:08+00:00"
"11fa12c9d81e2690ed396ac89c7ba1ca8750c61d.jsonld","https://obis.org/dataset/87b7f1a0-d11b-41ef-9d8f-73c358ad5256","identifiersha","2025-04-07 08:28:22+00:00"
"12026742a021b7c6ae0a92b228eac9e932d41ddf.jsonld","https://obis.org/dataset/3c5f1bdc-dc9e-423b-9c06-bdbf37e0c1f8","identifiersha","2025-04-07 08:28:28+00:00"
"1210d347e3f0fb769acf07b30b6da516d56532d9.jsonld","https://obis.org/dataset/58adbf92-9eb1-486f-a968-593942337f0d","identifiersha","2025-04-07 08:27:03+00:00"
"1218c705a817aba5787f4aee06054457e4f6351b.jsonld","https://obis.org/dataset/17f41026-fe23-41fb-8662-d89664dadd25","identifiersha","2025-04-07 08:26:18+00:00"
"121997ae6630c9fe5198a100569c10c4b76629f3.jsonld","https://obis.org/dataset/376b6d39-629d-4df6-95a7-6765f72d8369","identifiersha","2025-04-07 08:24:35+00:00"
"12200a2857dcca09cd7e5799778d26f494f503ab.jsonld","https://obis.org/dataset/c7dc832f-8083-4622-b94b-2c12b9a1d1f7","identifiersha","2025-04-07 08:28:11+00:00"
"12491af37e12baafe6f470f010ffa7e79722b746.jsonld","https://obis.org/dataset/b2cf4598-1fc7-485e-9090-343fc43051c1","identifiersha","2025-04-07 08:28:20+00:00"
"125da454a65b864be7f3bd38782d88347a329c4e.jsonld","https://obis.org/dataset/e8f05a82-4242-404a-a58c-bbfa89a6efe9","identifiersha","2025-03-24 00:40:19+00:00"
"12608d83cf14d8adedd55b450cc4390eab006f18.jsonld","https://obis.org/dataset/012a6661-c257-4e5a-9057-138ad71071f7","identifiersha","2025-04-07 08:26:06+00:00"
"127ea95a0fa7944582e2ac0e97decfbdebcaf1f6.jsonld","https://obis.org/dataset/b349ea7c-5261-4c9b-8f21-e3959ef2a2b1","identifiersha","2025-04-07 08:26:26+00:00"
"1284dd5aa799944898de2a42a1d33c47afe2221c.jsonld","https://obis.org/dataset/448765be-6c4c-4caa-a1ab-013cb20499f3","identifiersha","2025-04-07 08:26:14+00:00"
"128cf4334667425121b15e41a56d47c45ce2c714.jsonld","https://obis.org/dataset/3bba3d8c-0f3a-4596-8b4c-245e4d9dc018","identifiersha","2025-04-07 08:27:06+00:00"
"128e4ef0b77b9e96fb113c43b195376e651a0c76.jsonld","https://obis.org/dataset/3a7464a4-b604-4e7b-b560-4e7a820ef538","identifiersha","2025-04-07 08:27:43+00:00"
"128eb3c6911659a59e692d35ad769db9ffbf9bf0.jsonld","https://obis.org/dataset/53b8980c-63dd-43ea-9a62-bbbff5ee9606","identifiersha","2025-04-07 08:27:57+00:00"
"1291e7721cd33d24f7a3069ccadb27e404cdaec4.jsonld","https://obis.org/dataset/5eacd6fb-0eea-416e-a1e4-cc0abb82b688","identifiersha","2025-04-07 08:22:34+00:00"
"1294e585858976ca8107529c88d72080fa367044.jsonld","https://obis.org/dataset/68ec64c5-78a0-4d51-a4ae-1e35d1896efb","identifiersha","2025-03-24 00:36:51+00:00"
"12a662056283a90acd83e72145a2f4bbe470adb8.jsonld","https://obis.org/dataset/aa16d305-d413-4c4a-90be-b1ec3298d58d","identifiersha","2025-04-07 08:22:45+00:00"
"12acf45b5226c693cd9c89f5b69362b55ffdce8a.jsonld","https://obis.org/dataset/46ebed24-de7e-496a-beb2-f97ccfbd6aa5","identifiersha","2025-04-07 08:26:09+00:00"
"12b24f7ec39060a908ae5d6655535a53ed9499c4.jsonld","https://obis.org/dataset/723f3873-b6f4-45b3-9916-6248a898e28e","identifiersha","2025-04-07 08:28:21+00:00"
"12bb8c8ff4d54d362f601432e8c548c92618b035.jsonld","https://obis.org/dataset/5a6e53be-b098-4e3f-9fd6-7199a4c0ff12","identifiersha","2025-04-07 08:26:03+00:00"
"12bebeb6b3d38e2e3c8b1a59c54c6c3d28d8f8d4.jsonld","https://obis.org/dataset/85456d24-06fc-4bb0-bd94-61522dce31c9","identifiersha","2025-04-07 08:26:00+00:00"
"12cc91f850609f057b14a0da2c133b48ecf2a2fc.jsonld","https://obis.org/dataset/b216687d-99ec-4f86-b28d-276f136a9611","identifiersha","2025-04-07 08:23:20+00:00"
"12e16985107e9957e82dec8420380307dc6b6620.jsonld","https://obis.org/dataset/aa1ff1ab-2844-46ec-906e-bae3cd5c360b","identifiersha","2025-04-07 08:28:36+00:00"
"12ef20d8acb4fe5c23f4dc1788ddde99d081abf4.jsonld","https://obis.org/dataset/26d36f66-afb3-4b5d-8e17-289e6b11c5fb","identifiersha","2025-03-24 00:33:03+00:00"
"12f001e70e10d628db514547cba2ba1a29937d49.jsonld","https://obis.org/dataset/f73cf654-1e48-4d61-9f65-569ebd416782","identifiersha","2025-04-07 08:28:38+00:00"
"13101824cc95d7da81b15cce9ce49a0ccc988aab.jsonld","https://obis.org/dataset/f86d4564-e58e-432d-afb7-af8f7a3f44e4","identifiersha","2025-04-07 08:24:15+00:00"
"131738f1b137e3abd6eb532abdb27ef0326fa7ae.jsonld","https://obis.org/dataset/ad65221f-0539-44aa-925e-4acf62ad0c6a","identifiersha","2025-04-07 08:22:25+00:00"
"131996c7e97e8141d8888a82c6ad5964b2848717.jsonld","https://obis.org/dataset/f3a98533-58fb-4abb-aa1a-205cdeb00554","identifiersha","2025-04-07 08:27:54+00:00"
"13215a7f005cd2195d0ed1a2815c30b57ecbbe52.jsonld","https://obis.org/dataset/02c8f47f-7f7d-4d91-aefa-cf2091d766a2","identifiersha","2025-04-07 08:27:17+00:00"
"133ed48fdc02465fec8b35e8cc3240980c78654f.jsonld","https://obis.org/dataset/0ae49e4e-ad4c-4b89-be2e-b6003c0038ec","identifiersha","2025-04-07 08:22:35+00:00"
"13433199393e3aa0080123ca17738b2d3c902491.jsonld","https://obis.org/dataset/d001ebb9-0fea-4931-9544-048f57b15c0b","identifiersha","2025-04-07 08:23:01+00:00"
"134bf52e13efd82551d16f260b96ffc38f94503b.jsonld","https://obis.org/dataset/6d519257-c75f-4c36-bc25-8deb17d0b07b","identifiersha","2025-04-07 08:25:12+00:00"
"13578b882478e8a1c365fdd38d8188acbaeef843.jsonld","https://obis.org/dataset/c6fa7cf5-2c9c-4d77-b71b-9e4801e741fc","identifiersha","2025-04-07 08:26:48+00:00"
"13653fe5e46ce7cd0180e774652d813484d304a0.jsonld","https://obis.org/dataset/2ffab513-8007-475f-a5f0-cc4dc2b4f50f","identifiersha","2025-04-07 08:24:46+00:00"
"136bfc41fe24e07c642fab5e171bb4ff8cdbc88e.jsonld","https://obis.org/dataset/ac325b86-2a2b-45ac-8a64-cafead0ad31f","identifiersha","2025-04-07 08:26:51+00:00"
"138cf08f21c9322aec91e30db0267cb3b525dfa1.jsonld","https://obis.org/dataset/7b5fd03c-4e34-45d0-9e6e-600ea003beaf","identifiersha","2025-04-07 08:26:17+00:00"
"1393e16caa1569ac05b23706c0685b1b2ed0d714.jsonld","https://obis.org/dataset/7813e8a9-ff1e-4c1f-95ed-96e1411f4dd3","identifiersha","2025-04-07 08:27:53+00:00"
"13957ea4bb621ff6d5ee437e5a0c4b13740372e6.jsonld","https://obis.org/dataset/9578bf3e-e213-49cd-9442-98dbe8e60248","identifiersha","2025-04-07 08:27:55+00:00"
"13be6579d11bbff8a52da52630c8f8ab61966d69.jsonld","https://obis.org/dataset/b2412f4d-5988-4876-bc7c-954cbe192cc8","identifiersha","2025-04-07 08:28:13+00:00"
"13c1c4f18377b06fa7255398912e7c7e1ca731aa.jsonld","https://obis.org/dataset/a7a1ee38-425e-44be-af06-480e33889d03","identifiersha","2025-04-07 08:28:11+00:00"
"13cc470083a1e67ec81ebb3422160a2338ed31d0.jsonld","https://obis.org/dataset/1d94f371-a3e5-4e9a-b48c-f26e864c7621","identifiersha","2025-04-07 08:28:06+00:00"
"13d91a1e04b2a5269c3ed50f6b30569b0263c7b0.jsonld","https://obis.org/dataset/d613e932-1d8e-4fc1-b596-95d3f980ebdb","identifiersha","2025-04-07 08:24:12+00:00"
"13db6ba756286f00fd50dc5825ded3e0f64a95bd.jsonld","https://obis.org/dataset/f0c905d3-d9bb-47e4-b654-81dd7a8b10db","identifiersha","2025-04-07 08:25:57+00:00"
"13e514aa4b33f256cad2010ff25351340924f12e.jsonld","https://obis.org/dataset/b545eb74-b139-40ad-96ce-3e9d07d2fd25","identifiersha","2025-04-07 08:23:14+00:00"
"13f9d81d5ccf1f460629cdc2f1356a7c23215909.jsonld","https://obis.org/dataset/610bd0de-37d8-41aa-a663-393da3cf0c06","identifiersha","2025-04-07 08:27:25+00:00"
"13f9e70beb510148aedc6d16cbaf73a752acde4d.jsonld","https://obis.org/dataset/677c2853-1acd-4e9e-8a45-8c65937b81c9","identifiersha","2025-04-07 08:23:25+00:00"
"13ffafa686f412bf024364a54364e819a8bac570.jsonld","https://obis.org/dataset/c3a74775-37a9-453a-b6c5-b7da0ec4205d","identifiersha","2025-04-07 08:25:45+00:00"
"141206b4f1a6d3cbaeec876669f3929c6653772d.jsonld","https://obis.org/dataset/bcc4d307-2e54-40d9-9a71-3615e10a2c3b","identifiersha","2025-03-24 00:44:54+00:00"
"141bdbf5a038a28b52f46dd0b3f791ac5fb94081.jsonld","https://obis.org/dataset/777e539e-abf1-4e6d-afa1-9b8452c739da","identifiersha","2025-04-07 08:26:56+00:00"
"1424bf36dabde2968e191c172bc9b347214f7424.jsonld","https://obis.org/dataset/21ed84e4-5bb0-4b15-b088-5d3e5880b67e","identifiersha","2025-04-07 08:24:27+00:00"
"145c4b935cfcf2698c49ce4acd97bbdae7b65754.jsonld","https://obis.org/dataset/735d8b98-5b8b-43eb-96f4-8bcbdfd97201","identifiersha","2025-04-07 08:24:01+00:00"
"145cf9d5a34733449234d18ad747311f2f3b75f5.jsonld","https://obis.org/dataset/2a31e6b4-06b5-4dd3-837e-eab3e90a638c","identifiersha","2025-04-07 08:27:20+00:00"
"146d1f11b47d0471d69142364efbdafaf3e2eb68.jsonld","https://obis.org/dataset/418949b6-9b9e-4bea-864d-22dd6dbaa6bb","identifiersha","2025-03-24 00:39:18+00:00"
"146d6b4becad9c64eb70cbf3124e9fdade65aca9.jsonld","https://obis.org/dataset/dbb57c74-c34c-4502-b1d0-15324a7fabc4","identifiersha","2025-04-07 08:25:49+00:00"
"1473f9c2552f6d84388e66ece13287dd6ae7114c.jsonld","https://obis.org/dataset/fbfda143-2f30-4c16-bf1f-41f96a4b16c6","identifiersha","2025-04-07 08:25:12+00:00"
"147df4da4337d30bbd467a936740cba8e06960d9.jsonld","https://obis.org/dataset/fd9414c1-228a-4a3c-9cf3-c9e1eab1f491","identifiersha","2025-04-07 08:24:39+00:00"
"148504f8c85bd525ca0ef6218ac99e4609f6f086.jsonld","https://obis.org/dataset/63108715-3d0c-4a26-847f-16ca305c9cb1","identifiersha","2025-04-07 08:25:10+00:00"
"148db77cfcd7bea3a23d701fa08b27a7a0c25c3a.jsonld","https://obis.org/dataset/58bb5aa2-2939-48d5-9015-b18706e26425","identifiersha","2025-04-07 08:22:32+00:00"
"14a83c397ad11c8a90e1a321eec80cb49af26b5c.jsonld","https://obis.org/dataset/4323830c-77d9-42d9-8341-794480435d66","identifiersha","2025-04-07 08:27:21+00:00"
"14ba5d6f8d9e47a23c0a203afc843527d62ab1a0.jsonld","https://obis.org/dataset/36144583-0ec3-43af-8f73-0b2f9407bd65","identifiersha","2025-04-07 08:23:19+00:00"
"14bf6325f762394dd13e75e5f7084f61b6d84caa.jsonld","https://obis.org/dataset/6c6df99a-7670-40b4-8eaa-f2e374ed4da6","identifiersha","2025-04-07 08:24:07+00:00"
"14de0de66ce8db536a02e7f889c75429faccc7ba.jsonld","https://obis.org/dataset/ab8cfc47-8b3f-4f0e-b0f1-719793823118","identifiersha","2025-04-07 08:23:13+00:00"
"14e3e62051f4db81022871e20adc6e787c494984.jsonld","https://obis.org/dataset/86e5bc4a-0bc2-43e6-8e9b-db09a2fa6265","identifiersha","2025-04-07 08:23:13+00:00"
"15408c7ab7a5aa159943b17b03871d04266d1cc8.jsonld","https://obis.org/dataset/999055dc-68d0-4f74-8e78-1e5164d24e51","identifiersha","2025-04-07 08:27:31+00:00"
"154ac8dfaed3f878e9a15fb469856dbefbf44eb0.jsonld","https://obis.org/dataset/80321efa-4868-49f2-bd21-c14fcd0dedba","identifiersha","2025-04-07 08:26:06+00:00"
"1553a7f318927f4c6f3044cf7816043a5a9d4ed4.jsonld","https://obis.org/dataset/79dbeea9-5ff2-49fd-b818-b7c114fc2037","identifiersha","2025-04-07 08:24:14+00:00"
"1553dc48ff37f9fefe5f8d62ce9511dc241dbf5b.jsonld","https://obis.org/dataset/40abd351-5acd-4b48-a500-573d7ca7899e","identifiersha","2025-04-07 08:26:44+00:00"
"155ce9710f7e2113da6569daa47e49dca0d497af.jsonld","https://obis.org/dataset/8db0897b-ba54-4ef8-86f2-2adba27cb982","identifiersha","2025-04-07 08:25:54+00:00"
"156eefe2f0d82f2ac34b6a1315ac896a94546daf.jsonld","https://obis.org/dataset/e5dd8a5d-4f7a-4f7a-86b2-bdc91e7a00a2","identifiersha","2025-04-07 08:28:18+00:00"
"1577ebec72e201b726a3e222a2eb9b6d19477c06.jsonld","https://obis.org/dataset/da5c1e1c-d36c-4f19-a446-ebede37828a4","identifiersha","2025-04-07 08:24:33+00:00"
"157dbb5edfbde4e999d96ae281e681ebc82010cd.jsonld","https://obis.org/dataset/dc9c4c41-ec01-422f-9770-fb2061570142","identifiersha","2025-04-07 08:23:01+00:00"
"158194411349ad833dae67bc84b341d2670dcb58.jsonld","https://obis.org/dataset/2786a328-5d83-458d-ba7f-96e055f4432e","identifiersha","2025-04-07 08:26:45+00:00"
"1582de54b236f581aca15a295e7362e4a1c91aac.jsonld","https://obis.org/dataset/58459779-1d20-4064-85eb-d11de3e147a9","identifiersha","2025-04-07 08:23:16+00:00"
"1592ea8e88ded9a772f42c9665b4e5acb6193cff.jsonld","https://obis.org/dataset/b41e10e2-5717-4bb3-b06a-7840a62aebcc","identifiersha","2025-04-07 08:24:21+00:00"
"15ac89eb3a97083c259dee8a39277198d36a1262.jsonld","https://obis.org/dataset/29a7f240-6dca-4da8-87fd-3d1173fbfb1b","identifiersha","2025-04-07 08:27:11+00:00"
"15c8333155bae80979a1705377b6e57bdf88f849.jsonld","https://obis.org/dataset/e99a1d29-2986-4b7f-9769-e9f4a5ba4635","identifiersha","2025-04-07 08:27:42+00:00"
"15ca60d73a2939879374f2bb414ced5310c34bf5.jsonld","https://obis.org/dataset/f260b9a8-72a8-44fc-9ddc-383b7d7e54ff","identifiersha","2025-04-07 08:26:32+00:00"
"15de67835e464e37061d12ac19fb67d973f75a43.jsonld","https://obis.org/dataset/ff1eca2d-d949-42ce-9cb2-95c26b61d198","identifiersha","2025-04-07 08:23:02+00:00"
"15df02ec46a08e3975eac713328284139d2a735b.jsonld","https://obis.org/dataset/7d6d9150-68a4-4aad-8081-29573eadce66","identifiersha","2025-04-07 08:22:31+00:00"
"15e96b7a4d7317f8db2e585ab1cc65ceb9fae4b3.jsonld","https://obis.org/dataset/ab46e252-9b77-4b08-b27f-c737dfde4236","identifiersha","2025-04-07 08:24:09+00:00"
"15eee2ca8bbe6645863b4a8cd04c1474e4eea36c.jsonld","https://obis.org/dataset/5adfc524-d5a8-4474-bc3a-bd97350fec3d","identifiersha","2025-04-07 08:25:42+00:00"
"161543a20821b8db7987200403d6c4a6df10f7e5.jsonld","https://obis.org/dataset/f90edaa5-9342-466a-a3c6-e504ae639f99","identifiersha","2025-04-07 08:27:38+00:00"
"1617e9e2f8d855b8892ff62c888a881428f7f0c0.jsonld","https://obis.org/dataset/8cc878f8-867d-4cc2-b34d-f940ed72b4ad","identifiersha","2025-04-07 08:28:30+00:00"
"1620230b994a3aab146a55eb2044168ed68752e4.jsonld","https://obis.org/dataset/a594f522-9b2b-4fe9-bcc8-4120e064370b","identifiersha","2025-04-07 08:27:38+00:00"
"1621da60264d7f86d8e4b790fb0b53c0ad5ec966.jsonld","https://obis.org/dataset/35abcc7d-09c6-4189-98ff-5f2987379113","identifiersha","2025-04-07 08:25:38+00:00"
"162b19b7801553f8f2f1a6948240daf861777d2b.jsonld","https://obis.org/dataset/8a1ae661-e911-4967-bc06-1168fc5f2d89","identifiersha","2025-04-07 08:23:31+00:00"
"162e1835d64f7a47926abf05526b5b3863b05b05.jsonld","https://obis.org/dataset/c0f04afe-e21b-4e1f-8237-fe566ad4b17c","identifiersha","2025-04-07 08:26:00+00:00"
"163453e8dff87c964a36774a4c6a0e139493e9fd.jsonld","https://obis.org/dataset/4371db75-cabc-4a12-8760-0a843496742b","identifiersha","2025-04-07 08:26:48+00:00"
"1638374b0afba523c244bd04005bd0784740c939.jsonld","https://obis.org/dataset/54b8e280-f0e8-472e-88b2-a4969e39b5c8","identifiersha","2025-04-07 08:27:50+00:00"
"163d015ce646036800a85b27177cd74bbae6dd90.jsonld","https://obis.org/dataset/75e2a2b6-f58f-4c43-aefd-878cee7865b1","identifiersha","2025-04-07 08:25:51+00:00"
"16467b7b9791c272c13251f876b4b86955b4164b.jsonld","https://obis.org/dataset/829267b6-4bd2-408c-a7b8-a246b169f5cc","identifiersha","2025-04-07 08:23:06+00:00"
"16646c27be0fcd0825ebc00d0b4021f4a7f652ed.jsonld","https://obis.org/dataset/0ed9d24d-4826-4b07-b345-7c3e1bea582a","identifiersha","2025-04-07 08:23:47+00:00"
"166e955f329c76fe4386e7715518b9d6bdbb7812.jsonld","https://obis.org/dataset/04fc903c-a2c1-4d03-9183-888d544931bd","identifiersha","2025-03-24 00:38:34+00:00"
"167f4bea5f3b99482857046f0055dd04cf37581b.jsonld","https://obis.org/dataset/4d06c540-63b7-48f5-b36d-15ed47a68793","identifiersha","2025-04-07 08:26:14+00:00"
"168e02c300a82d7ec89dccd2c8a23c8c5231e95b.jsonld","https://obis.org/dataset/bb116046-4364-4cf6-9c6d-c65b15cdbfca","identifiersha","2025-04-07 08:26:11+00:00"
"1693715346bdebc04132fbbfb8bd5943e25bc9ab.jsonld","https://obis.org/dataset/49c3d2ec-0555-458e-9cb4-929721f6aa26","identifiersha","2025-04-07 08:23:38+00:00"
"16a0b307871749d25af37d95c035a9cccbe05def.jsonld","https://obis.org/dataset/e19c7a38-8a8f-4c95-be7a-983733ca1069","identifiersha","2025-04-07 08:27:43+00:00"
"16a0ef517441181b2c90ea72f6d97b195841123a.jsonld","https://obis.org/dataset/6f8008c3-3c95-4f4e-8f2d-1a282da8ba68","identifiersha","2025-03-24 00:39:29+00:00"
"16c44af2e7b2da15325c8373fb770dfe28a664c3.jsonld","https://obis.org/dataset/a70a7d6c-3e01-4891-9530-1f2e3a283dab","identifiersha","2025-04-07 08:24:58+00:00"
"16cb930a32a3a6073a37eab5a3d0337b0c0b8144.jsonld","https://obis.org/dataset/405ab854-9ebd-4fe1-86b0-d3d578ae0751","identifiersha","2025-04-07 08:24:24+00:00"
"16da6614b09cb91b20bdbb568612885b1d560a0e.jsonld","https://obis.org/dataset/6c805e4d-ac32-4e7e-a568-bb34ab492d11","identifiersha","2025-04-07 08:27:09+00:00"
"16db33bacc28600f5357344d3783b249fd7258c5.jsonld","https://obis.org/dataset/f088685a-f7cc-4d3e-9b13-32b1d7216edc","identifiersha","2025-04-07 08:27:32+00:00"
"16e74a3d0587c16586446575c558d661bcdbbf63.jsonld","https://obis.org/dataset/0352faff-9c9e-4d17-8788-b84ca20a2173","identifiersha","2025-04-07 08:28:21+00:00"
"16edcfce98d100297bf18f043333a7a896560cef.jsonld","https://obis.org/dataset/34b75485-47cc-4386-95e7-3c5e439377d6","identifiersha","2025-04-07 08:27:07+00:00"
"16ee27cd3ccd0ca109c9fa13c3241b6d53f1fb4d.jsonld","https://obis.org/dataset/861c6d48-2220-4320-ab11-e942e4fe19ce","identifiersha","2025-04-07 08:27:05+00:00"
"16f4ca1e65723b05b6552a58038aadb032d52abc.jsonld","https://obis.org/dataset/ebe343b2-d864-4ec7-96f1-87c0bfd6c8c7","identifiersha","2025-04-07 08:25:30+00:00"
"1719e97b9023e47d13e2d45b0b880552830d1aee.jsonld","https://obis.org/dataset/7ae483d8-7433-40aa-a73b-947188aecdb8","identifiersha","2025-04-07 08:27:21+00:00"
"1719f7a54ff5327281109cc90d76d8d79c274cb6.jsonld","https://obis.org/dataset/8294999d-3dcd-46d7-90d1-0784a82b614d","identifiersha","2025-04-07 08:27:16+00:00"
"171d13caef8e0d3081b5ec1899ef8eb4bc02feb5.jsonld","https://obis.org/dataset/1b92d97a-3a1d-4bbf-9304-c56ba34ea041","identifiersha","2025-04-07 08:23:47+00:00"
"1720a79bcbf4eae43888aa9912708d7eb5e2c814.jsonld","https://obis.org/dataset/42d933bd-8c8d-464c-b827-d04e9031ed92","identifiersha","2025-04-07 08:23:39+00:00"
"1720b6e11ac0402f1dcff4c8cd99b35542d8ee9f.jsonld","https://obis.org/dataset/96041282-9386-4a8a-a564-fd753f1222b0","identifiersha","2025-04-07 08:22:56+00:00"
"1723feda52287af0cb08f8d6a7f6ac85f402958c.jsonld","https://obis.org/dataset/a4c50c8c-e853-45c5-b5b5-30907ec9a8bb","identifiersha","2025-04-07 08:26:44+00:00"
"1730adbac9ae1258615b0302dca5fd8af5fa9911.jsonld","https://obis.org/dataset/c84c169e-4840-4e2a-9f3c-9accdbd26b81","identifiersha","2025-04-07 08:25:17+00:00"
"173189f84285cb3efafd83b000ac1adf5fcb006a.jsonld","https://obis.org/dataset/f378dbb6-0513-4a1b-81fb-075a985fef97","identifiersha","2025-04-07 08:24:43+00:00"
"1737b4a3d03d4453643c3cf64f19c11af6e7cef4.jsonld","https://obis.org/dataset/0097a1c2-1696-4cc9-9641-4895e0eda497","identifiersha","2025-04-07 08:27:19+00:00"
"173c9a6b9dd352e6fe9771c977adc782eed22d4b.jsonld","https://obis.org/dataset/a666081f-572e-4371-b609-0d38362c3829","identifiersha","2025-04-07 08:23:57+00:00"
"174b50fbf0602b5cf298afa933dcaf6d2761ee26.jsonld","https://obis.org/dataset/89178aae-ed62-413e-8cdd-c98324159c23","identifiersha","2025-04-07 08:22:51+00:00"
"17507408ba66fc16a39dbc314713891d8fb7c508.jsonld","https://obis.org/dataset/e49dedf8-a5e6-4af0-81e9-16e0e4e5502e","identifiersha","2025-04-07 08:28:20+00:00"
"1751abd59127e5ee4e6dd2b106feaa10f9d0d6d9.jsonld","https://obis.org/dataset/a7f93b8e-19f5-420d-9c97-fa7312bbffc8","identifiersha","2025-04-07 08:25:15+00:00"
"1751bad721a8463ebe70e27bfac7fb2b44aab3b6.jsonld","https://obis.org/dataset/d48a64cc-f528-4a98-80c5-b4b2d0fdb39c","identifiersha","2025-04-07 08:23:40+00:00"
"175a38602c6a9494b373bda74434cddfa8cb336c.jsonld","https://obis.org/dataset/2add9286-4793-44b8-a00e-4578a7776c12","identifiersha","2025-04-07 08:27:15+00:00"
"176df0693a500bbe1602259aa06d8ebb8b98eb51.jsonld","https://obis.org/dataset/1643c554-27ef-46b8-a0f7-c0353cbf5fde","identifiersha","2025-03-24 00:36:26+00:00"
"1778daed4909f7c700d073806b354e1a70d39eda.jsonld","https://obis.org/dataset/bca0315c-0ea2-4a15-bfca-f1ea7853ee6c","identifiersha","2025-04-07 08:22:43+00:00"
"177af954247caf8fc68d34d2d9b459731d291d1c.jsonld","https://obis.org/dataset/20a9662f-75ea-41bb-a9b8-659cc60710c5","identifiersha","2025-03-24 00:37:14+00:00"
"17943af03d9829d95ce15feacec2ed5583d73e65.jsonld","https://obis.org/dataset/80773cc7-44a8-42b8-a3ad-cc30c5b8f866","identifiersha","2025-04-07 08:26:16+00:00"
"17a0a93c07decf46928a98c93a5065ff0684a9e3.jsonld","https://obis.org/dataset/2ab31cec-f9a3-4920-8c81-984df7a56265","identifiersha","2025-04-07 08:24:05+00:00"
"17aac65bcb0f16fbe7191f07abb4ced57e3e68de.jsonld","https://obis.org/dataset/bef066c4-4afc-4553-9e99-88285868aba4","identifiersha","2025-04-07 08:27:33+00:00"
"17abbfa7494afc095b3fe3e043dd32f269d22d81.jsonld","https://obis.org/dataset/e99ce119-8ef8-49f5-91d5-7770ea6d09fa","identifiersha","2025-04-07 08:25:02+00:00"
"17b220818654c349b6e0e5494a2dc12163a89093.jsonld","https://obis.org/dataset/5a056af1-c159-4f0f-a851-4c6b00590b05","identifiersha","2025-04-07 08:24:45+00:00"
"17b53420b38669d4615eed76bd7b9a367cc39d46.jsonld","https://obis.org/dataset/c380d2c9-98b3-48cf-af6c-56a88b81f1a4","identifiersha","2025-04-07 08:22:37+00:00"
"17c55f724acea4a312fad695e445c62a5c00101e.jsonld","https://obis.org/dataset/39935c63-785e-42c0-ad76-9fe8926a245d","identifiersha","2025-04-07 08:28:10+00:00"
"17c7e60e93ceb7c35faa4179f1ab984f29af5777.jsonld","https://obis.org/dataset/cec21074-052e-4e1c-99b1-e56ec8d5c0ae","identifiersha","2025-04-07 08:23:50+00:00"
"17cab55803a9027260fe09b529d24f8017c2d430.jsonld","https://obis.org/dataset/03d594dd-3665-49e5-bb4c-a78b1528a8e3","identifiersha","2025-04-07 08:24:59+00:00"
"17ce9f20228bf08ecc6696d1d9f582e80c146836.jsonld","https://obis.org/dataset/9822f965-2b22-4973-b559-981867053c7f","identifiersha","2025-04-07 08:28:26+00:00"
"17eab24ce26d7b828eee4ae50388281bdd7ab356.jsonld","https://obis.org/dataset/2bd0707f-3650-47e8-9da2-5c4c77d42cfb","identifiersha","2025-04-07 08:27:49+00:00"
"17f69970598a6c42c2c834df2f6901ca1b6209e9.jsonld","https://obis.org/dataset/bb27bf02-86c8-4171-a716-d22a8b9fa9a1","identifiersha","2025-04-07 08:27:30+00:00"
"1809cf8911032269d5a92ea84e2e8d166a4fd6e6.jsonld","https://obis.org/dataset/8a5040ba-4284-4146-a727-30375d243846","identifiersha","2025-04-07 08:23:56+00:00"
"180e526776e03c95db37bfff5756f3566b13e1da.jsonld","https://obis.org/dataset/5d206e57-370c-453f-a882-b54d517294e7","identifiersha","2025-04-07 08:23:18+00:00"
"181678326edc355398dae8311c38b4ab2da3bb2e.jsonld","https://obis.org/dataset/a6bdc455-3253-4e8e-9c45-25f880c305bb","identifiersha","2025-04-07 08:28:38+00:00"
"18287a54fe7e7b8734119bb4bb2342c8e1cfd263.jsonld","https://obis.org/dataset/573ef83d-6014-405c-b421-7c09505b179a","identifiersha","2025-04-07 08:25:34+00:00"
"182f9ecaff935a6f70c2d43f75bc884e1aa09709.jsonld","https://obis.org/dataset/3713f140-d0fc-47bd-92a6-3cb4dcfcdcfb","identifiersha","2025-04-07 08:25:52+00:00"
"184c199382feed4dc6888c3e19f3765626be9958.jsonld","https://obis.org/dataset/0abb8cc1-8651-4213-aff3-2153d14ac322","identifiersha","2025-04-07 08:26:59+00:00"
"184d0989967bd15350a5f94836a9c1d2f394050e.jsonld","https://obis.org/dataset/a9818622-ac1a-4690-a26f-7e57f387bf5c","identifiersha","2025-04-07 08:25:00+00:00"
"184f84babe6ddf23d81057c9ab0ea15a1f78be55.jsonld","https://obis.org/dataset/4db4467c-f66d-4a92-acfd-b3b9974fc0af","identifiersha","2025-04-07 08:26:46+00:00"
"185234ed501bf3383b6cc62772dfe5f292859f65.jsonld","https://obis.org/dataset/d569dc61-1e0b-4cd1-974c-7c06bed15856","identifiersha","2025-04-07 08:26:15+00:00"
"1853823ef35c7e5ca6b175046304d166552ed12f.jsonld","https://obis.org/dataset/705770e5-3474-4e69-be8b-3107a0c5610a","identifiersha","2025-04-07 08:22:47+00:00"
"18749eb89bd274d337a12d28f7c9b1a229b692df.jsonld","https://obis.org/dataset/0701925f-50c7-4a44-8e25-aaf1c22c52ba","identifiersha","2025-04-07 08:25:35+00:00"
"1874f4c182803d9127aed89a96c1ef42d968b57b.jsonld","https://obis.org/dataset/b75c9982-d219-4156-8364-b9343f8b43db","identifiersha","2025-04-07 08:24:20+00:00"
"187bfab17c8ce9731a9fe79394f6300a3b8bfadf.jsonld","https://obis.org/dataset/c0f9a1b4-81f8-4b74-9a90-a6b42715a170","identifiersha","2025-04-07 08:28:12+00:00"
"188423e66f4066f7c703df5318631027a20d7d19.jsonld","https://obis.org/dataset/bf57b87d-08f0-4a70-a541-bb328fe762d3","identifiersha","2025-04-07 08:26:55+00:00"
"188f8da0414678628ef2bd700b749b3d13f31080.jsonld","https://obis.org/dataset/152259dc-9c20-4c1a-9644-8e4b509d4f73","identifiersha","2025-04-07 08:22:58+00:00"
"189bfee979e7367d2ca6844766bbe38652d94f32.jsonld","https://obis.org/dataset/27529112-fa4c-4307-8a43-b4dcc91421f8","identifiersha","2025-04-07 08:23:19+00:00"
"189e2802bc3ee0dcc0873bb8186b364a3679f596.jsonld","https://obis.org/dataset/85642e22-8053-4e69-9b3d-c5c0a367011c","identifiersha","2025-04-07 08:24:11+00:00"
"18a15a72c7c63708f12717c6854f4a648fcfcb76.jsonld","https://obis.org/dataset/d7864bc9-ed4d-4924-b2ed-16558d47d3bb","identifiersha","2025-04-07 08:23:44+00:00"
"18b600394ef0505c2390e8f4149211c2220e5fea.jsonld","https://obis.org/dataset/4c660b30-0485-4d69-abbd-8f56120de618","identifiersha","2025-04-07 08:26:37+00:00"
"18c79d8e5ccc0db0d873eb684aea732c2491fa2d.jsonld","https://obis.org/dataset/d4af92a6-a3ce-49ea-b59a-ff6f196b3a29","identifiersha","2025-04-07 08:27:33+00:00"
"18d5a3ab8c2fd01030aea3ab278dfebbe4c84642.jsonld","https://obis.org/dataset/6b59bcb8-0fee-4f5e-9f8f-d7257cd4a75b","identifiersha","2025-04-07 08:26:16+00:00"
"18ddae30e17ff99aebd07d4290d155be8f4d70ca.jsonld","https://obis.org/dataset/008d2fad-c175-4c3e-87df-a6f1d0ff5154","identifiersha","2025-04-07 08:24:46+00:00"
"18e8bed00a528d2f8bcc2fc854583f08e126b473.jsonld","https://obis.org/dataset/d2916eda-91c1-4c15-8dab-51da044595a4","identifiersha","2025-04-07 08:22:35+00:00"
"18fbb3b334eb3dc83c6e0e92ac7d49a412c5bbe4.jsonld","https://obis.org/dataset/cbf6cf0e-b78c-4257-8c46-436ff991b6e6","identifiersha","2025-04-07 08:26:28+00:00"
"191091e2ac902fa1fb2a586ae33f96901907c21a.jsonld","https://obis.org/dataset/f99306ee-f0e6-4225-9b44-8cefed964c5c","identifiersha","2025-04-07 08:26:12+00:00"
"19114c1f5e753adc445666c7047e39592088cd69.jsonld","https://obis.org/dataset/67606458-c8ff-4cca-80e7-26325859957d","identifiersha","2025-04-07 08:24:10+00:00"
"191bd94d9225c9e93441c457d890ead81d8af034.jsonld","https://obis.org/dataset/fa68d11f-fc9d-4002-8caa-c9e62dd12f4f","identifiersha","2025-04-07 08:27:32+00:00"
"1927ccec94f51831fd305becbde490452cfa705e.jsonld","https://obis.org/dataset/0569339f-a376-42f4-8453-49ab9932713d","identifiersha","2025-04-07 08:23:39+00:00"
"192b5ab9f00901bbdb655d1243e6ebf4c0fa14bd.jsonld","https://obis.org/dataset/c44ed118-0bd3-4b15-b815-1033f99b966a","identifiersha","2025-04-07 08:25:01+00:00"
"192ebf7e23b53d870299cfb750b47c553b9ced9f.jsonld","https://obis.org/dataset/ebe4a98a-656a-45df-90b3-3f177375a405","identifiersha","2025-04-07 08:25:39+00:00"
"194581fe6eb9d9455ee89c72622b782820619e70.jsonld","https://obis.org/dataset/ea46cabd-f49d-4d3b-be46-7d71ce7cf7f6","identifiersha","2025-04-07 08:24:12+00:00"
"195714d5fae2f22d521e66fc7f770bb40dbd2ab6.jsonld","https://obis.org/dataset/9c630511-822b-43cb-bfd7-ea388479d937","identifiersha","2025-04-07 08:28:08+00:00"
"196970e4e552f99ee5e809e545afc0c453adddb3.jsonld","https://obis.org/dataset/273f8cab-9272-400a-b0e9-10c7e2dc635b","identifiersha","2025-04-07 08:23:22+00:00"
"196b08e4e094e4653a4791b3cc2a17f4940363ac.jsonld","https://obis.org/dataset/98ac8997-ba0b-4bfa-ab8e-8b8f56145689","identifiersha","2025-04-07 08:27:17+00:00"
"197aeddde3a10422d99d133f2200a29c927c0031.jsonld","https://obis.org/dataset/cc2b624b-9f63-4fbb-9a60-d62bb5e63ec0","identifiersha","2025-04-07 08:26:26+00:00"
"197f82cc2bc217631556d6a1886e64b9d2b97f72.jsonld","https://obis.org/dataset/3998d1b3-21ce-4faf-bc1e-2cb55a970a3f","identifiersha","2025-04-07 08:28:31+00:00"
"198470f0eed85871790f113b81252a27179cf702.jsonld","https://obis.org/dataset/7e242e5a-d2ad-412e-8da7-682e78afc5d7","identifiersha","2025-04-07 08:22:38+00:00"
"198b21395299f3ae681207f6209f01751ceeaebd.jsonld","https://obis.org/dataset/b3746871-cda0-4b4b-8b7c-76a88eaeeae0","identifiersha","2025-04-07 08:24:31+00:00"
"1998510e5a1d42d9904ea05dd0e4c87f395a1269.jsonld","https://obis.org/dataset/723bda06-7421-4669-b25c-3f4f4b9bec78","identifiersha","2025-04-07 08:24:14+00:00"
"199e3e5e8a1267abf7e83929f0c60801654498bf.jsonld","https://obis.org/dataset/98c3a921-3584-4a07-bb07-07ad84a6038e","identifiersha","2025-04-07 08:22:47+00:00"
"199ee9a137e4ac3aabca946011ac24b7b4ef8bf2.jsonld","https://obis.org/dataset/ab4a2c98-22b0-470b-9fe5-40bb0c2b5987","identifiersha","2025-04-07 08:24:48+00:00"
"19a8c1bb6c1640797f7561f87a77d28796fefa8e.jsonld","https://obis.org/dataset/011445f1-6c92-484a-9fab-23cba4dca89a","identifiersha","2025-04-07 08:23:05+00:00"
"19b28c376c3c6723b517f182a7763a5d8d2ce56c.jsonld","https://obis.org/dataset/26866583-f350-4d53-8fc0-c3eabb886aa5","identifiersha","2025-04-07 08:23:18+00:00"
"19b96412cf12eb3b1a4239b05293fc042e6e63b5.jsonld","https://obis.org/dataset/c71e6631-9b46-4a6c-9f6c-d9352ddc64d8","identifiersha","2025-04-07 08:25:52+00:00"
"19bb80ffd0aa27db7c5b001aa11171e582ab1882.jsonld","https://obis.org/dataset/832a055e-49ee-40bd-b138-c29cc07606d7","identifiersha","2025-04-07 08:22:31+00:00"
"19bc1109a569f7d9ededd97619428aa0d1c23857.jsonld","https://obis.org/dataset/6cd4445d-5d99-420b-98bf-2649b6731f0c","identifiersha","2025-04-07 08:22:37+00:00"
"19cfec5fd67284f167c16d9a541167ee1e37bdd1.jsonld","https://obis.org/dataset/3ff4cf4b-7c2e-4163-9b80-cb4dd42d24f0","identifiersha","2025-04-07 08:25:12+00:00"
"19d5e15178d8c79cd011bf46efb0e4ad302cd716.jsonld","https://obis.org/dataset/b1cb8e5f-17c4-4bee-bead-8cfbad831dae","identifiersha","2025-04-07 08:25:35+00:00"
"19dcb5c2128a6d5aaaddb75d9cc67d2ea58920f3.jsonld","https://obis.org/dataset/27530a2b-da53-4f3b-98b4-83d4b3e73082","identifiersha","2025-04-07 08:23:31+00:00"
"19e755cb198adaae1df180d074599ec17b50611d.jsonld","https://obis.org/dataset/2122e62d-1ecd-43a0-9151-4b8b076b1df7","identifiersha","2025-04-07 08:28:37+00:00"
"19ea7d32ce457bac1ed103f6fc712b6518044f6e.jsonld","https://obis.org/dataset/b99832a1-320a-48b0-8a54-a01409a321af","identifiersha","2025-04-07 08:24:18+00:00"
"19eb5a9ea3d55ff71499946afe47489dbe24dc34.jsonld","https://obis.org/dataset/9f1a9d1c-833e-4fbc-9ecf-1918c7a8b699","identifiersha","2025-04-07 08:23:04+00:00"
"19f13c1b34d42fc0b2d25f3df38ce1ad75274ced.jsonld","https://obis.org/dataset/4eaf3ab8-463a-4c8d-838a-9b9c6ca4bfd3","identifiersha","2025-04-07 08:23:12+00:00"
"1a03a2a2793eaee65cc1cce5a17a09e11ff46450.jsonld","https://obis.org/dataset/074de2ed-7f10-4f8d-b471-1fc838ac6a23","identifiersha","2025-04-07 08:28:10+00:00"
"1a418ecde4ca91efdd6267a4d3fce20884052493.jsonld","https://obis.org/dataset/db9358a6-7487-4c74-8fd8-9d47c2a3a30e","identifiersha","2025-04-07 08:26:35+00:00"
"1a600d70e747d02412459b2b6b5f1d722424f289.jsonld","https://obis.org/dataset/762ebef7-8055-45d2-ad4f-ed9d4e53b530","identifiersha","2025-04-07 08:25:02+00:00"
"1a74e9954418580fe4d005eaf3b7abaa932cf457.jsonld","https://obis.org/dataset/bb7c6f27-8efe-4bec-977f-a9c353574771","identifiersha","2025-04-07 08:23:52+00:00"
"1a7fd5dc434111569a23d5e252b2ca8d4447b57d.jsonld","https://obis.org/dataset/cbb1c4d3-73d9-41aa-94d5-d637b60ad1e5","identifiersha","2025-04-07 08:23:07+00:00"
"1a8eae2d9731a3bf90058c76ef9a6b0ba5e10e92.jsonld","https://obis.org/dataset/47ab07e9-ac50-47b1-9ca1-421b5aafe1db","identifiersha","2025-04-07 08:24:26+00:00"
"1aa1b7cab18ae319c75692e05f4b8f09b29111f0.jsonld","https://obis.org/dataset/9f57e404-205f-4911-9993-9092b733c378","identifiersha","2025-04-07 08:24:30+00:00"
"1ab8f7db304e361f3689344fb28d7bd3d13841bd.jsonld","https://obis.org/dataset/a72786ef-6af6-451c-b339-d34d13e8c978","identifiersha","2025-04-07 08:25:16+00:00"
"1ac180959c547b34e6196760622a3e17a458e4b8.jsonld","https://obis.org/dataset/03b90531-6754-4719-a3ba-612f8cfc5818","identifiersha","2025-04-07 08:25:34+00:00"
"1ac696eb9f3c985bf2f2cb7e6a5fe8ef905d094b.jsonld","https://obis.org/dataset/6d880e59-4939-4fb4-b806-acf0cc3dad97","identifiersha","2025-04-07 08:28:06+00:00"
"1ac9536032715a5f41fb46f37c6412d6d556b600.jsonld","https://obis.org/dataset/1b844e18-573f-424f-bc69-0c57c33b9944","identifiersha","2025-04-07 08:27:04+00:00"
"1ac98ddcd4f5e8f8ec7790b8016eb304ce49da6c.jsonld","https://obis.org/dataset/5cd70a8c-f2e0-4dc0-a4e2-fd68c1a1d065","identifiersha","2025-04-07 08:24:34+00:00"
"1aca77f0344af9f7fd2b7ef71f854fb6126e590b.jsonld","https://obis.org/dataset/f322c34d-616f-4239-985b-35e17708731a","identifiersha","2025-04-07 08:26:32+00:00"
"1ad3e0f00d4aaf11c94fc3eeb3e8d0e0c4872771.jsonld","https://obis.org/dataset/dd27f260-4fe1-44b4-8b3d-3d20a4dca8d0","identifiersha","2025-04-07 08:23:24+00:00"
"1ad4507ba9b8d7e28b6ebba717307d84b1e0180d.jsonld","https://obis.org/dataset/8d12b9f8-bfa2-42f1-afc3-7fdd82a3482b","identifiersha","2025-04-07 08:25:54+00:00"
"1adeaa3e74f91d8d609c85713d876bf570499ebd.jsonld","https://obis.org/dataset/0ac3ee87-ce2a-47b6-bd08-2909f54705e5","identifiersha","2025-04-07 08:24:59+00:00"
"1aea7a67ba9d9c28301bad6c446a4dfcf3d0c4de.jsonld","https://obis.org/dataset/4ec2c3e5-b836-4d57-9f53-1364bf985d01","identifiersha","2025-04-07 08:25:13+00:00"
"1aeeddd24303059721c35b8a115f16be61557b2b.jsonld","https://obis.org/dataset/e1a94557-7e5b-4528-a6ef-39e4360bc056","identifiersha","2025-04-07 08:26:14+00:00"
"1af1d7eea345651b839cb91d29bb2378cf101b2a.jsonld","https://obis.org/dataset/4ae456a2-d31f-442c-9cf0-5d54ef3a48d0","identifiersha","2025-04-07 08:27:42+00:00"
"1b01aa664c33517fc387bdf400c2731c00f9932d.jsonld","https://obis.org/dataset/36611427-0735-4b7a-ab45-16072397e038","identifiersha","2025-04-07 08:23:04+00:00"
"1b0f5afedf75b90b4740cd21694b79eff9d17030.jsonld","https://obis.org/dataset/32d31a42-aa81-4a67-9fdf-468ae4b291e9","identifiersha","2025-04-07 08:25:15+00:00"
"1b19b7cbf3785107e6e21721a30aacb2bc04aa03.jsonld","https://obis.org/dataset/3f3a3f44-5734-4fa6-a62d-7f1c998a3259","identifiersha","2025-04-07 08:24:02+00:00"
"1b2c1c27170490fe4ef93a6dce2302a8d2284586.jsonld","https://obis.org/dataset/8b7b0eb2-8fdb-480c-acd3-7503491e9bfe","identifiersha","2025-04-07 08:28:27+00:00"
"1b381af11b96ca3233866e1d140f60f2ad89aa0f.jsonld","https://obis.org/dataset/550b4cc1-c40d-4070-a0cb-26e010eca9d4","identifiersha","2025-04-07 08:23:23+00:00"
"1b3a8fe6c2c58a9b245a6c3e87e7843ffcfa0617.jsonld","https://obis.org/dataset/46a90d40-6397-449e-9d4e-516c08de3824","identifiersha","2025-04-07 08:27:41+00:00"
"1b3b05df2226a54787f7c2c58aa7759b9decad3a.jsonld","https://obis.org/dataset/7d194a88-0483-4c3a-a411-2ada6baba4b2","identifiersha","2025-03-24 00:36:16+00:00"
"1b44262c8c0c6d7894e5575e53a3640f2eedddc6.jsonld","https://obis.org/dataset/dcd07ef8-094d-4550-bbc5-dfe4860763de","identifiersha","2025-04-07 08:25:42+00:00"
"1b5a6dcf08bc1fe2802e6f88c9b3bdf7de5703e9.jsonld","https://obis.org/dataset/d775452f-476c-4773-b193-e5ffe78179e4","identifiersha","2025-04-07 08:26:37+00:00"
"1b5c7e69e239af0fae9204a7bdc4406caf09796a.jsonld","https://obis.org/dataset/a8a53c97-b62e-4982-89a5-520cfa92ce65","identifiersha","2025-04-07 08:26:12+00:00"
"1b6160997088d80755af5d50d4f60d37e4e8f1a1.jsonld","https://obis.org/dataset/52f35ff3-787d-435f-be11-e6125c84d89b","identifiersha","2025-04-07 08:27:26+00:00"
"1b771656f68eb80e9ea66b630fbdd616de338635.jsonld","https://obis.org/dataset/de711382-3e45-4ffd-8ff8-e61f6252418b","identifiersha","2025-04-07 08:27:54+00:00"
"1b8e5231de25c4f42b638c58046d1f6e155ba76d.jsonld","https://obis.org/dataset/e4beeb49-ab66-406f-8862-258789cd00cc","identifiersha","2025-04-07 08:23:03+00:00"
"1bae43e9b3f61e48ff5f347d8e0da6c42c0e479f.jsonld","https://obis.org/dataset/388a4c0a-d20d-4f26-9120-e7283c009bca","identifiersha","2025-04-07 08:27:57+00:00"
"1bc0910257ae4c2db3dd1ef9d207ab44911ff68f.jsonld","https://obis.org/dataset/ef7620c2-cf73-41d8-9386-f1fc51893798","identifiersha","2025-04-07 08:27:46+00:00"
"1bd3c02118f7823659dc9c98870162cff21f6dc2.jsonld","https://obis.org/dataset/fe40f69a-3539-48b8-9836-4ccb91a89e56","identifiersha","2025-04-07 08:23:56+00:00"
"1be9aa202c2e54e1ee5142dd3f51d5825c8aacf5.jsonld","https://obis.org/dataset/5ba45853-ef44-4778-8162-c2c7b931c304","identifiersha","2025-04-07 08:24:35+00:00"
"1beb72fa4481f49a25855060ce728d5025d7fd2d.jsonld","https://obis.org/dataset/55ff4bf2-b3d2-49bf-8749-7c41fb2c0c19","identifiersha","2025-04-07 08:24:13+00:00"
"1bf309234e368e7fc6de347542e0a0f555fc948a.jsonld","https://obis.org/dataset/77e01504-fd04-4761-9e12-15e0ff192a60","identifiersha","2025-04-07 08:27:18+00:00"
"1bf90bd799acaa87ca0fefc977cfa35adc241b78.jsonld","https://obis.org/dataset/2d1d6d9d-23b9-42ee-b9c4-260d4190e4b6","identifiersha","2025-04-07 08:27:32+00:00"
"1bfb8ee64001a2cc432dccc8ecad07310b4b5899.jsonld","https://obis.org/dataset/c35394b6-edde-4c01-8341-db735bac11c7","identifiersha","2025-04-07 08:24:01+00:00"
"1bfdb972a6571c20a0e6099ebe4fc590236587de.jsonld","https://obis.org/dataset/b922024c-ae33-45dd-88fc-70c82d65b365","identifiersha","2025-04-07 08:24:54+00:00"
"1c07b631a7502523d9c74331f8ea92f8d67458e3.jsonld","https://obis.org/dataset/3b71a712-ca34-4368-a029-52b5db32b140","identifiersha","2025-04-07 08:22:45+00:00"
"1c2241adf53e37fad9af7703ec203fe2c82af879.jsonld","https://obis.org/dataset/1ab6f729-8cc8-4400-8a3a-080a08f42d3d","identifiersha","2025-04-07 08:22:47+00:00"
"1c3c843513c0fb939a29fa3a97fa5743a920203c.jsonld","https://obis.org/dataset/799ff430-3cf2-4d70-897c-3b663c5ed444","identifiersha","2025-04-07 08:28:24+00:00"
"1c4b95d99002eb8cecc0981e59dcaaa47d2338b3.jsonld","https://obis.org/dataset/d0454a81-a1fe-434d-b16e-ed7bd25eb4c1","identifiersha","2025-04-07 08:26:32+00:00"
"1c5e205655766247d87c2a1d1a5ace7072be393c.jsonld","https://obis.org/dataset/553aef54-8ac9-46fb-9de5-328a4c5acb7b","identifiersha","2025-04-07 08:28:22+00:00"
"1c5f5013b0d2271a5505f53cf23687f917e78bd8.jsonld","https://obis.org/dataset/952a4faf-a8ed-4c57-8c54-93934c11f094","identifiersha","2025-04-07 08:27:40+00:00"
"1c72eb0b7dcb5224e63ca72b50d0f390e69ac45a.jsonld","https://obis.org/dataset/c7d062de-eeb2-42e8-843a-7086e0d14420","identifiersha","2025-04-07 08:24:16+00:00"
"1c7933a2fae497f02f8b4d9365ca94477c1548d6.jsonld","https://obis.org/dataset/98335d75-74ca-4e05-b10c-c7b198c1e792","identifiersha","2025-04-07 08:25:17+00:00"
"1c7bdbc0e8a143ba332c988bf7709708f9d6bbd1.jsonld","https://obis.org/dataset/6371d59b-1788-4ade-858d-e40f80b84bcb","identifiersha","2025-04-07 08:26:18+00:00"
"1c8c529fee7d029545127ad4bac5a91e120ab2ed.jsonld","https://obis.org/dataset/a9985820-b852-4382-ae2a-6811786e5578","identifiersha","2025-04-07 08:28:22+00:00"
"1cc8c4c8534757895d479b18f04ec1c03a5305e4.jsonld","https://obis.org/dataset/936e840f-10e3-4f9b-8cc7-a0376866169b","identifiersha","2025-04-07 08:26:42+00:00"
"1ccf50c7f631c57b90fa37eb7d15cb12618636ec.jsonld","https://obis.org/dataset/10db7356-f05f-4b72-96c2-0fbf0490f8e8","identifiersha","2025-04-07 08:25:52+00:00"
"1cd43efc9e06a31edc49d9ac0990f9eb7fa05ae5.jsonld","https://obis.org/dataset/a73554ec-814e-46e2-bd09-e1fd0224431b","identifiersha","2025-04-07 08:25:50+00:00"
"1ce274a3a876f6501bcd3bcefef4c2d0ba4cfb89.jsonld","https://obis.org/dataset/e39eff49-8eca-401d-830a-6744cbd3ef1d","identifiersha","2025-04-07 08:26:51+00:00"
"1cfed8b53a192d19a979ded2f41b168c93477f1b.jsonld","https://obis.org/dataset/447e0dd9-669e-4caf-aa4f-2b91e68d40df","identifiersha","2025-04-07 08:28:16+00:00"
"1d08cca07a76086d1fb33f2c1302ad0f30b8fff0.jsonld","https://obis.org/dataset/9f0c12a3-3e31-4ee0-ba8c-478f77386e44","identifiersha","2025-04-07 08:26:59+00:00"
"1d136ad9de23c97a94a068704a7d209d7d4c6a94.jsonld","https://obis.org/dataset/1d3d341f-d9e9-4a30-8cce-91d23910e9db","identifiersha","2025-04-07 08:25:28+00:00"
"1d18e6e255b57c192f2175853d99055455688c9a.jsonld","https://obis.org/dataset/4bdc1f6f-e16a-48b4-b995-b51bd41caa8d","identifiersha","2025-04-07 08:24:59+00:00"
"1d28b9c0182f6541b0dd3d254061f4db05082dc6.jsonld","https://obis.org/dataset/fec85a62-4784-41e3-804f-8f41bd1140b5","identifiersha","2025-04-07 08:24:19+00:00"
"1d3f54d5d63be7cf65c5510a2a340945248f3523.jsonld","https://obis.org/dataset/fe2ed263-2b21-47d7-a79f-f9b911132398","identifiersha","2025-04-07 08:24:38+00:00"
"1d41907c8e8ee3c3d4927005ef2c150af1432fd0.jsonld","https://obis.org/dataset/e4dacf5c-6bfa-493e-8699-d65c31435107","identifiersha","2025-03-24 00:36:47+00:00"
"1d455691db005b619733ad76f8f9f97f5c1dcbe2.jsonld","https://obis.org/dataset/3d80aefa-fa7e-4c9c-a778-4d8d3c65a8eb","identifiersha","2025-04-07 08:28:38+00:00"
"1d4f2c6af1dabf7400fb9cd3bfdc905e642554c0.jsonld","https://obis.org/dataset/04e3fd32-b08b-4806-a016-d2dff52ae55a","identifiersha","2025-04-07 08:23:00+00:00"
"1da10f8a0ea324897bcbe926a85cf977170cde0c.jsonld","https://obis.org/dataset/322009de-2e36-4e23-ac47-084a9094fcfc","identifiersha","2025-04-07 08:28:12+00:00"
"1daa39c80547edf90fad85ce2b5975521014e160.jsonld","https://obis.org/dataset/ae67a723-041c-4c45-a757-034368191f3d","identifiersha","2025-04-07 08:22:26+00:00"
"1db11e58ef10673339b28470ba110c83ae1c5e55.jsonld","https://obis.org/dataset/23a662e6-5fdb-4b04-b2b5-dc142be6b250","identifiersha","2025-04-07 08:26:23+00:00"
"1dbe6a60290a940927ef777b8dff463dc300c280.jsonld","https://obis.org/dataset/1f80810b-54d9-4b5e-bd63-3fb9736c2f46","identifiersha","2025-04-07 08:23:54+00:00"
"1dc822277fc89c849001d2f4dcd55130fa27c9cf.jsonld","https://obis.org/dataset/93a9fa98-cb0a-4668-b643-459771f002ae","identifiersha","2025-04-07 08:22:40+00:00"
"1de4169e265304ede8a9c47f63cfdbca36c37dfd.jsonld","https://obis.org/dataset/873e8554-bb93-42e7-9020-92febdfc6750","identifiersha","2025-04-07 08:23:25+00:00"
"1ded5f1813f0ad16488887e14c65ab526d00311d.jsonld","https://obis.org/dataset/e7e9e58c-6c4c-4cc0-9df3-dd255fd303bd","identifiersha","2025-04-07 08:23:15+00:00"
"1e1f35a2d8097c06f9b83a191c432c0bd0498f3e.jsonld","https://obis.org/dataset/52f4fad0-38e6-48a5-a853-c8a635b4811a","identifiersha","2025-03-24 00:34:54+00:00"
"1e26f43bc611c974c5d1bf50591824ea74720c80.jsonld","https://obis.org/dataset/b920c161-c295-4a73-b9a4-96ab1ab0b357","identifiersha","2025-04-07 08:24:13+00:00"
"1e29dae26ac16612f3f1a14651155f64df0f787a.jsonld","https://obis.org/dataset/693f6686-3f0b-4f81-8f27-1ae44c17c33e","identifiersha","2025-04-07 08:22:37+00:00"
"1e85023730d117a06887d29346802f081ee75d54.jsonld","https://obis.org/dataset/be131a0d-a04f-4b88-a351-faf47a6cba07","identifiersha","2025-04-07 08:28:32+00:00"
"1e874b9a664c7805da76f4930ea04ce5ca75c807.jsonld","https://obis.org/dataset/6b4593d1-587c-44a5-8af0-d046ae131b5b","identifiersha","2025-04-07 08:27:19+00:00"
"1e8a245b2ae73211f1d1afab59c6a3afe7305de2.jsonld","https://obis.org/dataset/088bb4a1-2c7b-4cef-a517-ed014907b2d2","identifiersha","2025-04-07 08:28:23+00:00"
"1e9078846fcfb5ccc1e8064738dac2a87985a055.jsonld","https://obis.org/dataset/fd84ea92-ac98-4b28-9803-3f5d108443cd","identifiersha","2025-04-07 08:27:25+00:00"
"1eb043f9440fa20c36fe66ff780145d29745559f.jsonld","https://obis.org/dataset/ffda777b-ea11-4cdf-b0cf-7919a0a97670","identifiersha","2025-04-07 08:23:58+00:00"
"1ebc4ccad15bb2f93e215c00347a83152e6e74a9.jsonld","https://obis.org/dataset/232a26ea-f38c-4126-a4a5-174a7030aa65","identifiersha","2025-04-07 08:27:06+00:00"
"1ec312475982c3fbe9a4cb1605a23c5bb46c85ce.jsonld","https://obis.org/dataset/90ad4805-d15e-4b8d-af32-e25301ffbecc","identifiersha","2025-04-07 08:28:24+00:00"
"1ecc761789b3d4c85db28a62c749ddfcc3d58f4f.jsonld","https://obis.org/dataset/27cd0137-820a-485e-bf8a-90117801313c","identifiersha","2025-04-07 08:27:37+00:00"
"1edf436292108b79cd7b294f84ec98d72d05b894.jsonld","https://obis.org/dataset/e5846b59-7939-439b-86f1-90e5cf9860ee","identifiersha","2025-04-07 08:22:41+00:00"
"1ee1c1a9ebf2d716f89ac07988088ee6fbc4bb42.jsonld","https://obis.org/dataset/14cd468e-7242-42a7-87f9-c76818bee034","identifiersha","2025-04-07 08:28:06+00:00"
"1ee2235ae4a4d8f70d1c60840048d79611f6dc45.jsonld","https://obis.org/dataset/5d20e8d2-36a1-4a54-9754-77ee82a27caf","identifiersha","2025-04-07 08:28:10+00:00"
"1eeb62c818cc2c24cf1670da6b99f241d73f6e85.jsonld","https://obis.org/dataset/eb6e0855-981d-4ab7-82f4-f8b92367a7f7","identifiersha","2025-04-07 08:27:15+00:00"
"1eef356be6a1c854e9c834dfe248ba8ac3ee75d4.jsonld","https://obis.org/dataset/f1ad2d12-8f7e-4b56-848c-ffa9c6103eb1","identifiersha","2025-04-07 08:22:48+00:00"
"1efca0fd41749fc18cec26e612a1751c25d821b3.jsonld","https://obis.org/dataset/6af80242-edfd-4dd2-b957-8e715789e479","identifiersha","2025-04-07 08:25:45+00:00"
"1f1a44242d4ba693c97b7a2f9b1c980cbc847087.jsonld","https://obis.org/dataset/95ba197f-f043-4980-ab3a-e4b3ad59b578","identifiersha","2025-04-07 08:28:16+00:00"
"1f1b3c3f31ce36230e29defd92bed30d2c68d22f.jsonld","https://obis.org/dataset/30b8ae20-47fd-44a8-9f61-c9b066154ec8","identifiersha","2025-04-07 08:25:40+00:00"
"1f244229c33ee6f7ed7274e769c76e1eb49dd063.jsonld","https://obis.org/dataset/3e4a9b54-5aa1-47c1-9ad0-401e1bd28aa5","identifiersha","2025-04-07 08:27:26+00:00"
"1f25b0cdd7f74072e582b8478c7e48f7cf8a209c.jsonld","https://obis.org/dataset/d2a2486c-f04f-44e0-8a8c-610ed61d17a1","identifiersha","2025-04-07 08:27:36+00:00"
"1f2789135b88ffc2bce754a30ed55bcd89b3cde8.jsonld","https://obis.org/dataset/10651660-6209-4b30-ae47-8fae2dc4fc17","identifiersha","2025-04-07 08:25:47+00:00"
"1f2ab2266faa0937a8b67364b530e4ac24b65fcb.jsonld","https://obis.org/dataset/8eafe8eb-6215-4de8-b38d-aef644768e6f","identifiersha","2025-04-07 08:25:01+00:00"
"1f3489c3b4cb27449e9c7708e99cc0625b101619.jsonld","https://obis.org/dataset/928ef84a-129a-4e57-a484-f13bc9c94989","identifiersha","2025-04-07 08:26:15+00:00"
"1f356a72a10e95c33147bc2b9e627043466cc50a.jsonld","https://obis.org/dataset/c0082901-b261-4347-a7fa-4cf58559f397","identifiersha","2025-04-07 08:26:58+00:00"
"1f4c8e1291d37a91eb329dac8fb745b6f37cfaa0.jsonld","https://obis.org/dataset/b41cd728-afdc-4b9c-ba42-43c265253ff5","identifiersha","2025-04-07 08:25:12+00:00"
"1f7c8cab0eaa0abb6ecd443c8091e3478b2a31a8.jsonld","https://obis.org/dataset/4c76caff-942a-4ced-832b-f7670052ed66","identifiersha","2025-04-07 08:26:24+00:00"
"1f8799f52c03c45c59d2318dfd8799af8fdd6282.jsonld","https://obis.org/dataset/4cf03bc4-0784-4990-bbc8-c25f9e214cb5","identifiersha","2025-04-07 08:24:36+00:00"
"1f8a38890eae121b933106093f0b5f44efaa6916.jsonld","https://obis.org/dataset/386ac1f4-922d-4991-ada2-0ce50dfd3ba7","identifiersha","2025-04-07 08:22:47+00:00"
"1f8c05572a3e6ce462bb182925edeba32d07cbaf.jsonld","https://obis.org/dataset/432ed34a-7efd-4a5b-be77-d4719d68c391","identifiersha","2025-04-07 08:23:49+00:00"
"1fa159187876ea0647756c2a3751dcb3ed50649c.jsonld","https://obis.org/dataset/8be426ce-942e-4084-951c-c506bb19a14c","identifiersha","2025-04-07 08:28:12+00:00"
"1fa241b7fb7a8a46d9b6d68e48f0b77500600c96.jsonld","https://obis.org/dataset/bbf620d0-8cb5-4433-aed1-8a50237ef514","identifiersha","2025-04-07 08:27:48+00:00"
"1fa773f8c45e940ab11695feee6982271b68d5a9.jsonld","https://obis.org/dataset/5a3324ed-aed7-46fd-abf0-9920f8add611","identifiersha","2025-04-07 08:24:29+00:00"
"1fb91c55305f679ebd733ebe78160ba28e4e67f0.jsonld","https://obis.org/dataset/01930fb1-4d33-4d75-af8d-19481a9c153d","identifiersha","2025-04-07 08:27:53+00:00"
"1fc99132bf2205be0469e951bb30485e00259f24.jsonld","https://obis.org/dataset/67bac074-3445-4fd8-8e3c-4836fa0736dd","identifiersha","2025-04-07 08:23:34+00:00"
"1fd9d4172feac8a63672793618c46c818355b4eb.jsonld","https://obis.org/dataset/1213b891-8517-41cc-a0da-361b5a1fbe16","identifiersha","2025-04-07 08:28:36+00:00"
"1ff61d2f61710589639f0022b2cfa8c06bd62d4a.jsonld","https://obis.org/dataset/fe0652c6-1899-49b5-a013-5aa94b45813f","identifiersha","2025-04-07 08:27:11+00:00"
"20023ae6f94c2465cf6f01bbcce53e883af169de.jsonld","https://obis.org/dataset/47ce299b-31ca-49ba-87bc-e21fa37258b7","identifiersha","2025-04-07 08:25:06+00:00"
"2006694e35c487544cb514b0eb2395040250220f.jsonld","https://obis.org/dataset/0dc6d79e-df16-4166-a989-0c99f0570f8a","identifiersha","2025-04-07 08:25:37+00:00"
"2008bd3cac85086709a343645e7a7c28fd1f1a3d.jsonld","https://obis.org/dataset/654629d8-915b-45ba-a609-f025f84f8215","identifiersha","2025-04-07 08:23:22+00:00"
"2017632e7e3a0665438211cd0a55c8a8a343219b.jsonld","https://obis.org/dataset/c3a70010-9443-49fd-9971-4bbb0d6e85cd","identifiersha","2025-04-07 08:25:23+00:00"
"201d3cba9df0761d1c2e21c168e57eea8b77a6b2.jsonld","https://obis.org/dataset/4a606f86-2e7b-44a3-b50d-3d55a887a11f","identifiersha","2025-04-07 08:22:54+00:00"
"201e2808ed7435b3b00efb327cd213173b066408.jsonld","https://obis.org/dataset/b5306d1a-739b-4bc0-8fc7-e4b112dcee96","identifiersha","2025-04-07 08:27:49+00:00"
"202577ab1bd5bcbba609810b04979e2e2f93e0d3.jsonld","https://obis.org/dataset/66f21b70-3a41-4e6d-b3cb-0f9ebcf4e15c","identifiersha","2025-04-07 08:24:35+00:00"
"2026dfe8288fc481e83597cd1fe281554a3c7980.jsonld","https://obis.org/dataset/b1a2d0ab-9b94-4a59-9371-432738a3cc36","identifiersha","2025-04-07 08:23:05+00:00"
"2057ae76e9e854aa21179abd25c8a0a5c1337b2d.jsonld","https://obis.org/dataset/7fa1c161-8d37-47ac-9a5a-88f55f28717b","identifiersha","2025-04-07 08:25:53+00:00"
"206302e153430fdc5a45519de989969ed1284943.jsonld","https://obis.org/dataset/ad84df91-addc-47a5-a591-ed4b6b6d9c07","identifiersha","2025-04-07 08:26:21+00:00"
"206d1978008764ffc7361f0fa00c95ad92b152c5.jsonld","https://obis.org/dataset/8db5745f-c4e5-42f0-816f-c61b581d6abd","identifiersha","2025-04-07 08:25:01+00:00"
"207589fa2a3eac7512b1cf83804c48505a7d820e.jsonld","https://obis.org/dataset/4a2ab520-d3b2-4907-bac8-baf228b88306","identifiersha","2025-04-07 08:27:56+00:00"
"20788ec17a16819d04a710d2984104d5fdc5bf89.jsonld","https://obis.org/dataset/15665b20-e5c9-4e3e-9090-a1804c6b9473","identifiersha","2025-04-07 08:27:36+00:00"
"209445a1f47cc984262e8f269ae20297c9847d7c.jsonld","https://obis.org/dataset/d835b33e-1e12-459b-b7ef-33e540252648","identifiersha","2025-04-07 08:28:24+00:00"
"20b9c72a6b7b1806f27285d1762f8f8b771b943c.jsonld","https://obis.org/dataset/e54ba46d-583f-416a-ba4f-bb388b1de043","identifiersha","2025-04-07 08:24:39+00:00"
"20cb878b83c1a2837eedcfa3aa7fa937428de11c.jsonld","https://obis.org/dataset/33402693-a77d-443e-87a7-f9597315f76c","identifiersha","2025-04-07 08:23:58+00:00"
"20d7d1ba0b471700336fd6bc9be3b76e96b71ea7.jsonld","https://obis.org/dataset/ca96c7df-bffa-4974-8639-e87f07c8caef","identifiersha","2025-04-07 08:24:09+00:00"
"20e1037286655ed042f99c35d12f36d41b3e92b7.jsonld","https://obis.org/dataset/9584c4d8-f0f0-4866-9d51-04d9398189ef","identifiersha","2025-04-07 08:25:47+00:00"
"2103631ad4d48c567808ae37787053c8a147559c.jsonld","https://obis.org/dataset/df25ba8b-a22c-4f54-b145-76f2aa3b0341","identifiersha","2025-04-07 08:25:24+00:00"
"210e96d79cd956527009d4197ad129bbb469b4af.jsonld","https://obis.org/dataset/8c57c625-6098-4aa2-802a-c8b704c9f171","identifiersha","2025-04-07 08:24:57+00:00"
"2113afa896f0211deee45ba4b406633c9699b4e0.jsonld","https://obis.org/dataset/42fbe736-2c09-45e3-a48c-5370c999f389","identifiersha","2025-04-07 08:25:16+00:00"
"211a5111ab6da5486343a180b023b5df8e080ffb.jsonld","https://obis.org/dataset/6b5c0712-d9c7-4e2f-b3a8-355ad2539081","identifiersha","2025-04-07 08:26:33+00:00"
"211fb685e2e18e876d5cda924a89d37df197858b.jsonld","https://obis.org/dataset/2a92332d-5633-40b0-8fd5-d17bcbc45f8d","identifiersha","2025-04-07 08:26:22+00:00"
"212c08a27c6144c4e1ed76dfb1ab017ae89289da.jsonld","https://obis.org/dataset/11ad961b-254a-4d01-8a2b-c148c6b013de","identifiersha","2025-04-07 08:24:05+00:00"
"212d55f1297ef447f4630e82fffb03e5b21e7779.jsonld","https://obis.org/dataset/2ff7d769-30de-4503-aec3-71fb65e69c74","identifiersha","2025-04-07 08:28:02+00:00"
"21419fd1c5394d64191940e3e0397a62ff8aedb2.jsonld","https://obis.org/dataset/cdc3abcf-b4d8-4b14-b4d4-70705884034c","identifiersha","2025-04-07 08:23:13+00:00"
"21538298888117297c14d134be7855c659cb0676.jsonld","https://obis.org/dataset/88a47778-0926-4dd3-918c-4def981f6022","identifiersha","2025-04-07 08:24:46+00:00"
"2156a17e841beedac130a8a3c49c46d33a6e59e6.jsonld","https://obis.org/dataset/f0134b03-3f28-4a87-b596-f08c896fe9d5","identifiersha","2025-04-07 08:23:45+00:00"
"2163e449a0bf67d0b511735d6ec6019366e50859.jsonld","https://obis.org/dataset/dc5e998b-8b88-495b-9901-6de1c6831d86","identifiersha","2025-04-07 08:25:59+00:00"
"218b2ffa33d61172d4f70f7f8323707a1f61c7dc.jsonld","https://obis.org/dataset/471d3cf0-5c70-4355-9906-19a92774257c","identifiersha","2025-04-07 08:27:57+00:00"
"2192385edd88e355d511174ceb444170fcab9d02.jsonld","https://obis.org/dataset/e5272499-c343-4794-89e0-e78bd2f5367d","identifiersha","2025-04-07 08:25:40+00:00"
"21a26001db751f1386a9fd0748c5c6738fc3ad0b.jsonld","https://obis.org/dataset/9673fbc4-5be5-468d-ac2f-d575dcfb6d8b","identifiersha","2025-04-07 08:26:03+00:00"
"21a6625a9885ecdc6c048efcb17a4c432c1bb790.jsonld","https://obis.org/dataset/00d94f3f-4f3b-49ca-bb5f-29a7500515df","identifiersha","2025-04-07 08:24:11+00:00"
"21a6f90a05bb7279b184b8811914081e80777b27.jsonld","https://obis.org/dataset/89855eb1-75b2-4b78-8abc-e3097ea8dce8","identifiersha","2025-04-07 08:24:20+00:00"
"21a91317c6dd6dc4cac9b6623322fa2f7764c973.jsonld","https://obis.org/dataset/0aec9db9-0a11-43fa-b5c9-1508daffc1b7","identifiersha","2025-04-07 08:25:34+00:00"
"21ad15b0e87fae53e748984ca1c6fa6475e941b7.jsonld","https://obis.org/dataset/6b36d908-9036-46a6-b607-0808da6f7134","identifiersha","2025-04-07 08:27:05+00:00"
"21ae3815cb05f515c1b75777673621d31fac2678.jsonld","https://obis.org/dataset/98400b39-b5f9-4b7a-833c-9e62dfcd1c1e","identifiersha","2025-04-07 08:22:56+00:00"
"21b1a69c0d5d3289cc84679bda326efb75abcc01.jsonld","https://obis.org/dataset/3cd86c95-eaff-4561-8498-eced07e2a4db","identifiersha","2025-04-07 08:26:11+00:00"
"21b89eabb819d876f9fecd2249f66b3e58c167b1.jsonld","https://obis.org/dataset/380811f6-5687-4fee-ae2c-ffe548a6988c","identifiersha","2025-04-07 08:24:56+00:00"
"21d96a7a1d6d57c80e968a5cc762131979c395a0.jsonld","https://obis.org/dataset/78acdd0c-0aa6-4dec-8b65-83794aa64476","identifiersha","2025-04-07 08:26:08+00:00"
"21e3e424920bef15eb4f13f640bcfdedf654d31b.jsonld","https://obis.org/dataset/a15dd946-dc8a-4faf-8d91-afc653bff5e8","identifiersha","2025-04-07 08:27:10+00:00"
"21f351d3cef85d1a04f06a310801f41423697e0b.jsonld","https://obis.org/dataset/9fe63e2b-5ca5-415e-8496-1016097e0570","identifiersha","2025-04-07 08:27:14+00:00"
"22094b7441c0a17046055578452e055bba3ca0e9.jsonld","https://obis.org/dataset/c2bad26d-b09c-4235-a7cb-f6bf9962cbce","identifiersha","2025-04-07 08:28:23+00:00"
"221379c45ab3a53eeb654a66830c4efd8280d887.jsonld","https://obis.org/dataset/cd28a3e1-f146-4638-85ae-a5ea6b739144","identifiersha","2025-04-07 08:23:18+00:00"
"2219f7003a8eb2a0f1a2e0e4a0bfd11993d008c0.jsonld","https://obis.org/dataset/45881aeb-30c9-4c19-9723-b0655b0609d5","identifiersha","2025-04-07 08:27:39+00:00"
"22303ebd2a4720c64ed78eb9e615d22b4559bc25.jsonld","https://obis.org/dataset/8fbd11e6-7899-4a34-bc50-a1620ac7d5c5","identifiersha","2025-04-07 08:26:13+00:00"
"223b200d171ed289309d1756fa8a318d0bdfa2b6.jsonld","https://obis.org/dataset/cf9012ea-81d3-465a-8ce0-2741a9092a66","identifiersha","2025-04-07 08:24:51+00:00"
"22580671bed20e892d06c839c536c94538ad588d.jsonld","https://obis.org/dataset/f0b35fdc-be96-4804-baa4-5a74493d8ac3","identifiersha","2025-04-07 08:26:18+00:00"
"2267d28f0dbe41ba49fd6801da37fee488422bd2.jsonld","https://obis.org/dataset/f56c665c-56f2-410b-bfb8-4b556e243244","identifiersha","2025-04-07 08:26:32+00:00"
"226f6982ff15a7700bc82f5e5e346dcd5529aa0b.jsonld","https://obis.org/dataset/bf742ba6-3957-448f-b5bc-d7beb39dc1f6","identifiersha","2025-04-07 08:24:25+00:00"
"227b6ec6a251d5993440d714d8f8d6138be93adc.jsonld","https://obis.org/dataset/a145f369-b272-46f7-86bc-08412b1ee927","identifiersha","2025-04-07 08:23:00+00:00"
"22809e86567bc1191a2ff89afe2a24fa8eab306e.jsonld","https://obis.org/dataset/a126c30a-ed96-40ba-b0ae-31a1c812e788","identifiersha","2025-04-07 08:26:42+00:00"
"228aca7bd83c8aa55b0339b9f4968c23f456add9.jsonld","https://obis.org/dataset/51391fb1-ae4d-44d8-9178-a06f95545604","identifiersha","2025-04-07 08:22:34+00:00"
"22ba7df6986e6b45a68091c220e73541ed3ba326.jsonld","https://obis.org/dataset/7e76e65e-a60b-453e-bc2d-ac699241e9e6","identifiersha","2025-03-24 00:29:26+00:00"
"22c89c249aba4aac0d0e2009b44c86018ee1b45f.jsonld","https://obis.org/dataset/d94cf346-7aa9-466c-8b21-6a435e634897","identifiersha","2025-04-07 08:27:55+00:00"
"22d7a054add0c8cef70276217fcef5a9c23d5070.jsonld","https://obis.org/dataset/8ba043fd-a7c5-4562-a56b-dc1225d03937","identifiersha","2025-04-07 08:23:16+00:00"
"22deea9286d74b76d1e2d7d791fbae347641cfec.jsonld","https://obis.org/dataset/4550423a-25fc-4028-ad91-e8f63ecbbc8b","identifiersha","2025-04-07 08:25:43+00:00"
"23177b34030eba9a3d75c6a055f9467e6d4943ef.jsonld","https://obis.org/dataset/a671cf89-2e48-4b2c-ba3a-78107caff583","identifiersha","2025-04-07 08:27:04+00:00"
"2322563490b637e595d464c33df2e1713e393531.jsonld","https://obis.org/dataset/25e116e0-70ad-41a5-a659-cfb16967e1a9","identifiersha","2025-04-07 08:22:35+00:00"
"233a5ae0bef83762f0a2dacf01e70670009b5b5b.jsonld","https://obis.org/dataset/dd06d0ae-bfdd-48c0-89b8-e3ec5f81d88e","identifiersha","2025-04-07 08:24:23+00:00"
"233e5bf369aec156e26bd4fcca28801fef5c774f.jsonld","https://obis.org/dataset/0d4d29ea-c213-47d8-b48e-7ab7ca806290","identifiersha","2025-04-07 08:28:23+00:00"
"23607245762b39b5855dd904848ea94bb1e8495b.jsonld","https://obis.org/dataset/055a97b8-3a3a-4f68-8bbe-f9dab0646d32","identifiersha","2025-04-07 08:25:51+00:00"
"236f26a14659c6d7fc64b428caf58ba823b41bb1.jsonld","https://obis.org/dataset/5eb7b9ab-dd7d-4ac7-8fc5-49ed287daad8","identifiersha","2025-04-07 08:26:02+00:00"
"2382a8b5a3689573c722ddd6bcf79aab8ff65076.jsonld","https://obis.org/dataset/8b5b8fd5-331a-4296-9a53-86929789046b","identifiersha","2025-04-07 08:24:28+00:00"
"2396438b315dca5786e8cfa1ee5031d841337874.jsonld","https://obis.org/dataset/866858b8-c04f-4b94-892e-03b1f6172878","identifiersha","2025-04-07 08:24:11+00:00"
"2397022b0877fc0997b42e876d769ecf39652d42.jsonld","https://obis.org/dataset/0614bd5f-591b-427f-ae7d-eb89942aca79","identifiersha","2025-04-07 08:25:26+00:00"
"239be874204736093beb09733ddde30ede093b14.jsonld","https://obis.org/dataset/7c55b26f-a47a-454d-a724-64e1b3bb9d74","identifiersha","2025-04-07 08:23:50+00:00"
"23a45fcbe6ba99a82e8347d7650ce23907ffec5a.jsonld","https://obis.org/dataset/b48225c4-cc93-4617-a7df-f3a753931357","identifiersha","2025-04-07 08:28:20+00:00"
"23a90cfe63f151357d4996d7de9cbe75ebb5e39f.jsonld","https://obis.org/dataset/37d1beef-05f8-4733-a872-b10b6c8cad3d","identifiersha","2025-04-07 08:27:53+00:00"
"23a9196d6e67d7eafc6634eb8f8623e7831d0741.jsonld","https://obis.org/dataset/537ef2a9-b403-41fe-93da-eba61bc9d5d8","identifiersha","2025-04-07 08:25:44+00:00"
"23b6a168fa11e98f99ee3f35bbfd96b92ce79118.jsonld","https://obis.org/dataset/f0d7a0a9-4759-4a9a-aba4-41f0171eea4d","identifiersha","2025-04-07 08:27:25+00:00"
"23e62d491e3e3625c92b335617b5201b0abbd9e4.jsonld","https://obis.org/dataset/dcd440cf-1c0d-4113-9f59-5b84d91ce4f6","identifiersha","2025-04-07 08:23:41+00:00"
"23e8537ac981767827d61eeb29f5fb1cc60885ba.jsonld","https://obis.org/dataset/d2319559-77f3-4f93-85d0-aaa99db60d17","identifiersha","2025-04-07 08:24:42+00:00"
"23f63a918886695181cd917cd90fb27de673419e.jsonld","https://obis.org/dataset/7da0ee6f-32d4-4f9f-a56c-448ab3b5ac04","identifiersha","2025-04-07 08:26:33+00:00"
"23f9a8585725a3f13399d0f6bb744b5467526c9c.jsonld","https://obis.org/dataset/d8ea9fd7-1ae9-4f1f-967c-74c2f5066357","identifiersha","2025-04-07 08:27:37+00:00"
"23ff1e0334ca4530412022e2875d244cf55bc493.jsonld","https://obis.org/dataset/9b7abffc-cdc6-41cb-b8b8-3da22355a64a","identifiersha","2025-04-07 08:26:06+00:00"
"2402ec966c73fe970391b3be5ceb470f05e7ad65.jsonld","https://obis.org/dataset/4e1a1467-1a9d-4315-88f2-65a483ee5726","identifiersha","2025-04-07 08:25:32+00:00"
"2418b0516c754947586269fa2d2975a9134b64ba.jsonld","https://obis.org/dataset/c2efb4aa-7d40-46f3-887b-11a3864c21fb","identifiersha","2025-04-07 08:24:39+00:00"
"241f695b6e6032c6299dfc70c54525c4f243ef74.jsonld","https://obis.org/dataset/dafba9fd-f35c-45dd-97f0-bb70fc15d19c","identifiersha","2025-04-07 08:25:08+00:00"
"24335703b2c8e23ed02cb030ac0c9f5f3c4e1573.jsonld","https://obis.org/dataset/6acbc1d8-419e-4b2f-963f-0d8770d8297b","identifiersha","2025-04-07 08:23:23+00:00"
"243d0fb651e7bbbda5aa58ccacde789c093ae52a.jsonld","https://obis.org/dataset/d415e34c-b2fa-4795-b429-c9effe97d9c9","identifiersha","2025-04-07 08:25:48+00:00"
"244c538fdfbb568243ebd5987c2b19800521acc8.jsonld","https://obis.org/dataset/5da9d5a2-2190-4019-b96c-821fc69375a3","identifiersha","2025-04-07 08:27:55+00:00"
"2453aef100288563b9d2b7a58acd690eee6a8910.jsonld","https://obis.org/dataset/0af86daa-cc5a-4215-b193-f11a8d0320c2","identifiersha","2025-04-07 08:27:59+00:00"
"246110d148ecc03c336432bcbcee3f52e335e986.jsonld","https://obis.org/dataset/ce3c5c7d-daa0-42ed-9cdb-7100b1274b55","identifiersha","2025-04-07 08:22:35+00:00"
"2470f1c324e592653fdfaf1df5d02382b6dd9995.jsonld","https://obis.org/dataset/54ff6a5f-9d05-4fb7-bd4b-b5c1b0f10225","identifiersha","2025-04-07 08:28:34+00:00"
"247903bab0eefa62c6577c5ee54bc67349224f0f.jsonld","https://obis.org/dataset/0d1613cf-7450-4f2b-9850-1859337f5eca","identifiersha","2025-04-07 08:24:09+00:00"
"247a538399c0038ff55cd043ba13390280e1c112.jsonld","https://obis.org/dataset/635d569e-aa7f-410e-93ac-a12003cbeca7","identifiersha","2025-04-07 08:27:53+00:00"
"2489d850a16ca050c7bcf86dbb7b3a1cec220210.jsonld","https://obis.org/dataset/e60b0b08-b1f6-4472-bc01-ef6b8c760863","identifiersha","2025-04-07 08:24:48+00:00"
"248a90ef0a2bb4d9c8cb6ba780a03f8f705e761c.jsonld","https://obis.org/dataset/62b1e8fb-fb6d-461a-870c-a6445815112d","identifiersha","2025-04-07 08:24:47+00:00"
"248bb320910cec7830bc3d025cfc694a2f14cbb4.jsonld","https://obis.org/dataset/031dba90-d480-419a-a562-be9a34bc5c49","identifiersha","2025-04-07 08:22:31+00:00"
"248efc818615faff210df9f58dd83cc70b3d77d9.jsonld","https://obis.org/dataset/49884da4-2b9e-4cd0-b23d-cc0acbb950cb","identifiersha","2025-04-07 08:23:54+00:00"
"249f24f904fac1b455347754f9bf13b42f5b79b0.jsonld","https://obis.org/dataset/30e505e2-27fc-434e-b8c1-19f8d3c02eb4","identifiersha","2025-04-07 08:27:58+00:00"
"24b9c14a7621d5e134993f08b43c8097b69355e2.jsonld","https://obis.org/dataset/74312b5c-a38f-4e72-a8a7-d938dbcd23e4","identifiersha","2025-04-07 08:23:51+00:00"
"24ba390062f48bd468773c78fc9f475536b6ff80.jsonld","https://obis.org/dataset/878f77ff-1deb-4334-8fc6-891415951371","identifiersha","2025-04-07 08:28:24+00:00"
"24e3b14e5afb6c5021b94ccd3801cb441fcbd783.jsonld","https://obis.org/dataset/2d2deee0-b592-4426-ab82-503b6bccc00d","identifiersha","2025-04-07 08:22:31+00:00"
"24e90056aa033cfbb69b0f8e2103b0e989261746.jsonld","https://obis.org/dataset/4567d82a-985c-4fca-830f-a1140f644ed2","identifiersha","2025-04-07 08:23:39+00:00"
"25286bde8d7ced07df51a477f517dce408da7e35.jsonld","https://obis.org/dataset/ddab58b2-0072-41b8-afc5-ac10d937247f","identifiersha","2025-04-07 08:26:04+00:00"
"252cf886e4d6205edc0f480384a50ed953a68af3.jsonld","https://obis.org/dataset/7fe6cf81-4866-4d04-89b1-4f0738f84cff","identifiersha","2025-04-07 08:25:59+00:00"
"256fbcd3a516adc79a3fc273841f8dfdf2f78e56.jsonld","https://obis.org/dataset/2d332d86-1801-4651-8643-706a15f2d5da","identifiersha","2025-04-07 08:25:20+00:00"
"257a482d5e04dcfa690841e6ef93188f167ad9dc.jsonld","https://obis.org/dataset/52b4a965-669d-4c5e-b564-326022a1c064","identifiersha","2025-04-07 08:22:28+00:00"
"25a5eba315cf30e5b31b10cf0a358d62d32fe3d0.jsonld","https://obis.org/dataset/ccd6e783-32be-4026-8ed8-0b9ca265aeb1","identifiersha","2025-04-07 08:23:24+00:00"
"25acb862fddc01e7211cd5138cd463d234542d4d.jsonld","https://obis.org/dataset/070a6395-10a4-4ad1-aa0c-b5227047e8e7","identifiersha","2025-04-07 08:23:52+00:00"
"25b3a9d4eed9a4e60093c0d8968a4d1842d7eadb.jsonld","https://obis.org/dataset/d6a642a2-f0f0-4844-9d9a-15d9b90713c3","identifiersha","2025-04-07 08:26:07+00:00"
"25bf8f6d8472b729ab57fca5752fe3e9febdf113.jsonld","https://obis.org/dataset/a79abf38-3677-4e43-8422-0509b937a128","identifiersha","2025-04-07 08:25:48+00:00"
"25db5f043251fa8ffd990d097748f79d7443f8e2.jsonld","https://obis.org/dataset/2e4f1c14-494a-4cff-a414-8a7b47e7ebb7","identifiersha","2025-04-07 08:24:52+00:00"
"25e9bd1f3fcd9cac99eae820feade5473c5ed4d0.jsonld","https://obis.org/dataset/72af5ac0-d56c-472c-91ec-3391fd0ca50c","identifiersha","2025-04-07 08:26:52+00:00"
"25f508f7270140178e32581e4d7ea91751ac377b.jsonld","https://obis.org/dataset/cf78d68d-fc40-4f89-81ed-d64462660175","identifiersha","2025-04-07 08:24:32+00:00"
"25faee30f73995165e530a43a035f6f377f00137.jsonld","https://obis.org/dataset/c9d2435b-9da0-4c0f-ae28-69b53d5d027b","identifiersha","2025-04-07 08:26:23+00:00"
"26047333752821b7ab695b770ff4298f27fc0e59.jsonld","https://obis.org/dataset/d5847ecb-6f9b-4599-888a-461cb26f8018","identifiersha","2025-04-07 08:24:50+00:00"
"26197fd2d09e2cc08b1ff164edd93ba420aedf23.jsonld","https://obis.org/dataset/03d022eb-0db0-4d99-b64f-930766a4b4c5","identifiersha","2025-04-07 08:26:41+00:00"
"261c7233e000632c3494a305374c6deed61ea9be.jsonld","https://obis.org/dataset/fec77f2d-d241-4b1d-8a93-f76b535e596b","identifiersha","2025-04-07 08:24:16+00:00"
"2635a509c64a80b2e3a543897c81d95408e1370b.jsonld","https://obis.org/dataset/fd0ff54b-a4cf-4074-b736-7dc849cc27f8","identifiersha","2025-04-07 08:25:40+00:00"
"263867b746d3e04e4c6223e64c18daeb0307a117.jsonld","https://obis.org/dataset/0a1a9c6d-24f3-4156-865f-618f50f7e058","identifiersha","2025-04-07 08:23:30+00:00"
"263aa2fb8927ebe0bb19cd71405bd70da4f32d52.jsonld","https://obis.org/dataset/b56e4c0d-7688-4b09-9a1e-34a9e6430d51","identifiersha","2025-04-07 08:24:53+00:00"
"2641b197dab6729750763ec4f548cbb02082970a.jsonld","https://obis.org/dataset/6209df6a-7dc0-467b-8f56-38e7dd074e3d","identifiersha","2025-04-07 08:23:53+00:00"
"2656071b8d115c742e94a25cc31a8364922d0866.jsonld","https://obis.org/dataset/4d51c94e-8c7e-4a75-bda7-ec38912cd52d","identifiersha","2025-04-07 08:24:58+00:00"
"2665311e32c3d09868dd171390488a54e794bf17.jsonld","https://obis.org/dataset/9c893879-88a2-4bf9-9373-ecb6c594cf45","identifiersha","2025-04-07 08:25:05+00:00"
"266e2f100de9938cb5ac03878b04ee7ee129ca99.jsonld","https://obis.org/dataset/a43fef9a-a8c3-4ecd-ae5d-861894305776","identifiersha","2025-04-07 08:25:46+00:00"
"26a511c1dc93e40599c1829be689a8231419e583.jsonld","https://obis.org/dataset/6862ae8c-db0d-44ef-9375-c50e50c2b74e","identifiersha","2025-04-07 08:26:36+00:00"
"26a6294ceb9e57c95e2ed02d891c7eda23b04372.jsonld","https://obis.org/dataset/12381619-5331-4665-8abf-df4bf4763e9a","identifiersha","2025-04-07 08:22:40+00:00"
"26b3a85bd5f8fb619ed359a8d1e7af7b8840fce0.jsonld","https://obis.org/dataset/c9105bc7-c15f-4305-824e-4babf7da6579","identifiersha","2025-04-07 08:27:21+00:00"
"26c1a8d4d8529581a8646ed0199ce5f988609b3d.jsonld","https://obis.org/dataset/e830dc46-156e-4646-ba4c-6d305580f167","identifiersha","2025-04-07 08:23:22+00:00"
"26d82e2426a0112e442c60da128395c3606bbe46.jsonld","https://obis.org/dataset/c9c36dcc-e0c1-4d1f-b3bc-14dc8ae91b31","identifiersha","2025-04-07 08:25:28+00:00"
"26da5169e730e8f3bfbb24fa1818314397fdffb0.jsonld","https://obis.org/dataset/3232e8ce-2581-4bc3-8641-75d01311bcec","identifiersha","2025-04-07 08:25:36+00:00"
"26f3161e713af3b2a1e58ea647e617a0d13da549.jsonld","https://obis.org/dataset/5ba1a5ed-897d-4446-ba3d-a267b82f8709","identifiersha","2025-04-07 08:26:15+00:00"
"2703a0ad7131a918482433c3865c9e1926b0c009.jsonld","https://obis.org/dataset/37297572-2fe7-4761-aaac-8d60bb522c18","identifiersha","2025-04-07 08:27:19+00:00"
"2706cf7fa49218b071a3b121edee3a8b2b4e577c.jsonld","https://obis.org/dataset/e5220bd7-fdce-4caf-ac02-6670be6bd0fe","identifiersha","2025-04-07 08:27:10+00:00"
"271c5c347c9092599e48f986586913d42dd0b7fc.jsonld","https://obis.org/dataset/63fd1fc7-7fb2-4bdf-add6-154fc7ae276b","identifiersha","2025-04-07 08:23:21+00:00"
"271d9315448d7ecbda5732d30c62e08eb14145f2.jsonld","https://obis.org/dataset/da968cfe-26cf-48f4-b6f7-14375ff5fae3","identifiersha","2025-03-24 00:38:35+00:00"
"2728e0646a3f57b96a9ea07f688f0ae6c083a672.jsonld","https://obis.org/dataset/73ab1258-45d0-41f1-aca4-55e8cac0bfdd","identifiersha","2025-04-07 08:28:03+00:00"
"2729b621ab33ea5fff690d455567900c1402779a.jsonld","https://obis.org/dataset/de2825af-7d83-4585-b6cb-118cff3774cd","identifiersha","2025-04-07 08:22:46+00:00"
"272cca3d8e97e678a468178e559ac2da0af5eb9a.jsonld","https://obis.org/dataset/8a1109fe-bf82-42b2-b296-a46c8059b82b","identifiersha","2025-04-07 08:22:32+00:00"
"27448f76c833bf6eb38a081f8f4a6382e21ffcba.jsonld","https://obis.org/dataset/8a142215-16a0-4d1c-af6c-1d0cc2c1d996","identifiersha","2025-04-07 08:28:24+00:00"
"27637d2af7db2205ef4d782073782ef30ab0aa99.jsonld","https://obis.org/dataset/41c11254-3d89-43df-9965-a8f88f5bd2df","identifiersha","2025-04-07 08:25:42+00:00"
"276571ec67ded97ee272b6df2400027b028650d7.jsonld","https://obis.org/dataset/143e83d6-a818-4ac4-9909-146009f0fd0d","identifiersha","2025-04-07 08:24:06+00:00"
"276638c0cf9778a79544467948a73e75104c1e30.jsonld","https://obis.org/dataset/4e7516a2-e4c3-4301-a418-da55f5d127f1","identifiersha","2025-04-07 08:23:42+00:00"
"27667cb5e4fc4937ab32467e8376f8b2df69488d.jsonld","https://obis.org/dataset/f88aca90-1e00-4cee-935b-cf3d018a60cb","identifiersha","2025-04-07 08:28:13+00:00"
"27781e79f31fb56c3b8c51869d49f05cc5dad056.jsonld","https://obis.org/dataset/c9199fb8-fd9d-4137-a3bb-63a127977c67","identifiersha","2025-04-07 08:23:12+00:00"
"279de0cd68c34f23eb8bf54de67b4b5eeb5e571b.jsonld","https://obis.org/dataset/559218c4-189e-4d44-b276-02fcb859622d","identifiersha","2025-04-07 08:25:30+00:00"
"27a201a40bb4683fd9121557aa068421eb738e7b.jsonld","https://obis.org/dataset/f4605696-e12d-4329-95d4-48e7ee7b190d","identifiersha","2025-04-07 08:25:15+00:00"
"27adf47dcd6066b0b1379b29bfd4fe2a06dc245a.jsonld","https://obis.org/dataset/75240a03-5f51-4193-84c1-be993fc7ae3d","identifiersha","2025-04-07 08:25:26+00:00"
"27c3c701e852dd48067916fc1e6d4712250e7872.jsonld","https://obis.org/dataset/f7eab7eb-9081-4bac-82ac-db33530e797a","identifiersha","2025-04-07 08:27:11+00:00"
"27ce865388b4371b2776382cb8d164615b71a780.jsonld","https://obis.org/dataset/5ace09b6-2033-4227-8772-4382f6ecf103","identifiersha","2025-04-07 08:23:39+00:00"
"27d963f56c8cd63c7e1e4d2c93ecc2fdff6135f8.jsonld","https://obis.org/dataset/99540296-ee30-4a08-a607-c3521a1036db","identifiersha","2025-04-07 08:24:53+00:00"
"27dbbadd0db2b009d87a60038e31e17b43eda482.jsonld","https://obis.org/dataset/f1cd91d2-12e3-4ccf-a074-ead1d659019f","identifiersha","2025-04-07 08:26:16+00:00"
"27e33ef11180bdb897b6d57a5e646b8b14ae0e53.jsonld","https://obis.org/dataset/84767a2b-ed0c-4c51-8d89-c080ce4ebeca","identifiersha","2025-04-07 08:23:22+00:00"
"27eac0ae48d3382f7183a2234fa66601e37ea170.jsonld","https://obis.org/dataset/f7c79248-82fa-4d8e-901c-21ddf84750fc","identifiersha","2025-04-07 08:23:46+00:00"
"27fd67645fa196fadf286644000b52feb7611df0.jsonld","https://obis.org/dataset/f9822123-91ba-4f3b-a87d-369a7d073b05","identifiersha","2025-04-07 08:23:28+00:00"
"27ff72e6c4fc7d6c30735df35e9c922ee5da064e.jsonld","https://obis.org/dataset/53fff777-5dd5-4e5b-8638-aa0396e0513b","identifiersha","2025-04-07 08:24:38+00:00"
"280fc55d04240b3ec69bf7afff9e9169aa67a297.jsonld","https://obis.org/dataset/53172248-5301-426f-9000-b94636ccce0b","identifiersha","2025-04-07 08:26:01+00:00"
"281380f8c1f0137d5e1efebe90e6fdfe75b53504.jsonld","https://obis.org/dataset/8c5103cf-25f9-45a2-9cfc-ba0a158cfedb","identifiersha","2025-04-07 08:23:34+00:00"
"2826ba4e4e60f46477e567103301ad704ee300de.jsonld","https://obis.org/dataset/62f819bf-7960-473d-9f95-ee9a5bc2e25f","identifiersha","2025-04-07 08:24:54+00:00"
"2831acdd388927bbfb5ca29faafe25292dd66d73.jsonld","https://obis.org/dataset/7687b242-05b7-48d7-a316-ba6dc34e72b5","identifiersha","2025-04-07 08:22:55+00:00"
"2841125c7658453572c0bbcee003a65714c435c0.jsonld","https://obis.org/dataset/8c536d29-506c-49e3-8332-28818f175c79","identifiersha","2025-04-07 08:26:04+00:00"
"285e2a60f80b0ca26d6ef76cbaeaa3f6f1f3abfd.jsonld","https://obis.org/dataset/2b509668-d16b-4c59-9548-f2b00ac50216","identifiersha","2025-04-07 08:25:21+00:00"
"285ea83a7f72d29eec53b2c1ae8ae5e3b2143597.jsonld","https://obis.org/dataset/d9a55b00-17d0-471b-bd49-6f97c8a08f1f","identifiersha","2025-04-07 08:22:49+00:00"
"286945d3f6bb3322223f323f9f894a5bcc5e83a1.jsonld","https://obis.org/dataset/1738da7c-c098-4a6a-9d04-3814fa7613fe","identifiersha","2025-04-07 08:28:04+00:00"
"2878a74d52f16322b09d74c760f770bd99a703d0.jsonld","https://obis.org/dataset/a861b8c9-2113-4410-91f1-05657656dcc9","identifiersha","2025-04-07 08:26:11+00:00"
"2895f45a3c1930765cfc3e64c84232bed6c22fc0.jsonld","https://obis.org/dataset/f50dfbbe-14df-4785-891d-f7fd941dde35","identifiersha","2025-04-07 08:27:12+00:00"
"28b4963d76eafd90b05adf6d19dfaab64cb72b96.jsonld","https://obis.org/dataset/a50a3bc2-1632-44f3-ad49-3b8bae4e250e","identifiersha","2025-04-07 08:24:41+00:00"
"28c63672edcd2354422ddc106b995ba0ef716658.jsonld","https://obis.org/dataset/58e6252a-971f-4249-af6c-20d9ea918f02","identifiersha","2025-04-07 08:24:16+00:00"
"28d67e81bd2166dade6c913df9255d53ee15cfa6.jsonld","https://obis.org/dataset/2f2436fa-7f4f-473e-95cc-4caaba46744c","identifiersha","2025-04-07 08:26:25+00:00"
"28dc551793b07a8e57eac289369d6ac5dd52b6f2.jsonld","https://obis.org/dataset/78819b2f-fee1-4b51-84ad-6b3777a06ea7","identifiersha","2025-04-07 08:23:37+00:00"
"28de8a2d09b28e376bfd4c764d03c27f99ac2a51.jsonld","https://obis.org/dataset/b60d18ca-25a0-4be2-b3c6-e42bf58140e5","identifiersha","2025-04-07 08:27:17+00:00"
"28ee59c10e6b382f65707201766a6ae523c7fe95.jsonld","https://obis.org/dataset/29183497-67b7-464b-a62c-5caaee5095f5","identifiersha","2025-04-07 08:27:55+00:00"
"28fa28bf8bfc3e37b369c0ab103b010fd9d10ce6.jsonld","https://obis.org/dataset/b6d2d3f2-01b5-4901-a657-beaf9e2d5c7d","identifiersha","2025-04-07 08:24:28+00:00"
"291094207ec0ebeaa9d89e5f739d84c5005799a0.jsonld","https://obis.org/dataset/528332a9-8ec7-4e74-9a49-14dfbeebb4db","identifiersha","2025-04-07 08:27:40+00:00"
"292165490137a9c202e461307911f3be597752c1.jsonld","https://obis.org/dataset/e2bc5108-1aec-47c3-8063-f070bf48c79a","identifiersha","2025-04-07 08:24:44+00:00"
"2924540c2135f40a7329149d434e6da9e4b9903c.jsonld","https://obis.org/dataset/e99a0e34-b015-4047-a44f-66c40cbaff03","identifiersha","2025-04-07 08:26:23+00:00"
"2926737bec663104c3b5d65b5e41899fefcd58e0.jsonld","https://obis.org/dataset/9dd01162-5d23-4c9d-942c-162b83a02d96","identifiersha","2025-04-07 08:28:06+00:00"
"2928c3d71db1de11c5434eb831fec1fe8691eed4.jsonld","https://obis.org/dataset/3306ab73-852e-4d59-aa32-7408cea1fdb5","identifiersha","2025-04-07 08:23:18+00:00"
"2942327c2091b1270accb68fd9fec3d596bf5651.jsonld","https://obis.org/dataset/3602c484-da4a-4928-a5b1-621c7213e79f","identifiersha","2025-04-07 08:28:18+00:00"
"2944dc4ab4cab01db1fd5fe0958ebf921fb5dee3.jsonld","https://obis.org/dataset/26fb9cdc-1f1a-453a-b074-ad7f395d1122","identifiersha","2025-04-07 08:25:28+00:00"
"2945404490dd6e6dc783351727ef49d379589b4b.jsonld","https://obis.org/dataset/7ad9fd14-e7d3-454f-8d9a-3aad13523510","identifiersha","2025-04-07 08:23:50+00:00"
"295e46fa6952ede19e3e50ffd0809dee6da7b0fd.jsonld","https://obis.org/dataset/e5cfb6a0-cc12-4e66-99e8-fb83cee16498","identifiersha","2025-04-07 08:25:17+00:00"
"296e5af798086d4cf5fb7487ad712681b2782a4c.jsonld","https://obis.org/dataset/598bf9a3-fc1d-4b6b-b43a-8d822f7d5e06","identifiersha","2025-04-07 08:26:26+00:00"
"296f1445c3d4f9059f7a4b664e5b07db12f8c8e9.jsonld","https://obis.org/dataset/dee16491-77f0-4987-8f80-513e4505b14b","identifiersha","2025-04-07 08:28:13+00:00"
"297a34713769a1764fbc6b4371f6696444fb625a.jsonld","https://obis.org/dataset/047ce186-4302-4c3f-967f-ccae9d3a1804","identifiersha","2025-04-07 08:22:53+00:00"
"297a893769cb0fd762a92039a8c138c4613b8c59.jsonld","https://obis.org/dataset/5a4d7cc8-f997-4314-a0bc-df9f9969c017","identifiersha","2025-04-07 08:26:23+00:00"
"297bf438db6d615d1b5ecd6bae1c526354c62df4.jsonld","https://obis.org/dataset/42324bf0-6f1a-49ab-9e1e-3ccfaf3691b0","identifiersha","2025-04-07 08:27:43+00:00"
"29a261ff49b30f766762bdef33983fb443037e56.jsonld","https://obis.org/dataset/a6a15825-2809-43c2-99dd-8f2db62d3b09","identifiersha","2025-04-07 08:28:05+00:00"
"29accfe5b169332decc8f5e9e4e212af36c2630b.jsonld","https://obis.org/dataset/41dd1b13-c30d-44ce-b4ad-ba0e648b4351","identifiersha","2025-04-07 08:25:35+00:00"
"29b2f7fa7e5cbf117814eacc64fd5c01a1a00c31.jsonld","https://obis.org/dataset/45e7c641-c317-4cae-8b01-0b00cae1029e","identifiersha","2025-04-07 08:26:57+00:00"
"29bc076b1ca7f6abb75b4f91674b14d827f6eba9.jsonld","https://obis.org/dataset/c0f1fca5-47dd-4ba4-8825-112969e2941d","identifiersha","2025-04-07 08:28:19+00:00"
"29c9fba363af199a4c34e1e483a036197f6b516c.jsonld","https://obis.org/dataset/297ec080-aa06-4400-85ed-082befd70052","identifiersha","2025-04-07 08:22:36+00:00"
"29d2b1b496aee79f952a20b9672dc7d5316e60e0.jsonld","https://obis.org/dataset/7f934670-17bd-4723-83fa-42fa053cafc9","identifiersha","2025-04-07 08:28:05+00:00"
"29d82bf62adc16a6b72c8e51ec37d6ba0eef0f0f.jsonld","https://obis.org/dataset/d1df1c46-fc03-4c9a-80ee-c7af45938082","identifiersha","2025-04-07 08:24:15+00:00"
"29dc9f94fa43f1a344a2505711c744e741d9efb4.jsonld","https://obis.org/dataset/0eaab20a-6b95-4c2d-a447-787da942b256","identifiersha","2025-04-07 08:26:05+00:00"
"29e36b4f7cf3fd7089feead740fcef605543c44c.jsonld","https://obis.org/dataset/fe09e1dc-61fa-482d-a2f9-f5a597f65b43","identifiersha","2025-04-07 08:23:21+00:00"
"29f47b502dd14009c797aed1a3dbc5299db3a943.jsonld","https://obis.org/dataset/19040241-0cf6-4837-ac9c-c22afc30c15f","identifiersha","2025-04-07 08:25:51+00:00"
"2a22720020ad8199e0c98cd920bce734ba4d079d.jsonld","https://obis.org/dataset/bd1e0c2d-d0db-4e95-8f47-b22c08fb7120","identifiersha","2025-04-07 08:22:56+00:00"
"2a23445fea92a10c5df0ef81088d5c30f44c73c5.jsonld","https://obis.org/dataset/d50ba1b8-7254-40ea-af9a-099846e469c0","identifiersha","2025-04-07 08:26:07+00:00"
"2a31010d01cd7b097c99ede582ccd45cf444bfdf.jsonld","https://obis.org/dataset/9960967d-38b0-4f6b-8fb4-a468d2ee25a0","identifiersha","2025-04-07 08:28:04+00:00"
"2a357d90c1ef5a29cc8f477a2866814ee759b807.jsonld","https://obis.org/dataset/62811893-ffdb-462f-be68-27eff06bab0e","identifiersha","2025-04-07 08:25:58+00:00"
"2a41d83fe9bb36d820f1c3ff4532be13624dd579.jsonld","https://obis.org/dataset/58260603-43be-431e-9e8a-cf298245db17","identifiersha","2025-04-07 08:23:59+00:00"
"2a4d0de904178188b3f6a1955d7a93fc5dcc00de.jsonld","https://obis.org/dataset/94998771-ade8-4a61-8358-fbb3448bb3c9","identifiersha","2025-04-07 08:24:55+00:00"
"2a58a41b97facf75d32a8076f757e230515b7cb9.jsonld","https://obis.org/dataset/4f2d2760-9edd-416f-b105-355957fc1f22","identifiersha","2025-04-07 08:24:44+00:00"
"2a746437bec2ee81eccc9ff7e819e6ae2b0b1d7d.jsonld","https://obis.org/dataset/e2ae1710-46e4-4331-88c7-8970336fdb42","identifiersha","2025-04-07 08:27:28+00:00"
"2a7cc1799b1bfd2fc0dbcc1be60f5cb4764cf42d.jsonld","https://obis.org/dataset/f4baa4ab-d62a-42a3-82de-5c6a72c97c61","identifiersha","2024-12-09 19:18:02+00:00"
"2a8796bb8fa8092b527725b2a1ecf47e766bb25e.jsonld","https://obis.org/dataset/c683d802-a110-4043-95b3-3a20a7c57608","identifiersha","2025-04-07 08:26:20+00:00"
"2a998d03fa93a2aec5cf152924a7befade6ebe16.jsonld","https://obis.org/dataset/6c071382-32f5-48ea-9f01-71e86458cc8d","identifiersha","2025-04-07 08:24:33+00:00"
"2aabb8874d53c79cabdec49797c8744f76c46574.jsonld","https://obis.org/dataset/45980cd7-a095-494b-89d9-4ccdee46ca0e","identifiersha","2025-04-07 08:23:21+00:00"
"2ab33130f90a4dee55db418c9620ab83773edb48.jsonld","https://obis.org/dataset/227acf30-87db-4ba8-833a-722d89326a60","identifiersha","2025-04-07 08:24:42+00:00"
"2adea4149be1c6f689a46885fbc94e8ba7ef4b59.jsonld","https://obis.org/dataset/e81a3a3b-decd-4bfd-bff8-76430db95476","identifiersha","2025-04-07 08:28:21+00:00"
"2ae8d4fe2630bb0885ddbf4984dcc3f49ca7c1c4.jsonld","https://obis.org/dataset/d6d50ee3-095d-4a8c-ba6b-7a83bdd4f28c","identifiersha","2025-04-07 08:26:20+00:00"
"2aed97b8d8bad6d43b7292fdd285aa1fb32049a3.jsonld","https://obis.org/dataset/566386e9-9494-40a1-a3a0-63233c208fee","identifiersha","2025-04-07 08:23:01+00:00"
"2b03c4af1893b202751f696f4d3aed625c6ef8ee.jsonld","https://obis.org/dataset/77cd73c0-62a0-48a6-b8af-9d6324e5b15a","identifiersha","2025-04-07 08:28:07+00:00"
"2b19cd1fd42cce6d1c8a5a30fca66f0fbd8a95fa.jsonld","https://obis.org/dataset/cfceb150-bbe2-4efb-8682-14cfc7167e7c","identifiersha","2025-04-07 08:22:39+00:00"
"2b20854ec0bb04444aafbb412e40505912473174.jsonld","https://obis.org/dataset/3cdb3dca-4df4-4931-9155-b41da2ce4075","identifiersha","2025-04-07 08:27:23+00:00"
"2b24671b1596a2235af51c50cc95add3a5330665.jsonld","https://obis.org/dataset/b908eedb-3845-4819-a754-f06997cd935e","identifiersha","2025-04-07 08:25:19+00:00"
"2b28ba59444548641e18a027d7109b7647718643.jsonld","https://obis.org/dataset/602bfc11-b931-4cdd-92a4-983205839adb","identifiersha","2025-04-07 08:26:21+00:00"
"2b2fff7210059e023af9914e37f079a297cb68b8.jsonld","https://obis.org/dataset/657bb43c-0ca7-4d67-9553-a7a55095fd24","identifiersha","2025-04-07 08:27:46+00:00"
"2b31f51588ad658cc27e085de60c7118d10fa762.jsonld","https://obis.org/dataset/3eea4a4b-345e-47bf-9e7c-9405a64e86cb","identifiersha","2025-04-07 08:25:14+00:00"
"2b5f84fd936ef084ca3852dddec0b6d6443d9797.jsonld","https://obis.org/dataset/661aee3f-5979-463f-a475-53eb946063b3","identifiersha","2025-04-07 08:23:10+00:00"
"2b63e4d1c8f931549a44ee0bda9fc5ae1bea949e.jsonld","https://obis.org/dataset/d6ae6af8-8eac-4fbd-9ce5-b49b1137351c","identifiersha","2025-03-24 00:31:48+00:00"
"2b7903349dd0dedf98f746aa43f886b82987f406.jsonld","https://obis.org/dataset/e3b7d014-2ea6-44a4-ab17-19da017db40f","identifiersha","2025-04-07 08:25:26+00:00"
"2b7cca8f92f863ff02acdba79969ae06cb3253e1.jsonld","https://obis.org/dataset/838de48c-aa45-4771-971f-1f1796f9bf75","identifiersha","2025-04-07 08:27:20+00:00"
"2b90b07e800d29acf90ed0791359300e60dd4215.jsonld","https://obis.org/dataset/36c1ed77-8e1b-4286-b1f0-cf8ddce930f4","identifiersha","2025-04-07 08:26:00+00:00"
"2b9cc14677f9b5a43913325c5c14fdf157705a28.jsonld","https://obis.org/dataset/e69be30f-84e8-4c21-a7ce-9fb4fb14ce6a","identifiersha","2025-04-07 08:22:32+00:00"
"2bb221fdade1956dec1c7939c29dd75155dc58bf.jsonld","https://obis.org/dataset/14d5f344-9e79-496f-b914-c98ea5b9617e","identifiersha","2025-04-07 08:24:41+00:00"
"2bc52176ea907b6563c168b5ce41f991622d6561.jsonld","https://obis.org/dataset/9c59b690-76b7-4115-991b-a97fa770e465","identifiersha","2025-04-07 08:28:29+00:00"
"2bd3384a42855d725738adaea6411890897dfc21.jsonld","https://obis.org/dataset/4ac9f38d-51fc-44a0-9e7b-c8a90c920478","identifiersha","2025-04-07 08:28:04+00:00"
"2bde8ce5b53c72d5ec800bd98a78ab4a0ff47723.jsonld","https://obis.org/dataset/210efc7c-4762-47ee-b4b5-22a0f436ef44","identifiersha","2025-04-07 08:22:31+00:00"
"2be3d2be4e09620432bd6d737d59dc3da7e95a41.jsonld","https://obis.org/dataset/4a840d4b-75c5-40aa-8414-446be8dad50a","identifiersha","2025-04-07 08:26:44+00:00"
"2bea435b3e8044158062f30793354fc44d255068.jsonld","https://obis.org/dataset/dadd8252-0f72-417a-be62-9bde09e93c61","identifiersha","2025-04-07 08:25:59+00:00"
"2becae4113765a10ae73295d595484de47446f35.jsonld","https://obis.org/dataset/f39e92e9-e1b5-494d-8f91-876600d2926c","identifiersha","2025-04-07 08:27:36+00:00"
"2bf1ce1a5d54d89b8edd91b082e9f886b3edcd53.jsonld","https://obis.org/dataset/43ebc6a7-f850-4e80-baa1-4f93fcf60271","identifiersha","2025-04-07 08:27:17+00:00"
"2bfad6eb891b61ffafe985f4f4e98c5a5302adb3.jsonld","https://obis.org/dataset/1fe0bc91-a326-4fc6-a7c3-4b0cdd2fd9b2","identifiersha","2025-04-07 08:23:13+00:00"
"2c24f98531b228fc2cedbe3c1a18402ecdfee065.jsonld","https://obis.org/dataset/717041c4-dd72-4457-8963-4e63e8e35710","identifiersha","2025-04-07 08:25:16+00:00"
"2c32bb23d7f1846d809bc48a9c9e24584be8f97a.jsonld","https://obis.org/dataset/c1135af2-9db6-438a-a09e-a3e662e52093","identifiersha","2025-04-07 08:27:17+00:00"
"2c33bc3374fb7914c0408bf5831c541c44c93b19.jsonld","https://obis.org/dataset/6a1d743d-5c28-4ec4-9e39-b4c0153235a9","identifiersha","2025-04-07 08:23:56+00:00"
"2c38327d497398b63813645fe6d8e60c252e7802.jsonld","https://obis.org/dataset/3c2cc0a4-15fd-4541-8183-ac4efef8e43e","identifiersha","2025-04-07 08:24:09+00:00"
"2c3899eb32877d352d76a80f0113c80e294a65b2.jsonld","https://obis.org/dataset/7a1d8a19-3262-4484-a9ec-5dab59681a0f","identifiersha","2025-04-07 08:27:31+00:00"
"2c391d5385081fedd5624993137ceddec2ece2ed.jsonld","https://obis.org/dataset/4da23d30-af8d-48f3-977a-4e24394e2e8c","identifiersha","2025-04-07 08:23:56+00:00"
"2c3a157294e2a62f40aeda563089bd507bc16c29.jsonld","https://obis.org/dataset/e05e2c3e-66e4-485f-951f-26dff59228bd","identifiersha","2025-04-07 08:27:45+00:00"
"2c57ae629c16febc053db32c0f8a037df61796d9.jsonld","https://obis.org/dataset/0d4a82eb-2c3b-46a5-8829-fd7e29b086a2","identifiersha","2025-04-07 08:26:18+00:00"
"2c5b465eb5aad1f18fd8b92b1853752db3596fdb.jsonld","https://obis.org/dataset/94613f69-e6b8-4b95-ac2b-3632ee067277","identifiersha","2025-04-07 08:27:07+00:00"
"2c5d6f38cc8ac554eac8daca664f702c28e86d26.jsonld","https://obis.org/dataset/d0544c88-49bd-4141-ac3c-f97537fc11b3","identifiersha","2025-04-07 08:26:52+00:00"
"2c67a5fce946d38a7465610c7099262a93cb803c.jsonld","https://obis.org/dataset/c85d211b-8d87-4ab8-8269-6ce26d53ee94","identifiersha","2025-04-07 08:24:50+00:00"
"2c804089b62f9ffa08745eace2ce215acb0c248a.jsonld","https://obis.org/dataset/3b7223b4-295a-43b6-bea5-82776e7e598f","identifiersha","2025-03-24 00:31:08+00:00"
"2cbcdf0023d1e64b94ebe86eac2fdec500e4feac.jsonld","https://obis.org/dataset/55a44483-5a4b-4148-9336-da18c045d31c","identifiersha","2025-04-07 08:24:53+00:00"
"2cc3afbb012fb7fa806cc6c8dfae86470b7c71b6.jsonld","https://obis.org/dataset/7a59f604-00ae-4e27-9178-96f45fb8a9e6","identifiersha","2025-04-07 08:24:42+00:00"
"2cd449fc20612cc1e2dd0310419fda8aa06cf7eb.jsonld","https://obis.org/dataset/ae2fcd3f-15f7-4879-940a-20ab6e865bde","identifiersha","2025-04-07 08:28:28+00:00"
"2cdde091bb0b75d358f8fb30610d5d2edef73bef.jsonld","https://obis.org/dataset/f1954032-72b9-4616-ac0a-af3ef21b16ef","identifiersha","2025-04-07 08:24:26+00:00"
"2cf076bb40e575869b12d24a4cd56fc6b7de4336.jsonld","https://obis.org/dataset/b82aea53-5ee1-4764-9264-26ce48d7c3db","identifiersha","2025-04-07 08:25:31+00:00"
"2cf6d4294bb4f4658c320b28c45a0fa64ce8523f.jsonld","https://obis.org/dataset/78db144a-7892-4abd-be48-c365b08d864e","identifiersha","2025-04-07 08:28:33+00:00"
"2cfe5a6bd0606c7e8db2738d07233ae71c320f36.jsonld","https://obis.org/dataset/dfeee39f-ba60-46e6-945f-ed12c9524709","identifiersha","2025-04-07 08:26:33+00:00"
"2d0302af9469b21d79f0bc6088353ba7140b3c19.jsonld","https://obis.org/dataset/d04e6c9d-2c19-4beb-8b52-cae1123542d3","identifiersha","2025-04-07 08:23:22+00:00"
"2d035b394d22e3188c19e8dbbd0481d4bbb0ed23.jsonld","https://obis.org/dataset/688e612a-103c-452c-a72e-75e884cf2aae","identifiersha","2025-04-07 08:27:16+00:00"
"2d053bee42bbd81da61e0f58274018efd831c070.jsonld","https://obis.org/dataset/1d182a20-da6a-4224-a38d-706b44359e47","identifiersha","2025-04-07 08:28:12+00:00"
"2d123a4c856a2427736e6116954446c011732815.jsonld","https://obis.org/dataset/7b9e09b6-0549-4eb6-9d31-974575c1b400","identifiersha","2025-04-07 08:25:12+00:00"
"2d1b8395ef40783b6cd856052a7114bee416e45e.jsonld","https://obis.org/dataset/4df3e2d9-6171-4458-bc30-7f7caef8d35b","identifiersha","2025-03-24 00:38:48+00:00"
"2d3e2d695a984da0facb05b9fc9988db20c290bd.jsonld","https://obis.org/dataset/b0d7e03e-36b9-439d-9eda-b87b0c614e73","identifiersha","2025-04-07 08:24:08+00:00"
"2d3f6a6fa92bd8fab02c9f4835144a9bcdce64ad.jsonld","https://obis.org/dataset/0c59dc30-4b06-4572-addc-155042f81fd0","identifiersha","2025-04-07 08:22:41+00:00"
"2d481d3cbb32990a0f90ec6cb52878242ea16718.jsonld","https://obis.org/dataset/9d4df8dc-8a90-405b-8a3a-84e78955dee5","identifiersha","2025-04-07 08:24:36+00:00"
"2d6264eee3a037a26fc86c46ee2b4b961b6bf3f2.jsonld","https://obis.org/dataset/e97ffc58-cc04-4a63-9360-440c4441fdf4","identifiersha","2025-04-07 08:24:57+00:00"
"2d6634b19665a0d46684f7930523f7d597caa86a.jsonld","https://obis.org/dataset/981b3f1c-5109-4d2c-8a4b-cf1cfc535f97","identifiersha","2025-04-07 08:28:27+00:00"
"2d7b01590e3eb8f9af3053a3f4f76edfb7f2950d.jsonld","https://obis.org/dataset/eb7eea58-e79f-4bbd-8296-c366270ac61f","identifiersha","2025-04-07 08:25:08+00:00"
"2d7cdb1e1a1271c3119a752c0c322f6c07ea46b1.jsonld","https://obis.org/dataset/14408cc8-5d37-46d1-91a9-d838fc339ff9","identifiersha","2025-04-07 08:22:57+00:00"
"2da62ba800962edea9d9160d576c89d6a3726d62.jsonld","https://obis.org/dataset/9ad0f8eb-b983-418d-b881-3b672d9e0005","identifiersha","2025-04-07 08:22:42+00:00"
"2dbbe8b24b6ec93039d125905c17b85fcebf98c8.jsonld","https://obis.org/dataset/ecd8c6c8-fe0b-4e3d-abc0-7fde98848ce4","identifiersha","2025-04-07 08:28:28+00:00"
"2dca3ecd6e2151e7c83d54f4a612e12ae12d2743.jsonld","https://obis.org/dataset/9e287b46-3a0d-44b9-8bde-3cbd5c6410ef","identifiersha","2025-04-07 08:24:34+00:00"
"2dca8bb4ac6972d21341a513a0c67d88c8a8d27f.jsonld","https://obis.org/dataset/13afda68-30f9-4d62-88b6-c1484423b55d","identifiersha","2025-04-07 08:27:40+00:00"
"2dd6b4d7f93ffff02885210c5503b38042c03b52.jsonld","https://obis.org/dataset/55fdf06d-205c-4de0-80d5-4e9c355b54ee","identifiersha","2025-04-07 08:26:37+00:00"
"2dd98faf64b04d04b8cc8987eaf161170e889242.jsonld","https://obis.org/dataset/a94140fb-fcdb-4999-b6a9-5aa382d558f3","identifiersha","2025-04-07 08:27:21+00:00"
"2de0e5be869f648e6a1b55c447d37ddaa7318b9a.jsonld","https://obis.org/dataset/ccabcf81-9789-4cf1-ada4-684f038804a0","identifiersha","2025-04-07 08:23:44+00:00"
"2de14c8c3264d6be1ab726236ca69bdc685040d1.jsonld","https://obis.org/dataset/121a0ea2-8014-44bb-b5f9-7b1c06be4691","identifiersha","2025-04-07 08:25:24+00:00"
"2dee28b16befb11727e92f2df8e5837c4418f794.jsonld","https://obis.org/dataset/e35fcf81-e749-4bf5-a22c-b6e1cad8cbea","identifiersha","2025-04-07 08:22:46+00:00"
"2e17fff81c24015704b4a4aee6d2d7f3c14a28cf.jsonld","https://obis.org/dataset/19abb100-fb94-4295-ab17-bb3e58674cf3","identifiersha","2025-04-07 08:22:55+00:00"
"2e19f8256947408cc14acf05656195300761589b.jsonld","https://obis.org/dataset/a163bc02-40e0-4c0a-a57a-4753a69a0d12","identifiersha","2025-04-07 08:23:25+00:00"
"2e2d90f5fb313c990a49d022e16f0b6a21ed8dae.jsonld","https://obis.org/dataset/b3194fd4-355d-4e92-aaca-75846f45c515","identifiersha","2025-04-07 08:23:48+00:00"
"2e42091c6417ecde7af721ad0ce73ac8ee43bc91.jsonld","https://obis.org/dataset/4e2cf30c-b238-4ca9-ae05-0809da31d4cc","identifiersha","2025-04-07 08:22:34+00:00"
"2e47bd06aaff38c4da955b94f6624d00f3f88316.jsonld","https://obis.org/dataset/0272e8ef-7860-4c23-ac97-b73bf731fb7b","identifiersha","2025-04-07 08:25:34+00:00"
"2e51cb1b756d7fb0009483a3a3f0e8819d8b1516.jsonld","https://obis.org/dataset/f88d9180-1f1e-414c-b212-5e37f39af8b5","identifiersha","2025-04-07 08:28:03+00:00"
"2e5a5da99355f5811547e35b63743d05dce2b50c.jsonld","https://obis.org/dataset/345c1b88-2bab-4403-ad2c-1733c0b0a3dd","identifiersha","2025-04-07 08:22:38+00:00"
"2e5b31fba8089b042f0ccadd866a53620b63d581.jsonld","https://obis.org/dataset/47edd06e-212a-4677-9abb-6384a0cac20a","identifiersha","2025-04-07 08:22:37+00:00"
"2e5c53aa764fc86094befc39b9bbb142d03f50d3.jsonld","https://obis.org/dataset/36693923-2abf-4237-8154-8016f32844a0","identifiersha","2025-04-07 08:23:03+00:00"
"2e64a692870ed8ce078d7e33de14ba03e3480aea.jsonld","https://obis.org/dataset/04ec7e46-5d5d-44e7-a3cc-f0915295ae3d","identifiersha","2025-04-07 08:24:05+00:00"
"2e70f642fef701afbde8ea4e69d04335cd5f6622.jsonld","https://obis.org/dataset/fe970815-6a9a-48f7-8f05-8c88bacec4b0","identifiersha","2025-04-07 08:23:59+00:00"
"2e837570ba3bb91ed03f6abb33c2265e5bbfe02d.jsonld","https://obis.org/dataset/4e5770dc-0fdf-495e-8b0d-92f76b13b660","identifiersha","2025-04-07 08:27:50+00:00"
"2e840a5d9f8f4b73007199f67330c872bfed2d7f.jsonld","https://obis.org/dataset/5061d21c-6161-4ea2-a8d4-38f8285dfc47","identifiersha","2025-02-24 22:25:34+00:00"
"2e864220d7a7d0051a8c8806d11bd434c4413513.jsonld","https://obis.org/dataset/adb7a322-0207-4363-8b55-2218d0305549","identifiersha","2025-04-07 08:28:19+00:00"
"2e8bff5c5b7b39cf771cf9262ed33646d0c8ecbe.jsonld","https://obis.org/dataset/b48e27b2-707e-4eef-823f-5782287e42f7","identifiersha","2025-04-07 08:26:02+00:00"
"2e917f295857187ec782105db50dbbe763c9f51e.jsonld","https://obis.org/dataset/f0d2deb2-64c9-471c-8b49-457573951146","identifiersha","2025-04-07 08:25:37+00:00"
"2e949b708f0e675504d381acbe26bedf73817a27.jsonld","https://obis.org/dataset/2a8ddd06-2a18-4fae-81cc-5f5bfe0ef335","identifiersha","2025-04-07 08:22:27+00:00"
"2e95d27cad019488c31c596cf2b64d47bd29ba2d.jsonld","https://obis.org/dataset/2b7c7bc2-cdff-46fd-82d3-008cdea03408","identifiersha","2025-04-07 08:24:10+00:00"
"2e9602f6898f5229b05464cf5830cfb0feaa4b26.jsonld","https://obis.org/dataset/9656db40-e4f9-4d8f-9023-38c7782efd9c","identifiersha","2025-04-07 08:22:29+00:00"
"2e98e288ac2df2a8ea00e2c6d0b9c09a32b315d3.jsonld","https://obis.org/dataset/d7983b93-795f-4dab-ad1c-3cfc04aeb9bf","identifiersha","2025-04-07 08:27:33+00:00"
"2ea3a1bca46f28212efd36935a818cc09f690856.jsonld","https://obis.org/dataset/0c00b34f-d075-41a1-9cf6-8aee153f4491","identifiersha","2025-04-07 08:28:14+00:00"
"2ec2a9bbf05a899f2d84cbb2b27a3f16a8197c42.jsonld","https://obis.org/dataset/60db3409-1832-4e76-9648-10b042a5d7a6","identifiersha","2025-04-07 08:28:05+00:00"
"2ecd8786343ce2978bc99a13b0f829b483b7d76d.jsonld","https://obis.org/dataset/7448812d-b9f6-4859-99d1-2d0f34d14a62","identifiersha","2025-04-07 08:23:54+00:00"
"2eda5d1353fd7be8b78f59cf8640be2e48771e4f.jsonld","https://obis.org/dataset/5ae675a3-ecff-436f-b30f-93fd7faa5e2d","identifiersha","2025-04-07 08:24:20+00:00"
"2edd66d99d93e1dd01d7b38ca6b4e5036586aa2e.jsonld","https://obis.org/dataset/0310154f-f82b-4cd8-9c90-f714569d5667","identifiersha","2025-04-07 08:23:58+00:00"
"2ee0ef08686d7d9923748c715f5b433e832ec162.jsonld","https://obis.org/dataset/0a3d1f18-2f69-4fae-bb1d-f2cca98c980a","identifiersha","2025-04-07 08:27:25+00:00"
"2eeb4bcbf9d6836145ca202823dac2625977fe61.jsonld","https://obis.org/dataset/f3e2bdd3-d495-421a-9182-92432ef24c79","identifiersha","2025-04-07 08:22:38+00:00"
"2eec5154c0dc0b99557258193eb9f2482bf14f39.jsonld","https://obis.org/dataset/4ec202b0-f5f2-42aa-99e9-aae3d6ef1fdf","identifiersha","2025-04-07 08:26:44+00:00"
"2f463eb30a29c0d6efd386bab0709ea64f3ff927.jsonld","https://obis.org/dataset/41e913d3-bde0-4986-b672-0a6ee02de2fc","identifiersha","2025-04-07 08:26:49+00:00"
"2f4d3ab334a383c7af62bfb2cf04cf5a18f34462.jsonld","https://obis.org/dataset/7f4428a6-f463-45d7-b603-43982b0b089a","identifiersha","2025-04-07 08:27:01+00:00"
"2f4dfeb61f278e6d45189aab30b1359ae42afe78.jsonld","https://obis.org/dataset/f0c1db32-d784-4488-a87f-ed56afcba14a","identifiersha","2025-04-07 08:28:37+00:00"
"2f670708372e2d5e34b2ef998d505d4d487a0ef1.jsonld","https://obis.org/dataset/f18fd24a-a6e1-447c-98c6-98116ab69d07","identifiersha","2025-04-07 08:27:13+00:00"
"2f71b7beb4b5a59ffe458a7b853db53757ddf914.jsonld","https://obis.org/dataset/0f17131c-6dad-43da-a559-fa009fdc3c54","identifiersha","2025-04-07 08:25:23+00:00"
"2f8a398bf70dc4d5265599218a916039532a1597.jsonld","https://obis.org/dataset/5fd0a2a6-db76-4268-be7e-6e11209dfab8","identifiersha","2025-04-07 08:27:03+00:00"
"2f8c796d314ae79e615132e580dfa972da937b78.jsonld","https://obis.org/dataset/cae00d2b-18b7-46b7-add4-4e80bd6a2a95","identifiersha","2025-04-07 08:24:55+00:00"
"2f904e0ffe3fe28136c73132b5038582ac241cda.jsonld","https://obis.org/dataset/6f875daa-8e2d-4864-8218-92ce4f40a5d4","identifiersha","2025-04-07 08:24:36+00:00"
"2fac51c7d4566285eb73fdded80951901b353471.jsonld","https://obis.org/dataset/c43d814e-5719-499d-a801-ec5759db222c","identifiersha","2025-04-07 08:25:49+00:00"
"2fb2ed4da8b917042e3891115d164dbab6c07789.jsonld","https://obis.org/dataset/e7533572-7d3f-41e1-9386-337d113a486f","identifiersha","2025-04-07 08:24:45+00:00"
"2fba27fdb6c21d741b989ae900badc8b26e9f07a.jsonld","https://obis.org/dataset/5d9d0d20-d3a6-4b0c-aa75-eebe97175b25","identifiersha","2025-04-07 08:23:20+00:00"
"2fbe89482d14a7e0874458904214810b7779d3b3.jsonld","https://obis.org/dataset/8b681c9d-f925-4a11-930d-d37c07b0560e","identifiersha","2025-04-07 08:26:19+00:00"
"2fc42e3f0c3ba9156b24b48152515849f1e8bd0c.jsonld","https://obis.org/dataset/bc8f2f64-ac01-4c6d-8686-2d8a2717e085","identifiersha","2025-04-07 08:28:14+00:00"
"2fdd1f69b8602f28d4489766ce85f9a51beaef28.jsonld","https://obis.org/dataset/efebefae-fbd0-4900-9569-41d59a58b8e2","identifiersha","2025-04-07 08:26:19+00:00"
"2fea48c88e5500398de9903139b65346074e9983.jsonld","https://obis.org/dataset/78f97784-2904-4e60-8aed-defe1e6b4b24","identifiersha","2025-04-07 08:22:41+00:00"
"2feb705b64e6bc4c2ab96a80f7fa1302283023f8.jsonld","https://obis.org/dataset/c82dd852-a454-4a5b-8515-ece289f382d3","identifiersha","2025-04-07 08:23:11+00:00"
"2fee6c101ad636c070432a7418ad8a950d36c903.jsonld","https://obis.org/dataset/30728a24-0b4d-4658-8236-017d1db3ab56","identifiersha","2025-04-07 08:25:46+00:00"
"300cf4cb459300b3111627ba3e77b4d3ae937fbe.jsonld","https://obis.org/dataset/07590136-0a80-4c78-b6b5-ad107fb56d03","identifiersha","2025-04-07 08:26:03+00:00"
"300d29e8cbbb68efc4318a34ccc825586ceb3d76.jsonld","https://obis.org/dataset/1e322446-2db5-42ed-87a2-9cc7348ad4b4","identifiersha","2025-04-07 08:26:49+00:00"
"300f16215c4275a38b478395ff8d441b303a389a.jsonld","https://obis.org/dataset/cc615d6e-d29f-4fd7-8780-971b318b1a81","identifiersha","2025-04-07 08:28:22+00:00"
"3016cbe632d010a05d00140c2924fe7bb3086a49.jsonld","https://obis.org/dataset/391a1608-87a7-4f70-950e-86643643f611","identifiersha","2025-04-07 08:24:17+00:00"
"3016f713d9928050b50cd696a1a7828824d7dc4f.jsonld","https://obis.org/dataset/628dd93d-8a8a-4c95-b333-3d3a43c86cfe","identifiersha","2025-04-07 08:27:59+00:00"
"3039d452c4eb0b7e9616b211124809b0fe5002a9.jsonld","https://obis.org/dataset/8eeabc8b-33f9-46e9-80bb-dcb6e504c24b","identifiersha","2025-04-07 08:23:13+00:00"
"3047c3729ee4d8149b7504a4fab1287961a80dd5.jsonld","https://obis.org/dataset/8c35c13c-174b-4d86-a050-d714a99a7009","identifiersha","2025-04-07 08:27:47+00:00"
"304d2f6f218ea4d2435404caa6e4fe423ae41570.jsonld","https://obis.org/dataset/34142e20-9e34-497f-8c53-e82eb6429b17","identifiersha","2025-04-07 08:24:55+00:00"
"305e46b821c787513de7077ef04f710e5fa968bc.jsonld","https://obis.org/dataset/866600af-b319-42ad-821b-d813a2629088","identifiersha","2025-04-07 08:24:46+00:00"
"30685a9ca11ac0d115b2f32cc65b45b20324e9e8.jsonld","https://obis.org/dataset/16d92f0c-536c-45e8-9068-c2c0458ee87b","identifiersha","2025-04-07 08:22:58+00:00"
"3071ad15bb0415404a05a26b04d916ba56781087.jsonld","https://obis.org/dataset/8494b0cb-551e-4997-8cce-2f8aa7242b86","identifiersha","2025-04-07 08:28:37+00:00"
"308275dcc8c607e2d9bb22ecb7e772fd3ef1397b.jsonld","https://obis.org/dataset/196c2586-901a-4513-a4ea-237d2e36618d","identifiersha","2025-04-07 08:28:08+00:00"
"309850208e0d891772b642ea1d18b5dc122abcb6.jsonld","https://obis.org/dataset/24e96d02-8909-4431-bc61-8cf8eadc9b7a","identifiersha","2025-04-07 08:23:34+00:00"
"309e1448cfaa12f88da015cf803f5fa302b362c2.jsonld","https://obis.org/dataset/77867de1-405f-4a60-97e2-49e4f0e16965","identifiersha","2025-04-07 08:28:13+00:00"
"30a471b71b369353369d2d60ed9b3c1ee1995628.jsonld","https://obis.org/dataset/45428160-b6af-48d4-a924-e0692384632e","identifiersha","2025-03-24 00:42:31+00:00"
"30a6c2b74a6015e49627baa79fd27a953ca6af3f.jsonld","https://obis.org/dataset/df1970cb-fd9a-440a-9547-7ee6ec2605bc","identifiersha","2025-04-07 08:23:25+00:00"
"30ac50b85e85c1b46dd0b07e55995c752906da59.jsonld","https://obis.org/dataset/e164a936-41a4-408a-a4ca-1f01c82954c7","identifiersha","2025-04-07 08:23:38+00:00"
"30bc23504d110f9bee802c1f72d1350bce384a83.jsonld","https://obis.org/dataset/bf63eaf2-071f-491c-93f2-4c21fb0c46ca","identifiersha","2025-04-07 08:26:16+00:00"
"30c0dfe07a7749414285a01ad34429c05e3b7c24.jsonld","https://obis.org/dataset/6ea5869c-cb2f-495e-a99b-d100f1779109","identifiersha","2025-04-07 08:26:46+00:00"
"30c49717ab4f8e3d1f0968284ee3407e1fa5bf11.jsonld","https://obis.org/dataset/4d69d344-5038-4338-abfc-058b96385655","identifiersha","2025-04-07 08:26:58+00:00"
"30d3531eebd382af45ac8df7f5af36fd6b21a2a8.jsonld","https://obis.org/dataset/736a3672-ee50-403d-8e8c-26f615f127fa","identifiersha","2025-04-07 08:26:41+00:00"
"30ed077d7abd90b9e69995de23c39123a01c58f6.jsonld","https://obis.org/dataset/074dec19-0bf1-4570-bb58-7dc4716a093d","identifiersha","2025-04-07 08:24:49+00:00"
"30fa9e6688931c87f4cdf82c9fd52242655d00e4.jsonld","https://obis.org/dataset/5c2a72c1-092f-4f8b-a573-fd90fd042b29","identifiersha","2025-04-07 08:25:11+00:00"
"3102404e413d4ebed8c1349ca10018fa5ce0a93a.jsonld","https://obis.org/dataset/7ece3f71-6bae-4cc4-8619-d560a564f187","identifiersha","2025-04-07 08:24:33+00:00"
"310d92cbbde599913a3790bc85e764127822618d.jsonld","https://obis.org/dataset/125415a6-c5b8-4c81-9050-324deb4a0e5a","identifiersha","2025-04-07 08:27:39+00:00"
"31152877252ec7d9f44eb28b88cf3fc338b2b1d3.jsonld","https://obis.org/dataset/1fa7faac-a46c-4d7a-8d5c-8dde6d611dcc","identifiersha","2025-04-07 08:24:54+00:00"
"3117024cef7f471bf33e14ce6bb5576fb5487f39.jsonld","https://obis.org/dataset/e2e400f9-29a8-4c04-bc72-f6f5390770cc","identifiersha","2025-04-07 08:25:44+00:00"
"311a96dd8495548595e98296b7fa7f0d8e23f83c.jsonld","https://obis.org/dataset/e548f7dc-7f39-4597-8258-351bfe98aaf0","identifiersha","2025-04-07 08:23:26+00:00"
"311ca6f0380f3ac0813d00991ce347e37fd6040f.jsonld","https://obis.org/dataset/50713b48-1ebc-4ae3-97b8-543777e1e815","identifiersha","2025-04-07 08:23:05+00:00"
"3126b382c4a17dddb49ffd754ca7848b956327d3.jsonld","https://obis.org/dataset/61c584dc-c8d4-4f3a-9122-fbaec9562707","identifiersha","2025-04-07 08:26:00+00:00"
"31273467eeb46a720a72f343ed3689f715fc1639.jsonld","https://obis.org/dataset/075d4b29-0111-4452-8e27-ef6ad719d1e1","identifiersha","2025-04-07 08:25:58+00:00"
"312984f6f8ed3951e7ac3f9e7d7494fb7c71ffd2.jsonld","https://obis.org/dataset/4ac1f142-5de0-4b8f-86b1-717cd96dcd6b","identifiersha","2025-04-07 08:27:08+00:00"
"312b99de8c278c219fa41e3c15ef627208e1b640.jsonld","https://obis.org/dataset/076221a7-0035-4f14-801f-22bb7d5b1be7","identifiersha","2025-04-07 08:24:31+00:00"
"3131463cf6e1737be7d5eacb666747cbb786cd5f.jsonld","https://obis.org/dataset/c1092532-8c5b-488f-baec-4532c0f25e46","identifiersha","2025-04-07 08:27:23+00:00"
"313badd7176b48b34c1bb2c8907a693dd5ec5796.jsonld","https://obis.org/dataset/a198615f-05a3-4543-adc0-5a03ff1ba8f0","identifiersha","2025-04-07 08:25:21+00:00"
"314c3886e2ac7c0598bf56aed322fe44db8d02d2.jsonld","https://obis.org/dataset/558a6223-dae8-4b72-b124-7dc4add7ffdc","identifiersha","2025-04-07 08:24:02+00:00"
"3159e6e5bdd9e739d59bd4e28d2277ef3a6ee110.jsonld","https://obis.org/dataset/46db556a-f04a-46c9-9000-db1a877512eb","identifiersha","2025-04-07 08:24:42+00:00"
"315b40ce983c5c86ce39d30e79609a41df9b7602.jsonld","https://obis.org/dataset/b96a03d0-c759-4035-aca7-4b21612c72d9","identifiersha","2025-04-07 08:27:25+00:00"
"31864fa5fd28f5e518edca27cc3d9e7e492c5737.jsonld","https://obis.org/dataset/ac6a685e-3f10-4658-80db-b1106b440ccc","identifiersha","2025-04-07 08:25:48+00:00"
"318e14ca8a4c5cb81cd23ee8a5c190b545d1daac.jsonld","https://obis.org/dataset/3fa82408-cc6e-42ea-a587-a0b9bb5da879","identifiersha","2025-04-07 08:26:27+00:00"
"318f908ead0d02c0df64d04ef7ed49342b506b01.jsonld","https://obis.org/dataset/c5687a17-e454-40f9-9a4b-d04b2c812d74","identifiersha","2025-04-07 08:22:38+00:00"
"31c84972e7d92025c51c3f58aecf26fff15d5f4e.jsonld","https://obis.org/dataset/714266aa-123b-43b7-98a8-0529ac7f7c4c","identifiersha","2025-04-07 08:26:27+00:00"
"31cc65648f138672c4112986e80a3efe93b6a3fe.jsonld","https://obis.org/dataset/ed6a4c12-881b-4d5f-af52-29f10d9b8d8c","identifiersha","2025-04-07 08:28:17+00:00"
"31d5d0fed7ab85474674a4822637fdd68a4f2adb.jsonld","https://obis.org/dataset/db322fe2-3666-454d-8532-c218e803f226","identifiersha","2025-04-07 08:27:49+00:00"
"31e2fca56d588bd02cb269efc7dbd652b088fea6.jsonld","https://obis.org/dataset/32d3fa59-a675-4044-aafe-f360d2a52f8a","identifiersha","2025-04-07 08:24:54+00:00"
"31e8b1324c958a3da7a0a845188871c260e7b7fb.jsonld","https://obis.org/dataset/6b3b0a89-8273-40d1-a129-3d20e7feae03","identifiersha","2025-04-07 08:26:56+00:00"
"31eda60e00bf55a11bf9e064687b793bd9e824f4.jsonld","https://obis.org/dataset/b8439c16-2820-48e9-8ea0-7ccbd71b8805","identifiersha","2025-04-07 08:23:07+00:00"
"31f7ad6b720b093d675809956a702147321b8797.jsonld","https://obis.org/dataset/6959c7ad-efa9-4138-8111-d62fea26812e","identifiersha","2025-04-07 08:23:35+00:00"
"3208ae683ba6dfc96d275044602b581cb8381acd.jsonld","https://obis.org/dataset/2dc9bb15-a021-4b16-bfbd-ec05bf4ca57d","identifiersha","2025-04-07 08:24:03+00:00"
"32263da7fe1872a02012088cb2f02c4b60c55d84.jsonld","https://obis.org/dataset/a08db4f0-5df1-4ff3-a9c8-4af42a31cdba","identifiersha","2025-04-07 08:23:12+00:00"
"3231035ca18c6644723f452900e055f191caa98c.jsonld","https://obis.org/dataset/984751f2-5444-4e41-b978-825840fe6768","identifiersha","2025-04-07 08:26:43+00:00"
"3231c581c8b1e564dcd92b777bae464e7bae1b6c.jsonld","https://obis.org/dataset/0cdfa946-e400-494f-97d5-1282ee22e403","identifiersha","2025-04-07 08:28:37+00:00"
"324d5429a4b58861f6265fd4890b8e30c824c960.jsonld","https://obis.org/dataset/069b16f7-3305-4ef5-9cd1-cefceae25e92","identifiersha","2025-04-07 08:26:57+00:00"
"325a22fca8672ba4b1993d704fdf9dfcac174a5c.jsonld","https://obis.org/dataset/654a42e9-195a-40a4-a492-290b9eadbaa8","identifiersha","2025-04-07 08:26:47+00:00"
"325dec83cc70f583b97c0aa53f1f50cc2ae5c142.jsonld","https://obis.org/dataset/3382a517-aab5-4c5f-a3b3-c2b793cb5f94","identifiersha","2025-04-07 08:25:39+00:00"
"3268bf5b74b31c1b1ff559e3b74a945ed927859e.jsonld","https://obis.org/dataset/81ace119-09fd-467e-8f6e-74ca29b01634","identifiersha","2025-04-07 08:24:31+00:00"
"327215f6ad354d7ff9565cc6ba5fc10a2d060dfe.jsonld","https://obis.org/dataset/0c2ca4a9-450c-4840-96a3-c1ae29276582","identifiersha","2025-04-07 08:25:40+00:00"
"3274ce8c99049f8dc32e285bafd8b3c92c3d31f1.jsonld","https://obis.org/dataset/ab46e252-9b77-4b08-b27f-c737dfde4236","identifiersha","2025-03-24 00:33:11+00:00"
"327f7f16bd4c60461f4507dc128dbc7d09642012.jsonld","https://obis.org/dataset/750c3965-0b0e-4a9e-ae5d-f7fb944d90f9","identifiersha","2025-04-07 08:27:33+00:00"
"328fa48a38b7eb04473fdda517e047f368581ce6.jsonld","https://obis.org/dataset/60fa0b32-b088-42db-835c-b9c797a60945","identifiersha","2025-04-07 08:23:13+00:00"
"3296ea7995ce91f6d4a87f188dc54581c3dc51a1.jsonld","https://obis.org/dataset/e200c959-d309-4d9f-8cd5-e390bbce17a7","identifiersha","2025-04-07 08:23:45+00:00"
"329dd99bcbaad38e98a75086854761c5913e124e.jsonld","https://obis.org/dataset/6ca7564e-82dd-42ec-b75a-a4164c3dda29","identifiersha","2025-04-07 08:26:55+00:00"
"32b44b894b93969a6c33c6e683a9f34a1559303f.jsonld","https://obis.org/dataset/d18cab20-e851-413c-8ded-ebe899965b1f","identifiersha","2025-04-07 08:24:08+00:00"
"32b7715e7692caddfe2a4e0226377b89ea8faf23.jsonld","https://obis.org/dataset/6697e640-3f2c-44ca-ba43-bd29d650eac1","identifiersha","2025-04-07 08:23:48+00:00"
"32cceb1a5a93439d9d569f31401e53aff7eaf872.jsonld","https://obis.org/dataset/21a5ac4d-0df1-4e15-93ad-5fe7c65439b4","identifiersha","2025-04-07 08:24:17+00:00"
"32ddb2aa21b9dac3b6c84feef3bd474328bd96b2.jsonld","https://obis.org/dataset/2d120946-a510-4287-a7da-404277ebca5f","identifiersha","2025-04-07 08:23:17+00:00"
"32dee4f7008135e0e671741ef4fe94661f5bd9c0.jsonld","https://obis.org/dataset/34eff95c-ac71-46c1-9305-c602512dd549","identifiersha","2025-04-07 08:26:37+00:00"
"32e579849f3a1bf90cd128ab6c53b23186204f0d.jsonld","https://obis.org/dataset/ad96e7c9-c136-4fa6-ac1c-5c15b328c1b5","identifiersha","2025-04-07 08:24:30+00:00"
"32eb20d0141c010dffd619f249a57a04c002f9a2.jsonld","https://obis.org/dataset/37a99ad5-0758-4dbd-a9d7-374a3db7577b","identifiersha","2025-04-07 08:24:54+00:00"
"32ed0d7849e6548352dd8318ec7df9b5c6ba75c8.jsonld","https://obis.org/dataset/5c389fdc-2764-469d-af92-a14bfb6de4f9","identifiersha","2025-04-07 08:26:53+00:00"
"32f5673d76d4676e191f124de847a7ea4cd611df.jsonld","https://obis.org/dataset/ea845d5b-a60c-4669-86e1-5124583d614f","identifiersha","2025-04-07 08:28:34+00:00"
"33054b9a5c85f6189a1be20be79126c4f59f7e71.jsonld","https://obis.org/dataset/767dd122-4903-4f3d-bb8b-9797e313a698","identifiersha","2025-04-07 08:25:23+00:00"
"33065b8626d944df694e40225d5ec8b9ca82b173.jsonld","https://obis.org/dataset/beee292b-d8b5-43b5-a836-906b92486908","identifiersha","2025-04-07 08:27:49+00:00"
"3311482e5c6890adf882bc9b8b391f36b333d75f.jsonld","https://obis.org/dataset/29b31b96-5dfa-4d7e-b218-28126d37999c","identifiersha","2025-04-07 08:27:35+00:00"
"3335a0f1c9349b4cea91db8511f0b20dc44c561f.jsonld","https://obis.org/dataset/8207b7d1-19b3-4592-be18-52a08e9e0687","identifiersha","2025-04-07 08:26:33+00:00"
"3345a35cd21ef81f1dc75e6f571ecb9a4205c8db.jsonld","https://obis.org/dataset/1b03a6dc-dac4-4ff6-b013-333c4618feb3","identifiersha","2025-04-07 08:28:23+00:00"
"3348154ccb30853e7ba9660b3a7ca66f16bb0c84.jsonld","https://obis.org/dataset/6643ad14-2f20-43fd-8059-d601ecaff1ae","identifiersha","2025-04-07 08:28:25+00:00"
"33486093fdb1d15b068564afbf72d3c73af783c4.jsonld","https://obis.org/dataset/5b32b27c-2042-4521-a010-fa84ce92c0d7","identifiersha","2025-04-07 08:27:11+00:00"
"335a814359eec4dd23d71c5ffe5b59ab36264541.jsonld","https://obis.org/dataset/cd42b44b-2560-450d-88e7-70b5778d0194","identifiersha","2025-04-07 08:24:51+00:00"
"3389540dcaa8d2a1df3cb68eda8564831f019438.jsonld","https://obis.org/dataset/64f705d8-6601-480f-8b0d-b371cf99701f","identifiersha","2025-04-07 08:26:52+00:00"
"33a610101d156294c9815b97816685839471e518.jsonld","https://obis.org/dataset/1eaa77a8-e89e-48ca-8cae-b8a5ffa11969","identifiersha","2025-04-07 08:23:25+00:00"
"33a77fa7aeee6fcd066ac028b93a347fead58daa.jsonld","https://obis.org/dataset/320bc4a4-e0ee-493b-b415-63ea35137879","identifiersha","2025-04-07 08:24:45+00:00"
"33b158d260ea1fa8c26754638ccda47540d9e9d7.jsonld","https://obis.org/dataset/35c130fd-b7a6-473d-a6eb-26618c27824b","identifiersha","2025-04-07 08:23:28+00:00"
"33d5f6d7962b0dd5fc92d09eddcb6ce1e332f9bf.jsonld","https://obis.org/dataset/b58d5ca0-1af8-48b3-993d-6c89742bb0d2","identifiersha","2025-04-07 08:22:31+00:00"
"33dd712451761863a64f90253d7359dcebbac983.jsonld","https://obis.org/dataset/e99279a2-2c7b-41dd-8d36-1924686c8706","identifiersha","2025-04-07 08:27:10+00:00"
"33f4f19ea06dfd7b09945fcb1916acf9fa01ffd1.jsonld","https://obis.org/dataset/7a673089-50f3-4e17-9ad2-8493d261d84c","identifiersha","2025-04-07 08:25:53+00:00"
"33f512213af8d47f8effe8ad3903853633fdb6f8.jsonld","https://obis.org/dataset/6c813a6c-86f7-4d45-beb5-33eebd8de938","identifiersha","2025-04-07 08:22:34+00:00"
"33f5daa180e40d2cb07e030ce61c15fa5cfc0392.jsonld","https://obis.org/dataset/7e1f81d3-fe7a-48e8-9a44-fe62c8ca302a","identifiersha","2025-04-07 08:22:34+00:00"
"33fbf1a4aa3b6c56d8fe17bb1856a3e2980dc02d.jsonld","https://obis.org/dataset/1cdb4401-902f-4f3d-aaee-50ab0258aa27","identifiersha","2025-04-07 08:26:35+00:00"
"34125e511e46b3a32e169b4f2ba1ef5fca623ce0.jsonld","https://obis.org/dataset/500c9a4a-30c7-4b85-82f8-ce89b8c27512","identifiersha","2025-04-07 08:27:11+00:00"
"3416980c297d8560b6356750ae3ebf0133a1b9a9.jsonld","https://obis.org/dataset/37c58fe5-2b79-41c4-a296-65c8129fc193","identifiersha","2025-04-07 08:25:41+00:00"
"341bf14928d160050e39b0a3628d0f6700298aa7.jsonld","https://obis.org/dataset/4783a3be-5bc4-4894-8db0-f846af09d8d8","identifiersha","2025-04-07 08:24:54+00:00"
"3432f03fad16d00f3ccf97be885fce890c3fc1ff.jsonld","https://obis.org/dataset/ba135f30-d828-4ed4-a6d2-84101293c49a","identifiersha","2025-04-07 08:24:33+00:00"
"344659514337043b9be61f2fb7659efa24a6074f.jsonld","https://obis.org/dataset/60f8c854-017a-45c9-81f9-8c8cc95ad116","identifiersha","2025-04-07 08:28:17+00:00"
"3449f49931e7939f6759b044516f9cff4707b5f4.jsonld","https://obis.org/dataset/eb5a052f-428e-4a6d-8058-3785c9356df7","identifiersha","2025-04-07 08:24:20+00:00"
"344f922202e10e588debe8351993ff17bf97933d.jsonld","https://obis.org/dataset/8b04fdd7-80b3-4001-ac93-e6b88c91aa82","identifiersha","2025-04-07 08:27:18+00:00"
"34609f3ee442a5661ac7ee38f38381719abc4646.jsonld","https://obis.org/dataset/0ae937f3-3f9e-4eb9-b33c-28aa7934d6c9","identifiersha","2025-04-07 08:24:57+00:00"
"34733c5678df5efcd8ff7135921592b2baa15702.jsonld","https://obis.org/dataset/d1277b79-1ca6-49d5-ab3c-2f7346a97e0e","identifiersha","2025-04-07 08:28:22+00:00"
"348e437a53f67dac5212bdfe94ad4f275b452064.jsonld","https://obis.org/dataset/6e529980-7de6-403c-a66a-369d9f8f5db2","identifiersha","2025-04-07 08:28:36+00:00"
"34965a5d2f475e32bdc1a1b4cdc6b52ce87eaba0.jsonld","https://obis.org/dataset/b2ec3329-c523-48f4-bb8f-6462bc8237d3","identifiersha","2025-04-07 08:28:12+00:00"
"34d3c81dc201e6681f0cdba8b2d320563dd83c43.jsonld","https://obis.org/dataset/5da207d6-fc1e-4e02-a2e8-bdfda1a97585","identifiersha","2025-04-07 08:22:33+00:00"
"34d76fd1edb241e1f0682f0a6ff870255168ac03.jsonld","https://obis.org/dataset/b91be453-493d-473d-9f1f-370bf651e6ec","identifiersha","2025-04-07 08:24:06+00:00"
"34e402a9ca98c954f34c272118091af6b7ddbbda.jsonld","https://obis.org/dataset/af621828-cd91-46c6-b97d-a97a2dc259e1","identifiersha","2025-04-07 08:25:44+00:00"
"34e662a66478b82ff02e128c3195a4d6b0b75943.jsonld","https://obis.org/dataset/94733b9b-61d0-40c3-8577-440dd4cb2c41","identifiersha","2025-04-07 08:24:18+00:00"
"34f6808453888af4f42347e918879257b4cc6df1.jsonld","https://obis.org/dataset/7d194a88-0483-4c3a-a411-2ada6baba4b2","identifiersha","2025-04-07 08:25:35+00:00"
"3514bbc5cb681bf186350d2c4a1554b862702aa4.jsonld","https://obis.org/dataset/5c391d75-65ef-47b9-abbb-769ab587e819","identifiersha","2025-04-07 08:24:31+00:00"
"3519d0d24bd34165353ccc5931e844618796f033.jsonld","https://obis.org/dataset/38535a43-2982-4479-88c1-8303f7ee8665","identifiersha","2025-04-07 08:22:32+00:00"
"351b54e6592973e5ea72e3b29d62f9435c5c369e.jsonld","https://obis.org/dataset/bb638343-bbc9-464d-88d8-18d9ba29ecdd","identifiersha","2025-04-07 08:22:56+00:00"
"351ea030c2c8fa1db50d219600f8e8e29dd3900e.jsonld","https://obis.org/dataset/2ca25184-ee0d-4dc9-92b1-4b2bb9aa5c85","identifiersha","2025-04-07 08:23:31+00:00"
"352915d1790ac59de82096eff2e365532f40a3a9.jsonld","https://obis.org/dataset/b3e37be8-62ed-49c6-b171-444e83731e57","identifiersha","2025-04-07 08:26:08+00:00"
"352df90f5b52ec1ac78889dc4abaf89c6275d2ba.jsonld","https://obis.org/dataset/5338fc3e-47f9-4eba-9639-04730b3d125a","identifiersha","2025-04-07 08:28:00+00:00"
"3532c1a1655bb83bd3008df1d467cd62bc5b80f9.jsonld","https://obis.org/dataset/4ac9f38d-51fc-44a0-9e7b-c8a90c920478","identifiersha","2025-03-24 00:43:45+00:00"
"3539386cf3c18b274e880bad3b1deea76d82709a.jsonld","https://obis.org/dataset/bf61e5ae-4fac-47f5-b744-d083fdb9be72","identifiersha","2025-04-07 08:27:52+00:00"
"35429978cf558424afdfd8a8197b93935b37918f.jsonld","https://obis.org/dataset/a390823a-2a59-4680-9f42-c34af84eeae8","identifiersha","2025-04-07 08:22:26+00:00"
"354be0221116084bc9a21aa600d46e981bc75dfc.jsonld","https://obis.org/dataset/30bc7528-925f-4df4-b89b-d204ab024294","identifiersha","2025-04-07 08:23:24+00:00"
"3582da15dbc7d05bd8c3c30f32296c58abe0f1fc.jsonld","https://obis.org/dataset/020352fa-d27d-4875-99bb-120f896646c9","identifiersha","2025-04-07 08:25:50+00:00"
"35855514c1cef3f588bcdbfedb6ad26611c558f3.jsonld","https://obis.org/dataset/81259676-a365-4407-ba2d-676bd689526b","identifiersha","2025-04-07 08:26:04+00:00"
"358e1c8e4afaf8bcc5819c6ed951c9a18ea1414f.jsonld","https://obis.org/dataset/9e2005b5-0e20-4701-bbdb-bd441bd65ea3","identifiersha","2025-04-07 08:24:29+00:00"
"3594f36f3e8e708c507ba72aefaa2f9416281a19.jsonld","https://obis.org/dataset/fda6d4a4-8d14-45bc-9b4c-24d89fd213ab","identifiersha","2025-04-07 08:25:16+00:00"
"35a43bc7b47214d444c0e5f8745c15e3e0e15796.jsonld","https://obis.org/dataset/8b3f3024-45b6-40b0-913d-fbd02393fb70","identifiersha","2025-04-07 08:27:57+00:00"
"35abeda40f4131d82f2f3aee657c8650ee69e1d2.jsonld","https://obis.org/dataset/99b55c38-8d4a-4b4c-9658-25f5579f3450","identifiersha","2025-04-07 08:25:10+00:00"
"35be570be22ed32cee69e59e411e5c1fca4b1db9.jsonld","https://obis.org/dataset/9b161b02-0f21-44e7-ac73-0ad7d4c95172","identifiersha","2025-04-07 08:23:47+00:00"
"35d24755f0ae9dcbf9c1dcaf942965d4f3c05573.jsonld","https://obis.org/dataset/7671ae8a-9202-459d-9afe-4c1e12db6916","identifiersha","2025-04-07 08:24:19+00:00"
"35d85eab7dfa298c7e80c60af6434eb883e984a7.jsonld","https://obis.org/dataset/01c220e5-fe9a-4412-b3d8-609c41aa69fa","identifiersha","2025-04-07 08:27:22+00:00"
"35deb0c4c28bee949dc4670017c8148ec7ae4d5a.jsonld","https://obis.org/dataset/bd1c7214-984e-4d39-b2d4-1a0ddd36d918","identifiersha","2025-04-07 08:24:08+00:00"
"35e2e4eee5566fc57d12301da6745ebe0df03431.jsonld","https://obis.org/dataset/2792f68d-84fa-40ad-a9a1-1ae976b98e38","identifiersha","2025-04-07 08:24:48+00:00"
"35e6025333c347d004eadbdaa3334906aa4fda76.jsonld","https://obis.org/dataset/cdefe940-e0b1-43c8-8c67-39b3b09332a5","identifiersha","2025-04-07 08:26:02+00:00"
"35ee083644c39380415b2b857a8a925c10e2d6a4.jsonld","https://obis.org/dataset/c75e8721-083c-47cf-8d85-66a171f91cb5","identifiersha","2025-04-07 08:25:17+00:00"
"361b12af17d3db5f5c6e1e64ff4d7e8cde278201.jsonld","https://obis.org/dataset/16a0cea1-9b1a-4fc9-97ba-c0fa325db02b","identifiersha","2025-04-07 08:25:27+00:00"
"36207f107faf4aeb0a1b7bc35d8a749cbb5f7fbd.jsonld","https://obis.org/dataset/8378af97-05e6-4734-bf11-a2f9b2d434f9","identifiersha","2025-04-07 08:26:31+00:00"
"3623963f39ac36b9590f44fa061cca823a2622ee.jsonld","https://obis.org/dataset/524c7635-fce1-4464-bd1c-8c78371fd576","identifiersha","2025-04-07 08:23:15+00:00"
"362c0511ae13f53eccd71413bd082230a9081392.jsonld","https://obis.org/dataset/fd13c964-0fb6-4ef4-ae89-e35fc88a9c77","identifiersha","2025-04-07 08:22:25+00:00"
"363458ed78e7ea5990ad0e62a419a796504673c6.jsonld","https://obis.org/dataset/15f28072-6c6a-494e-a080-cc2cad03bc2f","identifiersha","2025-04-07 08:27:25+00:00"
"366cf5de5d0ce649687a037b41226a6b07052059.jsonld","https://obis.org/dataset/8a3aeb36-3d0f-4e80-a962-b41d97254004","identifiersha","2025-04-07 08:26:16+00:00"
"36724ca9488da8e0a2c6babd54f699d6a3157ec7.jsonld","https://obis.org/dataset/61a9e01c-65ed-47e7-9f15-54335f9b75b1","identifiersha","2025-04-07 08:27:17+00:00"
"36799a86e5d648bca3641cd11968615e1fe06e88.jsonld","https://obis.org/dataset/9066ac42-af4d-41b0-8489-cd4c35e92810","identifiersha","2025-04-07 08:25:29+00:00"
"3681069d7e0da0c6e98159288009f3b0884f7f07.jsonld","https://obis.org/dataset/25891eec-ad56-4cbe-a252-a57dbef83e50","identifiersha","2025-04-07 08:24:52+00:00"
"368ce6c90e21f32bdc21c905a064d0fef1b060fb.jsonld","https://obis.org/dataset/9dfdd2c1-4ad8-4d54-9d46-8046c75a9f84","identifiersha","2025-04-07 08:28:34+00:00"
"3692a93dcb871f4a985125a6da8e7feff1c48edb.jsonld","https://obis.org/dataset/314556f9-992d-4248-abe4-9e47fcd3b5cc","identifiersha","2025-04-07 08:24:13+00:00"
"369a44b1d597cf0d065ddd8427ef9825798bf69b.jsonld","https://obis.org/dataset/caaa3c28-7b09-4422-a7e5-4c4fac62630a","identifiersha","2025-04-07 08:26:52+00:00"
"36a42f584b18f6bcf019aca43a686cbd9ecc70b9.jsonld","https://obis.org/dataset/d42b44d5-4686-46f9-b42c-732e47aa310b","identifiersha","2025-04-07 08:27:56+00:00"
"36a726622642f894650088b735189acea1b9a005.jsonld","https://obis.org/dataset/8fab72ab-f881-45e2-8930-91dc81c5eaf7","identifiersha","2025-04-07 08:24:25+00:00"
"36abd5033c8820eacb49875c8bd25689acbc8d0b.jsonld","https://obis.org/dataset/e08b177f-b3a2-4158-9be9-dd012eab4a0d","identifiersha","2025-04-07 08:22:39+00:00"
"36b03d58376564f444b7fc4a204a0a6143aa6d4a.jsonld","https://obis.org/dataset/c4abaa14-c71a-4a4c-a3a2-e39f0136aa6e","identifiersha","2025-04-07 08:27:40+00:00"
"36b48b0024bf88dae60851d5270b0dbeda719b04.jsonld","https://obis.org/dataset/834e5943-f06e-4a91-8ab1-d324b57405d0","identifiersha","2025-04-07 08:28:02+00:00"
"36b717954cbc2f6d09aefad6e90a14c522ebc658.jsonld","https://obis.org/dataset/bd536746-335e-4c93-9510-22aadfc27e21","identifiersha","2025-04-07 08:27:10+00:00"
"36c5b718f443591128cd93745cb5eff3de18ead8.jsonld","https://obis.org/dataset/e36e3421-8bc9-47e2-aa60-7e367a889397","identifiersha","2025-04-07 08:27:16+00:00"
"36c67c3a7a49bd06ceeca5cb85cb732dcfe3cb12.jsonld","https://obis.org/dataset/4f456f07-e000-427c-b68e-df1b40cb7661","identifiersha","2025-04-07 08:26:21+00:00"
"36d98bb2e045c92345b35fb503550cb82a4120a6.jsonld","https://obis.org/dataset/9fd109f3-079f-4836-80df-7848ddeecd47","identifiersha","2025-03-24 00:46:28+00:00"
"36e0b40fdca7212d5f7ebdd4e5a9f2311b3d5581.jsonld","https://obis.org/dataset/11ca6599-6a0c-4de2-9790-b37853dbd7b3","identifiersha","2025-04-07 08:22:52+00:00"
"36e2dfb062cc7f11fa5f6f57d363199a353f52dc.jsonld","https://obis.org/dataset/a6e50f41-d5b1-4761-80b3-b690452350c9","identifiersha","2025-04-07 08:22:48+00:00"
"36ed2da7fcf5b7819974b673737949ffef6bf19c.jsonld","https://obis.org/dataset/b948530a-2dc6-4c64-ace0-c24072787349","identifiersha","2025-04-07 08:28:22+00:00"
"36f88be0e01f69c3f1c1cb329434df5353d3108a.jsonld","https://obis.org/dataset/2b03f5c8-d031-4d5f-93c1-404a921c1172","identifiersha","2025-04-07 08:28:06+00:00"
"36fa09a73316cb98b636e8bb025a3aa39161db98.jsonld","https://obis.org/dataset/afd29291-68e3-4c18-8428-958ef71f87ec","identifiersha","2025-04-07 08:22:51+00:00"
"36fbc6f80c26ee89b18970dc4d1f372c7d1a9471.jsonld","https://obis.org/dataset/debc8f44-f70f-4d30-821e-d3a705f62cfb","identifiersha","2025-04-07 08:22:50+00:00"
"371e051d9d2237c2d2b4c60585dbf4be63ef7b89.jsonld","https://obis.org/dataset/fdc6a428-7596-4795-a4ba-fece4fbee0ee","identifiersha","2025-04-07 08:25:19+00:00"
"371f1f9d1e703f23e75c5d871365158e8ef6c313.jsonld","https://obis.org/dataset/dd836bf9-cdfd-4f0a-a356-1e4620c21e0d","identifiersha","2025-04-07 08:26:13+00:00"
"371fcf8b7d12b1123bcb412cecc3a43b681e9004.jsonld","https://obis.org/dataset/3dbbeff2-2801-411f-80e5-438222f1aaa4","identifiersha","2025-04-07 08:24:08+00:00"
"372e371ce7a0714f4667d6427b55f1d44b72f5c3.jsonld","https://obis.org/dataset/f57b1db4-31be-4a1a-8828-9700664f7130","identifiersha","2025-04-07 08:25:38+00:00"
"3734a8ff8c7a6ecabb48c8240c04154953adb8e8.jsonld","https://obis.org/dataset/288e63af-5f94-43d4-a039-f238b432129c","identifiersha","2025-04-07 08:23:29+00:00"
"3738d12b0ca05350095350baacddbcf948195e0d.jsonld","https://obis.org/dataset/b14abb47-b481-4272-a8d6-d4e2b612dce9","identifiersha","2025-04-07 08:27:39+00:00"
"3743a044eb77df8db9c08e182fbf59b55a1ec4d9.jsonld","https://obis.org/dataset/41a50544-957c-4193-8bbf-25a25f749e85","identifiersha","2025-04-07 08:23:00+00:00"
"37532f3f47e058d17ade6448cea8570e2f0c1eb1.jsonld","https://obis.org/dataset/f0f0e6fd-5bdc-45cd-a3b0-1b65bb225b35","identifiersha","2025-04-07 08:24:50+00:00"
"375d97cb4d29579e13b8c3afdedc020f30d49f03.jsonld","https://obis.org/dataset/ad6cc948-b7ff-41cc-8861-4ae90ffa1053","identifiersha","2025-04-07 08:25:57+00:00"
"3768c899213ef1d788f9bcbbaabb35b33dedf814.jsonld","https://obis.org/dataset/80479e14-2730-436d-acaa-b63bdc7dd06f","identifiersha","2025-04-07 08:22:25+00:00"
"377231f22af38e0857ba484ebf199fe669e8c764.jsonld","https://obis.org/dataset/8000d653-f998-4c7a-a90e-0cf5beac7973","identifiersha","2025-03-24 00:39:01+00:00"
"3783de36281100fd4ae67bf947ef399db2936c71.jsonld","https://obis.org/dataset/09a4cd14-6faa-4a64-9892-59f9b1ad17e0","identifiersha","2025-04-07 08:23:48+00:00"
"378becb0e8a5325160c2449f52db90ebf3518380.jsonld","https://obis.org/dataset/3734f459-c98c-4319-90ef-336ab8e4ba59","identifiersha","2025-04-07 08:27:16+00:00"
"379d3970b04862ac72ffae3bc654f3258ff6a1fb.jsonld","https://obis.org/dataset/f8fdf301-fa17-4799-bf4d-e139baee4699","identifiersha","2025-04-07 08:28:17+00:00"
"37b30d1c563368444830cbe102bf00906fafb175.jsonld","https://obis.org/dataset/8bc6b831-ff30-4690-8b6f-0fffb4322b49","identifiersha","2025-04-07 08:24:19+00:00"
"37b9f03ffabe698905af2e691354300279713713.jsonld","https://obis.org/dataset/b4853d39-b86a-43b3-9ad4-b8e84d95fd6a","identifiersha","2025-04-07 08:23:34+00:00"
"37bc312642bf7ddb8d6bafae5fd3fc0524e64344.jsonld","https://obis.org/dataset/d0cd17d6-ea01-4c5c-966d-2c907b0add82","identifiersha","2025-04-07 08:27:37+00:00"
"37c4c60de108f119cbec5a7f7248aa5a96c32aa6.jsonld","https://obis.org/dataset/76f565d1-00e5-4093-a3e2-e0174091feaa","identifiersha","2025-04-07 08:23:48+00:00"
"37c9426853bafaf0b101997c3ae690457dfbc73b.jsonld","https://obis.org/dataset/51c9ba79-4afc-4e6b-a226-538b8bd834bb","identifiersha","2025-04-07 08:23:22+00:00"
"37f33b01589d42af366b2d87472ff810e1c86b3b.jsonld","https://obis.org/dataset/eafec904-8060-45a1-afe7-620214d22289","identifiersha","2025-04-07 08:28:08+00:00"
"38061a95e371c7e0167dd99194e25ad0d7c73121.jsonld","https://obis.org/dataset/26187dd0-bacc-4818-9a4d-0d966e19d5ae","identifiersha","2025-04-07 08:27:28+00:00"
"381552ba6e74789a1d46b66319a7734535002891.jsonld","https://obis.org/dataset/e7c86904-aac7-4a17-a895-99a54c430d80","identifiersha","2025-04-07 08:22:30+00:00"
"381a297522593e1c9b41b430b04d9f5289ccd708.jsonld","https://obis.org/dataset/9c1aeafd-0a62-4799-95f5-88068b718c36","identifiersha","2025-04-07 08:23:17+00:00"
"381eeeb05e277ee2356a0e29468deadcb4d22ce6.jsonld","https://obis.org/dataset/f3b08b1d-f0ad-4848-82e7-f47c19ca0778","identifiersha","2025-04-07 08:26:48+00:00"
"3822f9d95803b2b29d4312e82413252973de35af.jsonld","https://obis.org/dataset/61dc18bb-e2ec-43a1-949c-120d58235b61","identifiersha","2025-03-24 00:33:22+00:00"
"383484ce3851e1e3ad7c535b908c7cf92a23bb67.jsonld","https://obis.org/dataset/d19d91f3-1211-4b95-b276-9cae1fc18212","identifiersha","2025-04-07 08:25:36+00:00"
"383570a284cf119c3a96ec33db03153faa5f9e19.jsonld","https://obis.org/dataset/5d0a04aa-6360-4590-804b-25b488555aa0","identifiersha","2025-04-07 08:27:24+00:00"
"383a148fa67d2933fad9a559c80b83d0b468b2f2.jsonld","https://obis.org/dataset/24394dcd-1fbb-4ec1-9e17-21e52ea95d35","identifiersha","2025-04-07 08:27:00+00:00"
"3851f92a3b33466b58f8d04efb7daa0ddeee9632.jsonld","https://obis.org/dataset/82aa35e0-038f-4737-9db3-eec80d47a978","identifiersha","2025-04-07 08:28:04+00:00"
"387c7f40b9239359dfeb3aaaea77e7386f90a7c7.jsonld","https://obis.org/dataset/be13af86-1011-426c-964d-479616273ed6","identifiersha","2025-04-07 08:26:34+00:00"
"38811829d6e4534aabb369fde880e1b808598ed1.jsonld","https://obis.org/dataset/fc083994-71ba-4813-b4ed-40b5d96924e4","identifiersha","2025-04-07 08:28:25+00:00"
"388125fefd336a1ea820eeea5718dcba7c9c23c0.jsonld","https://obis.org/dataset/0724e96a-c4b4-4ab9-adde-ab6bf621b616","identifiersha","2025-04-07 08:23:59+00:00"
"3890db04e84ef26702f79625caa6af0687f6a7d7.jsonld","https://obis.org/dataset/5ea15911-440a-4e68-9376-d8524ef62eaa","identifiersha","2025-04-07 08:25:19+00:00"
"3893e8844d595a857b1968a2ab4c3ea2405e8d39.jsonld","https://obis.org/dataset/d6d6fe4c-425f-4ce7-bf28-7a6befaeb413","identifiersha","2025-04-07 08:22:29+00:00"
"38ba7bb07792aae88861f1795f0498a482e24066.jsonld","https://obis.org/dataset/906061ae-8f7a-427c-ba4b-16f5747ca60a","identifiersha","2025-04-07 08:27:58+00:00"
"38bb22490239ee72bebdbc0c0474d3c8bf6567ba.jsonld","https://obis.org/dataset/7e5277ae-fca3-455c-b2aa-4a0c4f4a7a2e","identifiersha","2025-04-07 08:24:05+00:00"
"38d286f5dad07c69543e145cce699ca0ed2f26cb.jsonld","https://obis.org/dataset/54d75f8a-0ced-44b6-b35a-d04c9183020f","identifiersha","2025-04-07 08:24:23+00:00"
"38f03c373963cdc93360c45d2392c6670c0433f9.jsonld","https://obis.org/dataset/e8f8c72a-5a67-472a-b5ef-033e98369629","identifiersha","2025-04-07 08:26:05+00:00"
"3909e953155384ea1b266bd72740e84026414889.jsonld","https://obis.org/dataset/bfa5e693-7ed4-456c-a276-1a9807d6f27a","identifiersha","2025-04-07 08:26:07+00:00"
"392135480057e8f5d0fe17ae284794d3296792fb.jsonld","https://obis.org/dataset/c63cb543-80b2-4a6c-81ec-a954f0694fe6","identifiersha","2025-04-07 08:27:16+00:00"
"39234de0bfb2d4bb3b0409b1669acce69a2d8d3f.jsonld","https://obis.org/dataset/7350897b-08d7-461c-88e8-96d873229003","identifiersha","2025-04-07 08:27:25+00:00"
"392cb0fa780774336d8dbcd96ecf9850ca9c7198.jsonld","https://obis.org/dataset/82121718-6c58-4f72-ba09-be9318bb1e25","identifiersha","2025-04-07 08:27:43+00:00"
"392f2aa3f934630cd1a5873d59a496b1b457d75c.jsonld","https://obis.org/dataset/b3d74552-cfea-4c16-83ed-46f1c4260704","identifiersha","2025-04-07 08:24:08+00:00"
"3941927975a169dafe60b4b72e341569a3ae4d2d.jsonld","https://obis.org/dataset/33240dba-2900-49e5-af34-fe7464ce98fe","identifiersha","2025-04-07 08:22:57+00:00"
"394ccc98d32c318377c1fb90b3b802831413f383.jsonld","https://obis.org/dataset/5ddc9421-920b-4823-9172-10c9fa9d916a","identifiersha","2025-04-07 08:22:48+00:00"
"394f962d1abea5ad32b7aef9f84f94089e38c4bf.jsonld","https://obis.org/dataset/1fcedb90-b2ea-4476-8faf-f2ff5964ac58","identifiersha","2025-04-07 08:24:23+00:00"
"398cf08e59cdfcb14489f3d2a0208b993e17f139.jsonld","https://obis.org/dataset/1820a42f-39b2-45e5-a935-6edcb6891eec","identifiersha","2025-04-07 08:24:11+00:00"
"39a8ffc1fd640ad1478d8f3bbcdbd582362790dd.jsonld","https://obis.org/dataset/b46bbf90-245d-4a32-b18a-e934fd7b0ff3","identifiersha","2025-04-07 08:25:07+00:00"
"39d5973221552e3a139263a612167c4a4932d299.jsonld","https://obis.org/dataset/d0d3ccce-e385-4e37-912a-a12133c7b9af","identifiersha","2025-04-07 08:25:20+00:00"
"39d784371f60ce0c0b3cd422c35de4840a9f3364.jsonld","https://obis.org/dataset/7fba9a43-a900-46a5-8a4c-861399705482","identifiersha","2025-04-07 08:24:54+00:00"
"39e10da84098743b323877cff24b526f77ce6e29.jsonld","https://obis.org/dataset/b55158c9-9c70-4204-ad07-543cffebf518","identifiersha","2025-04-07 08:23:13+00:00"
"39e9a516e0f4503f8ddc4e17feba9edb493b2dd9.jsonld","https://obis.org/dataset/f7677584-eb01-44ca-96f9-a334381034fa","identifiersha","2025-04-07 08:23:10+00:00"
"39e9fa6086ad01808e57be4cc62947d0cb0882fb.jsonld","https://obis.org/dataset/da9b067b-7fa2-44a7-a1e9-075dc639f6ce","identifiersha","2025-04-07 08:24:07+00:00"
"39eab0cdc57dcf6cc4adeaac18601eb4ac330a41.jsonld","https://obis.org/dataset/6d44cfeb-de07-4efc-b71b-3d541cb4a413","identifiersha","2025-04-07 08:26:22+00:00"
"39f481920c4467c32bd5d10b709d13f29877e948.jsonld","https://obis.org/dataset/92474b6c-761f-4e2c-99b1-68d91b38dc93","identifiersha","2025-04-07 08:23:28+00:00"
"39fb834996c79f04721620e99dbe9d559cda0bd8.jsonld","https://obis.org/dataset/c3687703-997c-410c-8b69-60b848ce924f","identifiersha","2025-04-07 08:25:38+00:00"
"39feb4194d1d6ea1e2220d3d5e9f3c30372aaa70.jsonld","https://obis.org/dataset/0fcb583e-e7b2-4bed-864c-f73d2d770439","identifiersha","2025-04-07 08:24:48+00:00"
"3a01e7f1719df119ef163b1a45148595fbc42c7a.jsonld","https://obis.org/dataset/ac773285-d2b5-4fb8-813d-37d64a5ca4ef","identifiersha","2025-04-07 08:27:05+00:00"
"3a17aa58afb3f2fb93207548863aa7a2113aebb5.jsonld","https://obis.org/dataset/e4f6c94e-2493-4608-b883-2e6d88f61bd5","identifiersha","2025-04-07 08:23:41+00:00"
"3a2e6dfffe3077f1cf18241d88e6ff948379bddc.jsonld","https://obis.org/dataset/4be29098-95e3-4150-a80b-0cda638ae994","identifiersha","2025-04-07 08:28:30+00:00"
"3a43a7275bdecd088131c5fc0920bb67fa5b23c2.jsonld","https://obis.org/dataset/849672a8-cde1-4884-9281-66588e9a6c7d","identifiersha","2025-04-07 08:26:05+00:00"
"3a61a0e5db20581313b7cd8ead4e005fe05b0fd0.jsonld","https://obis.org/dataset/c5e9a66a-2c61-4103-ac70-cb69f5861f47","identifiersha","2025-04-07 08:28:06+00:00"
"3a63e71d2a0daae4da9f814366bc6f01a035dbec.jsonld","https://obis.org/dataset/81b1adc1-0cf7-45b6-ab19-c2a8f3c2b378","identifiersha","2025-04-07 08:26:41+00:00"
"3a6922f4e8b053663866f032cb51ab29093159b6.jsonld","https://obis.org/dataset/811a3e7a-4b62-425d-8367-a81c196abc2b","identifiersha","2025-04-07 08:23:26+00:00"
"3a6eaca8d8afafe234961c2996f253277d4b5bda.jsonld","https://obis.org/dataset/0a68ba8c-1cff-4706-a031-d3da24eef83a","identifiersha","2025-04-07 08:27:26+00:00"
"3a87fee37301399e5fb069bc41b3d3fadee1ad0a.jsonld","https://obis.org/dataset/eddee438-1ec9-4e50-83ca-a7ee7bc324cc","identifiersha","2025-04-07 08:23:42+00:00"
"3aa72e5ea5e4d25a9384da06dd984ee85b84b5e9.jsonld","https://obis.org/dataset/e285d9f4-c55d-42c0-805d-a566c2c58a45","identifiersha","2025-04-07 08:22:40+00:00"
"3aadd488760fcd54d42bf125b92cb4c6905e2bb5.jsonld","https://obis.org/dataset/d3f8939e-3339-4ec1-bff3-0be18adf49e1","identifiersha","2025-04-07 08:27:34+00:00"
"3ab3ed18d759cbb583497fedbf9d021f450d87f7.jsonld","https://obis.org/dataset/5175c8ce-828a-4b19-95dd-dbeee6d1adc1","identifiersha","2025-04-07 08:27:09+00:00"
"3ac5cd2f8995626c8ceaaddbf1a6b1d27bef582b.jsonld","https://obis.org/dataset/67227f08-b739-4b8b-825c-2206726f2818","identifiersha","2025-04-07 08:25:21+00:00"
"3acaea4956c70a3214b63d328ffd69174a28c833.jsonld","https://obis.org/dataset/e83229a8-2533-4cb3-a4cc-a00c20c43c1d","identifiersha","2025-04-07 08:24:27+00:00"
"3ad13ce297795bb6b5e6b16b0f582fd3606278f5.jsonld","https://obis.org/dataset/5deec06a-c0f4-4e07-a4c7-85bc124dbaed","identifiersha","2025-04-07 08:24:45+00:00"
"3ad150f0c0133396c395a35a6508261f6062ec89.jsonld","https://obis.org/dataset/5080b123-3bcf-4be9-85cd-39eb81940fb1","identifiersha","2025-04-07 08:25:11+00:00"
"3adfcfd0fab09e52c1f20ead83558801c9583f90.jsonld","https://obis.org/dataset/4140aa4d-3217-4693-87eb-e3d344835725","identifiersha","2025-04-07 08:27:48+00:00"
"3aeaf23e0ba8d935a9078061dc659c3758ecebb8.jsonld","https://obis.org/dataset/212545b5-65fb-4834-aea4-05207d696a7c","identifiersha","2025-04-07 08:24:25+00:00"
"3b00d8490ddd88c9e9a239fcfe52021ab7fa3473.jsonld","https://obis.org/dataset/340cf56f-f494-48c1-9f13-dd1fb3bfbdf2","identifiersha","2025-04-07 08:22:56+00:00"
"3b06cd7a01f3ded92258ff3e59f8d2beb7d228ee.jsonld","https://obis.org/dataset/e323bf2a-deb3-4492-a1ad-e318ad0b3753","identifiersha","2025-04-07 08:25:59+00:00"
"3b0be9a875c8428b5d7454e93210090284cb9945.jsonld","https://obis.org/dataset/2f458cd8-c969-4a36-8f18-b970f80ee3f4","identifiersha","2025-04-07 08:22:55+00:00"
"3b17d1ce34e5131ded816df9e139380d71b2c3a1.jsonld","https://obis.org/dataset/5bac0fd0-82cd-47df-bb58-a7fe226194ac","identifiersha","2025-04-07 08:22:24+00:00"
"3b1e625e06a9d0a7dac3c49923462c5aca0fcf66.jsonld","https://obis.org/dataset/a454b469-8288-443b-ac79-73301feb090c","identifiersha","2025-04-07 08:24:56+00:00"
"3b1f6bb2b6e73dbfb3ea4bfe6a4ef2fea31a1424.jsonld","https://obis.org/dataset/4bbfb75e-7b41-4f8f-b475-051d8c21860a","identifiersha","2025-04-07 08:22:47+00:00"
"3b1f9e2cca21af4f6dad145310a740da915270f9.jsonld","https://obis.org/dataset/0ca57e56-b0ac-4b50-b86c-9efa419dd2fb","identifiersha","2025-04-07 08:28:33+00:00"
"3b23be4c7bb4275ec51dcbbff715bb78a6ace22e.jsonld","https://obis.org/dataset/ebe7ffad-b134-40d3-b3df-21b675c4bcb1","identifiersha","2025-04-07 08:22:39+00:00"
"3b27c5cae76617032f1235a1400190cf357b768c.jsonld","https://obis.org/dataset/dd335e79-f580-44a1-bedc-1476437eb73e","identifiersha","2025-04-07 08:22:59+00:00"
"3b3203b7a949d9a21a4c85dcfff28a0b87712e69.jsonld","https://obis.org/dataset/4176d63d-2ac2-42c4-9010-901856b6db0e","identifiersha","2025-04-07 08:26:46+00:00"
"3b3f266ab16e50d14091e59c2a179361dfe85afe.jsonld","https://obis.org/dataset/58be7fc9-bef4-42db-9d4f-07106a711468","identifiersha","2025-04-07 08:23:34+00:00"
"3b5e80d82e05d8f94e3669e3f8c6b1687603a67a.jsonld","https://obis.org/dataset/6c3a2fff-5d25-47da-a6e5-0f0b49107371","identifiersha","2025-04-07 08:27:43+00:00"
"3b5ff50284ea9b678aaa647f5345458d76c2752c.jsonld","https://obis.org/dataset/b5294df4-08a3-48d6-810e-bd843e84897b","identifiersha","2025-04-07 08:26:58+00:00"
"3b668d14a19a3d12590b3697445aafda65fe10d8.jsonld","https://obis.org/dataset/cedc6c72-33a4-455d-a23d-b95602ec4fcd","identifiersha","2025-04-07 08:27:05+00:00"
"3b94472d0e91dc0e4974e5af1b396d1f2e52c374.jsonld","https://obis.org/dataset/e1ca35fd-bbc4-4da9-a27c-fea1502a4a30","identifiersha","2025-04-07 08:23:48+00:00"
"3b962c7b9066d265b04d14c999cd048156f9527a.jsonld","https://obis.org/dataset/228efb20-05c6-41ac-be17-7731bce2204a","identifiersha","2025-04-07 08:26:49+00:00"
"3ba0e49bb65cc9d4ddf6c0b8a7b618385c664d27.jsonld","https://obis.org/dataset/36e95ca5-e31b-4ca1-9b02-0a5501014027","identifiersha","2025-04-07 08:27:29+00:00"
"3ba6b998780103f0c8e7445923c6bff6c133adf2.jsonld","https://obis.org/dataset/cefa0800-aee5-4f54-8bab-e0083b19a81f","identifiersha","2025-04-07 08:28:26+00:00"
"3baeac7fa0f9c256e06936784b414f5832095385.jsonld","https://obis.org/dataset/f254adb6-b758-40a8-8a99-fb1b19b6266b","identifiersha","2025-04-07 08:23:56+00:00"
"3bb032f98a01eb5041dad736e62159c4f3004288.jsonld","https://obis.org/dataset/13abd5c3-ed8c-494c-9121-486484c8b63c","identifiersha","2025-04-07 08:24:54+00:00"
"3bb788ab0bec80e389893999a465554ce2282998.jsonld","https://obis.org/dataset/d148b531-b750-4fb3-bd4a-d5f46f998df4","identifiersha","2025-04-07 08:23:04+00:00"
"3bb8f3beac5a8e7322f6ccc3e0b37e9e965b1e6d.jsonld","https://obis.org/dataset/44513b57-0963-4668-a2ff-5f55c90fbc1b","identifiersha","2025-04-07 08:23:51+00:00"
"3bb970e9e467c70b5af409dd626640c24be99fb7.jsonld","https://obis.org/dataset/18e09669-93f6-47b9-b50c-60d1f028442f","identifiersha","2025-04-07 08:24:45+00:00"
"3bc40e38fc2d289b04431848c504e19230e08efc.jsonld","https://obis.org/dataset/5a967235-7e1b-4bcd-a1f8-cd185d4bc0f8","identifiersha","2025-04-07 08:28:35+00:00"
"3be09681ca24058f27aa1320896c32ae010953b6.jsonld","https://obis.org/dataset/0e40e8a9-3210-462a-9215-4aff0ee607f2","identifiersha","2025-04-07 08:26:01+00:00"
"3bf0becd28b23a9edabade064d59d692eca11c95.jsonld","https://obis.org/dataset/f9901fb0-739d-49d4-a2ff-2a490ddf0809","identifiersha","2025-03-24 00:41:46+00:00"
"3c0172534af403ae005332d70e39d5d401d7d0b3.jsonld","https://obis.org/dataset/77cd73c0-62a0-48a6-b8af-9d6324e5b15a","identifiersha","2025-03-24 00:43:25+00:00"
"3c03b3e72c820293edc1bfda65ce4b1f7c4c6fe4.jsonld","https://obis.org/dataset/36ed92a8-a973-46cf-86a6-81def08ab056","identifiersha","2025-04-07 08:26:59+00:00"
"3c116f5c748efb2084328ebdf8d1a830167afd8b.jsonld","https://obis.org/dataset/6b51a9ea-acc0-4e18-b0bf-4db7631fb32e","identifiersha","2025-04-07 08:26:55+00:00"
"3c1e56ce006cfdfc6c2b4164644226da6260d174.jsonld","https://obis.org/dataset/fd9921f0-e71e-4b28-873d-9f9f6bf09652","identifiersha","2025-04-07 08:24:03+00:00"
"3c3c5217710d65df7c6c5a229c7cb8b9cda82a7a.jsonld","https://obis.org/dataset/a820ef44-6bba-4b52-a1d1-dc7547adf338","identifiersha","2025-04-07 08:28:08+00:00"
"3c42121753b277ccd8d2e65bdbc0ac6e5f7dcd50.jsonld","https://obis.org/dataset/ac41ae6d-b990-4656-b943-3c978bd2922c","identifiersha","2025-04-07 08:23:44+00:00"
"3c489f67f24045be2795e0c41b1c6fb951c99485.jsonld","https://obis.org/dataset/e271df6c-04af-4e5f-a057-d95509931921","identifiersha","2025-04-07 08:23:38+00:00"
"3c4c4af814b734dc2f522cf3445bef24ae34be22.jsonld","https://obis.org/dataset/b67743ff-e8ee-4374-87bc-3423d923941d","identifiersha","2025-04-07 08:26:04+00:00"
"3c72aa299eadffe04ed60b0b00f75f5f2dbed669.jsonld","https://obis.org/dataset/3b950bee-25a8-4d82-84dd-bcdedb26e701","identifiersha","2025-04-07 08:25:10+00:00"
"3c74cae95090665263997b7cf45832d97b0eb43a.jsonld","https://obis.org/dataset/a9c95d9b-4d30-4be9-a6ad-e28932f5b327","identifiersha","2025-04-07 08:27:13+00:00"
"3c771d5a569e61f8afcffab9e561140f39b02ad5.jsonld","https://obis.org/dataset/00a7f490-7418-413b-a9f1-666f186769b6","identifiersha","2025-04-07 08:23:00+00:00"
"3c9431c177018faa6406438df0f7e19003294cfb.jsonld","https://obis.org/dataset/556cc02f-da65-4233-85b0-cebc2c3aadfc","identifiersha","2025-04-07 08:26:28+00:00"
"3ca63f418ffc66e9129ae679e9f89f726850fc74.jsonld","https://obis.org/dataset/32305388-2a55-44af-b9e6-2226b16187f0","identifiersha","2025-04-07 08:24:54+00:00"
"3cccaed18a6041a595f3bbbc265a21db4567c306.jsonld","https://obis.org/dataset/ff262d96-c716-4ef8-a651-4898972e82c6","identifiersha","2025-04-07 08:25:14+00:00"
"3cd00395326ed49bc7d4c7d3d74759186cfc3780.jsonld","https://obis.org/dataset/bba874cd-919e-4e4c-86c7-c69aa38ad4a7","identifiersha","2025-04-07 08:27:30+00:00"
"3cd6340aba0d49b293899ccc7f9fc66acc3187e3.jsonld","https://obis.org/dataset/0cf025b7-2c48-4d70-a309-40a75843d695","identifiersha","2025-04-07 08:26:23+00:00"
"3cea52ef641463ff7e00ca895ceecffd709aff5c.jsonld","https://obis.org/dataset/5e6ee2aa-8155-452b-97e3-14d2835c85a0","identifiersha","2025-04-07 08:22:57+00:00"
"3d0be45b23c1e198fcf11fd180fc103554d88a3c.jsonld","https://obis.org/dataset/b1ac0dba-fef5-43e0-836e-05b9c8497b49","identifiersha","2025-04-07 08:27:57+00:00"
"3d25bdcfcb2e5aeeeb9c8a350770bc6c8a04747a.jsonld","https://obis.org/dataset/86bb1f4b-4f2a-4f58-9b38-f300b0bbb3e4","identifiersha","2025-04-07 08:24:02+00:00"
"3d2e68812c70d901f3a1e88d02a6a9fac3345cdc.jsonld","https://obis.org/dataset/9cdcfc4a-791f-45b4-8923-ed2011602e6c","identifiersha","2025-04-07 08:25:18+00:00"
"3d3b0f46246c05374b78d688a7d76268989809a0.jsonld","https://obis.org/dataset/d18ac25b-6d5e-4579-9b3a-44a1785d2ab7","identifiersha","2025-04-07 08:23:16+00:00"
"3d3f7b18f057b69e8eb2fa1390b3bcc2638e00ee.jsonld","https://obis.org/dataset/42fb9bf2-df81-440a-9896-3177eeb7810e","identifiersha","2025-04-07 08:25:50+00:00"
"3d64d237b7ba1d16d84b2afa2de564ff14201d30.jsonld","https://obis.org/dataset/d2e894a3-b5df-4c2a-a845-dcfd57192593","identifiersha","2025-04-07 08:26:46+00:00"
"3d877f7e123baa0e0828222c0949f25ebb9f3741.jsonld","https://obis.org/dataset/2a43607f-6110-45d8-a30a-15837a9d9b1a","identifiersha","2025-04-07 08:26:29+00:00"
"3d8ff048c68b74b5350ee49600cf72d2f5b19d05.jsonld","https://obis.org/dataset/b5aa5079-dc0f-4ce4-9aba-a5d2d9f40143","identifiersha","2025-04-07 08:26:39+00:00"
"3d90b327ff63de3aa11ac1a424b9d4f75aeddc6c.jsonld","https://obis.org/dataset/49743994-7d38-41ed-a91f-0674bbb182c7","identifiersha","2025-04-07 08:23:12+00:00"
"3da2ad97bd82911abab484ae68e8504f9e783d31.jsonld","https://obis.org/dataset/c9af10bc-f7c6-43c1-bfc9-63014fc947b2","identifiersha","2025-04-07 08:26:28+00:00"
"3da500a5c6f334b91f68f52397018964c5cec84f.jsonld","https://obis.org/dataset/b6386b0c-351d-4d9e-9cc0-b563816bd896","identifiersha","2025-04-07 08:26:32+00:00"
"3daa6e75ef663057feaa157189212027c56462d8.jsonld","https://obis.org/dataset/7404ceb5-ccd8-4dab-8144-6e69ad82d036","identifiersha","2025-04-07 08:24:47+00:00"
"3dc73a791c74df4ca785429537851db67c42857a.jsonld","https://obis.org/dataset/22425148-d988-46b0-90d7-c47fdb290dd6","identifiersha","2025-04-07 08:24:14+00:00"
"3dd1581bc9139507e44c546e2152b815aa758521.jsonld","https://obis.org/dataset/781886f1-2d10-4752-9b04-24a22d6205ff","identifiersha","2025-04-07 08:26:05+00:00"
"3e0133ad20eed1ac820c8422f04139743d8202d9.jsonld","https://obis.org/dataset/2a3f2498-1f94-4756-addf-dccccfb26b94","identifiersha","2025-04-07 08:23:38+00:00"
"3e094399ed84347f1c4ebf45504486b78e46532b.jsonld","https://obis.org/dataset/f4e5091d-188a-43f2-b14d-ffdc6d3b618c","identifiersha","2025-04-07 08:23:17+00:00"
"3e11a75deb4e640f10212a4a57399797a050977b.jsonld","https://obis.org/dataset/b1336555-5a7b-4a0a-9d1a-18d33eaa921e","identifiersha","2025-04-07 08:27:16+00:00"
"3e1df496bccec45d5b608a3344a412d6f018d466.jsonld","https://obis.org/dataset/cf7ca5df-0032-4f17-8306-0c5c08dbda6a","identifiersha","2025-04-07 08:27:59+00:00"
"3e2063ec02a2e0391b457f676d949e772d3fab41.jsonld","https://obis.org/dataset/1f9f2ee2-d103-4afd-86da-e9deb8606524","identifiersha","2025-04-07 08:28:03+00:00"
"3e349a83456d74f8f21511526718205fcec000e3.jsonld","https://obis.org/dataset/f4d1e85c-a6b6-4497-b5ae-c019bc71a199","identifiersha","2025-04-07 08:22:58+00:00"
"3e3df1f9f7c3da3d0031e6eabe6c37c925a0e498.jsonld","https://obis.org/dataset/97a027ed-92e1-4b12-b241-6073f88b7b60","identifiersha","2025-04-07 08:27:04+00:00"
"3e43cacbfb8a5e01865352f30063e6a0b7a2f2ca.jsonld","https://obis.org/dataset/4419a6b2-6f4a-4196-86e5-7aac9e525b60","identifiersha","2025-04-07 08:24:19+00:00"
"3e44a808caa9423abd0fde43da2bf7ffb0235f27.jsonld","https://obis.org/dataset/39aa2775-5188-4b85-9b5a-896d7263ad03","identifiersha","2025-04-07 08:25:26+00:00"
"3e460d7c9b2df364173dee7c7c0ab393fdddaad8.jsonld","https://obis.org/dataset/d5901e29-94c4-4ce0-a9ce-21f7eea95310","identifiersha","2025-04-07 08:26:54+00:00"
"3e4da6b182325b760950ccd6a182e373a8536072.jsonld","https://obis.org/dataset/d38666d1-f138-4533-b8e3-02505f1f1d9b","identifiersha","2025-04-07 08:24:40+00:00"
"3e567db5bd8a9ac7f47d5822e63a82b3aeb01c5c.jsonld","https://obis.org/dataset/225bf2e3-dbeb-45a6-83fe-d99557123ded","identifiersha","2025-04-07 08:23:35+00:00"
"3e8a8c1ac27261d1d0267e30269c602cc2ba9e74.jsonld","https://obis.org/dataset/8a855458-cbd4-4b5d-94d9-d855b5d1a025","identifiersha","2025-04-07 08:25:47+00:00"
"3e912c18e318ab59350b0b17c141590756b851bf.jsonld","https://obis.org/dataset/4c130a18-8fa7-4cae-b710-00da365d7f34","identifiersha","2025-04-07 08:26:14+00:00"
"3ea5280369aaae46fbfad7dfbfbf1569f5452897.jsonld","https://obis.org/dataset/6669ce88-d264-42a5-b34c-bb7f01c3952c","identifiersha","2025-04-07 08:23:16+00:00"
"3eb0fac6638a84aeb21e1c25b80280e58f36c55a.jsonld","https://obis.org/dataset/351a46d1-c20e-4077-9f35-7755230e3216","identifiersha","2025-04-07 08:27:44+00:00"
"3eb3fc3741da2518feb9bb2ac836c30b43972f79.jsonld","https://obis.org/dataset/c8eecb00-b65f-45c5-b04e-da9bd5dc18e0","identifiersha","2025-04-07 08:23:39+00:00"
"3eb6f68d82693e5190fd6e9938983a590ae6ad09.jsonld","https://obis.org/dataset/f6b3560e-98f1-48c6-902f-67c141d802f4","identifiersha","2025-04-07 08:25:35+00:00"
"3ecab264bc1562ebdd6ad92cff6d9267b0ea502d.jsonld","https://obis.org/dataset/9ead3b9e-8431-4132-be7e-cc5c3d24b64d","identifiersha","2025-04-07 08:25:29+00:00"
"3ee16309f9e91e85c4f03edccc38820389e6bccb.jsonld","https://obis.org/dataset/84c3bd45-8350-492c-bddc-9b272ce4cabd","identifiersha","2025-04-07 08:24:00+00:00"
"3efbe8215f858f5583f34819fe8ea05189a88da5.jsonld","https://obis.org/dataset/67c16cec-808b-419d-9dd5-c1ca685af89c","identifiersha","2025-04-07 08:23:59+00:00"
"3f140c473469038dad883cde44b3d576ac2e64a5.jsonld","https://obis.org/dataset/83187fac-bf9b-477b-a397-bb4a8b5bd101","identifiersha","2025-04-07 08:25:09+00:00"
"3f2cef599c5b310e3a1852975ce2ea251b8e8373.jsonld","https://obis.org/dataset/ac6789a8-aef9-4642-b67a-d4ffb25e8245","identifiersha","2025-04-07 08:24:11+00:00"
"3f3d155908efea126c8a39f464ba870f3a111172.jsonld","https://obis.org/dataset/fcd4f2bf-2352-44e2-8552-2c04848ff30b","identifiersha","2025-04-07 08:26:21+00:00"
"3f427624dcb8114036c3a397d94642629fe455f1.jsonld","https://obis.org/dataset/f00285b5-7867-4783-a2a0-b2c994ed9ecc","identifiersha","2025-04-07 08:26:27+00:00"
"3f4343dda5dc863d006042458dd22ee92f2b1e35.jsonld","https://obis.org/dataset/563f7733-16c7-4069-903a-392665f69593","identifiersha","2025-04-07 08:22:41+00:00"
"3f465fa076f5adb62f0430c2edf3e8429b70f70b.jsonld","https://obis.org/dataset/796780d8-2753-48eb-8dc8-02f16a023e59","identifiersha","2025-03-24 00:33:44+00:00"
"3f4cd33f1977f2c5c9bee494e96e59e35c9f1c2a.jsonld","https://obis.org/dataset/5a6c7e4d-0f8c-4022-981e-b061cc922da3","identifiersha","2025-04-07 08:26:35+00:00"
"3f5bde3cf26f34b2fe58f5b4bee54ba88b9edee3.jsonld","https://obis.org/dataset/c8705088-d0be-4a84-985b-c2cabcbc0879","identifiersha","2025-04-07 08:22:51+00:00"
"3f6f924642c93a9b25917559c48a69cfa07541ef.jsonld","https://obis.org/dataset/12acbce5-cb41-48c4-bd80-6030b0f0a83f","identifiersha","2025-04-07 08:23:14+00:00"
"3f71b35a1d7887888582564ed7b1a4738d6ab82e.jsonld","https://obis.org/dataset/8de520de-fa3e-4ec1-9846-762af14fee7b","identifiersha","2025-04-07 08:24:39+00:00"
"3f7722143d4c0fda755e3edd0ff52f2467e0175f.jsonld","https://obis.org/dataset/9851013d-54de-4fd9-a3b8-d99ebabde2ac","identifiersha","2025-04-07 08:25:42+00:00"
"3f893eec862dea614908173275ccb2aa0072dbe2.jsonld","https://obis.org/dataset/ccd6a395-a14a-49ce-afca-fd478007f19c","identifiersha","2025-04-07 08:25:28+00:00"
"3febef238797d124b45dfe5fe783f1ec404eae8a.jsonld","https://obis.org/dataset/ef59c278-3436-47ab-a92b-767561555c39","identifiersha","2025-04-07 08:24:52+00:00"
"3fee88afab4ba69a60870cd8ba54e5e0c1ec53d7.jsonld","https://obis.org/dataset/54bf169c-13f6-44cd-8551-06b999c994a1","identifiersha","2025-04-07 08:23:38+00:00"
"3ff0f50103bc991a16411897133232daed3c6a4b.jsonld","https://obis.org/dataset/c2b2427d-730b-408c-a0a6-20da7e67903c","identifiersha","2025-04-07 08:28:30+00:00"
"3ffebf470f9d64bd4ba9aa94e07691eb67a2cd7a.jsonld","https://obis.org/dataset/4c280275-b20c-4cb2-b96b-96410db3601d","identifiersha","2025-04-07 08:25:14+00:00"
"400852c9da8c9c207ec02d72ca671f29514f6bbc.jsonld","https://obis.org/dataset/6360f4c6-98b5-40e2-8cd9-a708128acad7","identifiersha","2025-04-07 08:25:11+00:00"
"4010035241ba9ea95e2f6751333629edfaa55871.jsonld","https://obis.org/dataset/46e3d7b1-12a6-4386-965a-85d1daf68e20","identifiersha","2025-04-07 08:25:17+00:00"
"402104f89728aefebbd7db862e685332cc7c187e.jsonld","https://obis.org/dataset/365fde5d-61cc-4e0b-b6bd-8ab80c0b034f","identifiersha","2025-04-07 08:22:38+00:00"
"402ed686ef30fd6005ef849d4a0c34a33014abb8.jsonld","https://obis.org/dataset/11bb7544-a878-43f0-ba64-23da0a294e61","identifiersha","2025-03-24 00:41:47+00:00"
"403246dcb04349132af880bd34df0c83dd4928e7.jsonld","https://obis.org/dataset/13cd2cbd-f6f6-4e2a-94f9-f5ab6f30bb57","identifiersha","2025-04-07 08:23:18+00:00"
"4047f4183d9bc8cb61a746c0bca27a293ad57f42.jsonld","https://obis.org/dataset/2ed3cb38-e033-491d-95a7-5ae37f1f1904","identifiersha","2025-04-07 08:26:19+00:00"
"405e9c8dcc2de8883d0ee2773b7ef0367f358cc7.jsonld","https://obis.org/dataset/4cfad6f2-990c-4800-8863-633c7184f1e2","identifiersha","2025-04-07 08:23:14+00:00"
"4081b484810aa4d526c83121509e54a595643a8d.jsonld","https://obis.org/dataset/fedb2f96-5db0-406c-8a31-4c98702ae57c","identifiersha","2025-04-07 08:25:04+00:00"
"408e3687032a6a42737fd07479c446f24267b2be.jsonld","https://obis.org/dataset/c3efe827-3ad4-41ed-abd4-e299215e2295","identifiersha","2025-04-07 08:23:29+00:00"
"409097ff8e2d8325666427fedfdd227679aa7d55.jsonld","https://obis.org/dataset/3497a1a0-247f-4cff-ab6e-da7772fa71e1","identifiersha","2025-04-07 08:25:31+00:00"
"4097836afeff8cd962d61365885ed36ac3b38019.jsonld","https://obis.org/dataset/4b667f4a-2c2c-401e-8fbb-9be0bdf41421","identifiersha","2025-04-07 08:24:21+00:00"
"40a1befbf5e55491db5a973ea97db71bcc743bc3.jsonld","https://obis.org/dataset/a82b670a-46b9-4f96-975e-4be51e0bb42d","identifiersha","2025-04-07 08:26:57+00:00"
"40ad42e0f1b8daf577f118812c3e8e79f4a48fb3.jsonld","https://obis.org/dataset/4e557f6b-5477-46e2-a847-3f12a2ea5be9","identifiersha","2025-04-07 08:26:15+00:00"
"40cd634007d410a33104818f21851c91a19065c0.jsonld","https://obis.org/dataset/f996a819-8a22-4306-97eb-ca40dee61263","identifiersha","2025-04-07 08:26:06+00:00"
"40decea863f60727d748e3979c43c243d151b219.jsonld","https://obis.org/dataset/6ce6ef11-3c7f-4559-aa34-e4e7c316a3dc","identifiersha","2025-04-07 08:24:16+00:00"
"40deebc8c17113b251ef44dc2737d20e061ebd01.jsonld","https://obis.org/dataset/748486a6-fef0-4eee-bdf3-40bba9e621ae","identifiersha","2025-04-07 08:26:45+00:00"
"40e36c54cbdc0bfe748e436039144cc102203260.jsonld","https://obis.org/dataset/82558ef8-fe1b-451e-a0ee-e2d89b7c8bf9","identifiersha","2025-04-07 08:23:54+00:00"
"40f6fe894ec07e70da71e1db960489ad5585fb93.jsonld","https://obis.org/dataset/8c8af6f1-8ba3-4e2e-ae01-8436259fcea9","identifiersha","2025-04-07 08:25:59+00:00"
"40f8a237e77f497ee774737b3fc02263fe067a71.jsonld","https://obis.org/dataset/ededd362-ad3f-4246-8f80-919440c7820d","identifiersha","2025-04-07 08:24:26+00:00"
"40fbe3975f233435b921ba9c6df409d88b8dbcb1.jsonld","https://obis.org/dataset/02a79cb0-af67-436b-939b-117553a63a90","identifiersha","2025-04-07 08:23:47+00:00"
"4100d8e73e291ff01d1f480568b096321762f585.jsonld","https://obis.org/dataset/d0d2a510-ba24-487b-80ca-afc86922cb1c","identifiersha","2025-04-07 08:22:53+00:00"
"4102db5abe975fb6544f2075abf528522e29db07.jsonld","https://obis.org/dataset/735f8dca-f656-4452-b8cb-a6bf3389f1fd","identifiersha","2025-04-07 08:24:26+00:00"
"410ad64b86c501a5c808b0dca8a63b7fb690a667.jsonld","https://obis.org/dataset/5c450ef9-c564-45fe-b146-e44139a8ea89","identifiersha","2025-03-24 00:42:58+00:00"
"410fb85424f61ce4e59d653f01a785a56f300401.jsonld","https://obis.org/dataset/784fe95a-ce9c-43cd-91c1-8990200992d1","identifiersha","2025-04-07 08:23:44+00:00"
"4110d92bdb8cba6fccd90e8c64a0d12ad9f81c30.jsonld","https://obis.org/dataset/667df9cb-b7ee-4f81-ae7e-b49ca5b2005e","identifiersha","2025-04-07 08:25:40+00:00"
"411f7cf3c1b4987ebc838020a1db30b4e944d24a.jsonld","https://obis.org/dataset/3e0dbf88-f4e8-468d-8b84-07f905e826aa","identifiersha","2025-04-07 08:27:03+00:00"
"41375cf8c54f4682a15c9ca4f26bb2f58f8dc04e.jsonld","https://obis.org/dataset/effa9311-91d3-44a4-8fae-6ffbe5695663","identifiersha","2025-04-07 08:27:05+00:00"
"414064cf8edb41c427e052436388e4e10af54e79.jsonld","https://obis.org/dataset/6a2c5c17-40cf-444f-8fda-c78fa257116f","identifiersha","2025-04-07 08:23:41+00:00"
"41468ef5ce0d2de74c73b6f8830bd6b94df51ae9.jsonld","https://obis.org/dataset/5ae7ac9f-0347-49d1-b022-7739dda78ccf","identifiersha","2025-04-07 08:26:08+00:00"
"414943d7105b0716cd3fe09bb31ae3cdc932791a.jsonld","https://obis.org/dataset/30884b6c-e8e1-453c-af20-7ed8318489c6","identifiersha","2025-04-07 08:25:18+00:00"
"414a0b02c09e089b50cf387787c7b541f3621979.jsonld","https://obis.org/dataset/929bf4b0-f025-458e-938f-774bdcfb50a6","identifiersha","2025-04-07 08:28:11+00:00"
"414deac4973743ade21bd0273aa383f0c257873c.jsonld","https://obis.org/dataset/153f8079-a5b2-42aa-85af-f2cd72801a2e","identifiersha","2025-04-07 08:25:44+00:00"
"41509fd3f03ff5a04c4ac2682cc8ffe2fa20ffae.jsonld","https://obis.org/dataset/dc2a78ea-c815-40e5-a06d-983c36ba13ea","identifiersha","2025-04-07 08:27:46+00:00"
"4152170958b975960631ddc20349e5a61c614844.jsonld","https://obis.org/dataset/ca9998bc-b371-423c-a73e-de2e9e127b96","identifiersha","2025-04-07 08:23:04+00:00"
"4157652b15dc2ef30ac8cd463b46c28907cb55ca.jsonld","https://obis.org/dataset/f6352e4d-31b5-4baa-99e1-d39646043e88","identifiersha","2025-04-07 08:23:24+00:00"
"4161f51f6a4c713c02a8a32f06f314ada14bed9b.jsonld","https://obis.org/dataset/b15b760e-38de-481e-896b-d385b9c1bd56","identifiersha","2025-04-07 08:25:56+00:00"
"4166e27c00cb48643769166a95e46a18e4bacf36.jsonld","https://obis.org/dataset/d5cd9197-6fce-46f4-a3da-070fc9a6aa8d","identifiersha","2025-04-07 08:25:33+00:00"
"4184f6bf414bd77b5239b1f6607f75bc215d4301.jsonld","https://obis.org/dataset/222d85fd-d6fb-454b-baaf-2ab60906dab1","identifiersha","2025-04-07 08:27:51+00:00"
"4188ec666f72ebf5f0208618b74c371ad6dbee5d.jsonld","https://obis.org/dataset/5ab87d96-5ef6-4886-b295-4e08d01ab65a","identifiersha","2025-04-07 08:24:04+00:00"
"418b7d88f2741febd53c599bf69fbdb36e013d53.jsonld","https://obis.org/dataset/afb23951-7a91-44f5-9c70-1c569bc7f996","identifiersha","2025-04-07 08:26:48+00:00"
"419a6a5e2a30de784246dc669ea8ca362ec8475b.jsonld","https://obis.org/dataset/82b9ede1-962d-42a5-acde-26b889b06858","identifiersha","2025-04-07 08:23:14+00:00"
"419e449e19bbd7ee6cdab1fedbe6dd5c6ed848b5.jsonld","https://obis.org/dataset/6833b887-45e1-463e-9817-838afc6155ca","identifiersha","2025-04-07 08:24:27+00:00"
"41a620ce497afa023e030290320eb5ab73214375.jsonld","https://obis.org/dataset/f154c36c-78e0-47e2-abbc-53eacdfba24d","identifiersha","2025-04-07 08:28:35+00:00"
"41b31a647c5ed03e6e063544f29bd109912c768f.jsonld","https://obis.org/dataset/518c8422-0a94-4926-9e7a-42aaf70002f4","identifiersha","2025-04-07 08:22:52+00:00"
"41b91900b4f4079afb1f62e6201de194379e5e68.jsonld","https://obis.org/dataset/5d834e18-273c-48ba-91bb-ead0f15a5457","identifiersha","2025-04-07 08:24:01+00:00"
"41bd4dc1e2e64a68bc00db8c226f4865cba2e7ed.jsonld","https://obis.org/dataset/c7648951-8013-4916-b41f-7500b7a56ce6","identifiersha","2025-04-07 08:24:45+00:00"
"41d579d5d64cebe259097579ec98f829b81bfd7a.jsonld","https://obis.org/dataset/12e4df58-eb36-4498-8670-853412bf727c","identifiersha","2025-04-07 08:27:03+00:00"
"41f12fe0bf96db09bf9901709bf7c22c547219ff.jsonld","https://obis.org/dataset/458c7dd0-ac5e-4e28-bbf7-7e4af3ec2bee","identifiersha","2025-04-07 08:27:56+00:00"
"41f61d3186e2763c41c24885d5b8373fc97a640b.jsonld","https://obis.org/dataset/5eaa3423-1bbb-4472-805a-aeb3bb81b7d0","identifiersha","2025-04-07 08:27:46+00:00"
"4217c97d7352544d27f5931f4118a6ad8d03bcd9.jsonld","https://obis.org/dataset/8586dcea-4026-47bb-814d-bcfb0154694b","identifiersha","2025-04-07 08:26:49+00:00"
"421cf012d3f635ac4c2ae2f093c9e11abc2cfc40.jsonld","https://obis.org/dataset/a9114765-9e28-4a43-9987-4fd9f398748a","identifiersha","2025-04-07 08:23:06+00:00"
"425e8306e6d85411f2c665650db8bce96153dec9.jsonld","https://obis.org/dataset/792f35ec-61cc-4b80-b929-429f1e6adf3f","identifiersha","2025-04-07 08:26:51+00:00"
"42652e8854fcdf9afbc24ae81b01229f55b59181.jsonld","https://obis.org/dataset/da08bb1a-19d6-435e-b0bc-90982b22c3a4","identifiersha","2025-04-07 08:26:45+00:00"
"4275ed2caee798995a8d1b1073656481d3a6e34a.jsonld","https://obis.org/dataset/3a610615-e7eb-4cd7-8cdd-502debf1589b","identifiersha","2025-04-07 08:24:11+00:00"
"42808c5beaece4576a627439b1259f45cbd4cd30.jsonld","https://obis.org/dataset/b81d955d-fc21-44fc-aa57-4f44b31e9916","identifiersha","2025-04-07 08:27:36+00:00"
"429d260b5aab115f662a662ac401aefbacd03078.jsonld","https://obis.org/dataset/a6faaccb-211c-4bae-a6dd-719457560572","identifiersha","2025-04-07 08:27:11+00:00"
"429f312489a383a42ed567f591d4bd84faf09953.jsonld","https://obis.org/dataset/2861ebc0-ac05-47c7-a150-df8cc6bc64b0","identifiersha","2025-04-07 08:27:17+00:00"
"42a3068de46f9b0559f565d7aaf1bb68fa3c1635.jsonld","https://obis.org/dataset/98b326d9-78c0-40c5-82e1-467dcf4cdca9","identifiersha","2025-04-07 08:26:38+00:00"
"42aa7cc87a3e2eafde77e5da18816d0b4545015d.jsonld","https://obis.org/dataset/a914e242-0f35-4233-a9c5-429f7288631d","identifiersha","2025-04-07 08:26:00+00:00"
"42b8bf275833e78241554403b1c11eb107bc16e4.jsonld","https://obis.org/dataset/f41f0bd3-b456-4077-841c-2a068531ef22","identifiersha","2025-04-07 08:25:19+00:00"
"42e065c05e1d5a71e164feb316ad7c27f2be23ea.jsonld","https://obis.org/dataset/33ab247a-0017-4531-a4e8-27065ba4fcf5","identifiersha","2025-04-07 08:25:01+00:00"
"42e2442b37a0f90ba7b4819ab92f3477d3a5d4b4.jsonld","https://obis.org/dataset/097332d5-d8af-4e83-9f02-4750c1e439c4","identifiersha","2025-04-07 08:26:56+00:00"
"42e2c77f13738da357ac999c309d0664ca48cd37.jsonld","https://obis.org/dataset/3ab72305-4c52-443f-9cbe-d83c7b947807","identifiersha","2025-04-07 08:23:37+00:00"
"42e3e1a2b917bbf99e3c52c7173fa6b41a2df4d8.jsonld","https://obis.org/dataset/a8409ad2-337a-4c97-bce1-b3a11d59f4ab","identifiersha","2025-04-07 08:28:05+00:00"
"42eb1aacfe528fac83beb41100f0fc9b78a702b1.jsonld","https://obis.org/dataset/58480117-eefa-49e7-abee-bad994d9d91b","identifiersha","2025-04-07 08:27:27+00:00"
"4305830c2d97ba9734421a83651815f0a802bcd2.jsonld","https://obis.org/dataset/ac7fab45-f7b6-4622-a477-f0a3917ad86f","identifiersha","2025-04-07 08:27:40+00:00"
"4307cd392ba089d72b6f2a997e3f74ddf7ab658f.jsonld","https://obis.org/dataset/98f8ef97-d914-4baa-bfd8-6299422d0d40","identifiersha","2025-04-07 08:27:48+00:00"
"4312d03f6625f51840552a5ba2c35323b6e2a525.jsonld","https://obis.org/dataset/d5b382e5-521f-437a-9889-f031b9dc7cc8","identifiersha","2025-04-07 08:26:01+00:00"
"431caef1b77dbb6d079b303d3b4210f63701b64f.jsonld","https://obis.org/dataset/2214d3c2-e8bd-4c3b-ada8-0889da5f61d2","identifiersha","2025-04-07 08:24:06+00:00"
"432d18ac4ac6a419e3710bb6a1c28cb9d6c7d227.jsonld","https://obis.org/dataset/81330b73-f70d-4a58-b54f-b9e1f62355d3","identifiersha","2025-04-07 08:26:16+00:00"
"433e93cbe45c4cdba97934d6db060d8448f9c22c.jsonld","https://obis.org/dataset/4b584a1c-d42d-4128-8ad8-6f5848f27f00","identifiersha","2025-04-07 08:27:32+00:00"
"43441bb5ddef3e74a6a859457a34b0b2deb5df9f.jsonld","https://obis.org/dataset/ebe283e7-d67a-48d5-b290-6bbd11ade3f6","identifiersha","2025-04-07 08:25:39+00:00"
"4350c608ea58eecbc585686364815dc3d07ba7f0.jsonld","https://obis.org/dataset/8d014833-75bb-49e5-9700-2cf7104f30f6","identifiersha","2025-04-07 08:27:44+00:00"
"4355e9f9311e2c9665f058c357065c514ec4bdd4.jsonld","https://obis.org/dataset/b3d6379c-1d83-4ddf-bf4c-0a298433a226","identifiersha","2025-04-07 08:25:37+00:00"
"43705bf25df6bbeae6a4630e77ddadf412a0991d.jsonld","https://obis.org/dataset/7b2904d8-db61-4579-8073-db61dcd88c77","identifiersha","2025-04-07 08:24:29+00:00"
"4370e366332dc4a712776d2e4ad6a005aad6e90d.jsonld","https://obis.org/dataset/6dead477-5f55-4eeb-b5f4-f37c1da1b941","identifiersha","2025-04-07 08:28:37+00:00"
"43a31a6e27347ffa32d3f9ec02b66d6c26ecfcb3.jsonld","https://obis.org/dataset/185ec168-d273-4888-964a-2e9bdd5136e0","identifiersha","2025-04-07 08:25:43+00:00"
"43a3f5c7b0e695c9145cc1119e40593bc497bb65.jsonld","https://obis.org/dataset/f9f1cd9a-c072-4b79-a279-85a0d143c63e","identifiersha","2025-04-07 08:23:31+00:00"
"43abe8175a27ff17e934854d85ccce7299e01ec7.jsonld","https://obis.org/dataset/3372307c-b049-4f45-b870-a33ca23b3554","identifiersha","2025-04-07 08:22:46+00:00"
"43ae22e2c6eb573248f5624870dfd90d7f6e3e88.jsonld","https://obis.org/dataset/0eb73d2d-262f-4c3b-a30f-8f8f1a476e8c","identifiersha","2025-04-07 08:26:08+00:00"
"43b1fb0612e03215fedba8aa8c89e863b07bf8df.jsonld","https://obis.org/dataset/e8e362d0-93a0-44bb-bd88-a599e3766f6f","identifiersha","2025-04-07 08:24:50+00:00"
"43b28dcb8de5dbefd6241153c2667732ced85bbf.jsonld","https://obis.org/dataset/830cd2fc-25dd-44f2-9a53-272404dac551","identifiersha","2025-04-07 08:24:50+00:00"
"43c2e25b5cb7b483cbbe0d269cd88840801afd8e.jsonld","https://obis.org/dataset/878eeaa7-0f16-4a4f-ad06-4c5533c2d470","identifiersha","2025-04-07 08:24:29+00:00"
"43d0b8a6147fbec32b2d51d816d678a448879382.jsonld","https://obis.org/dataset/3d7d3835-5d09-4c2e-b2be-645c6449eed9","identifiersha","2025-04-07 08:28:35+00:00"
"43d28f25de17bd34acaaf9b928655e045c19814c.jsonld","https://obis.org/dataset/4aaa85a5-6cfb-45bf-9ca4-ca431db88849","identifiersha","2025-04-07 08:22:37+00:00"
"43d6de0bf710cebfa693eec36bffe9a61daff79a.jsonld","https://obis.org/dataset/0648a759-1621-4a53-bc98-ec28e9c964e1","identifiersha","2025-04-07 08:22:58+00:00"
"43ebc9af03de68a913210906e568cd2e76e8fa7a.jsonld","https://obis.org/dataset/ba3fc1a0-5ad0-4621-8712-e01292d9872c","identifiersha","2025-04-07 08:22:33+00:00"
"43ece14c8d1736cb24c85e3a753314ac185981dd.jsonld","https://obis.org/dataset/06704bbe-f905-4b5e-b797-a216cb791eb8","identifiersha","2025-04-07 08:26:49+00:00"
"43f0b55e105777f652f96a374b9b0fc8a594eac2.jsonld","https://obis.org/dataset/68ed4f02-f04b-46ae-b273-0bcbf8a8f807","identifiersha","2025-04-07 08:23:26+00:00"
"43fed5aeea33b75fbcc7dbc9d065e720f04c4b64.jsonld","https://obis.org/dataset/123d29bb-977b-4ea3-9c58-46cf79ed1523","identifiersha","2025-04-07 08:23:31+00:00"
"440071eeacbe9f9d6d063a664e98f9d629c81755.jsonld","https://obis.org/dataset/5394088a-ed38-4c2c-a456-3194be5d0dc7","identifiersha","2025-04-07 08:26:32+00:00"
"441df64bd3ab91a67b7cfd89485fe5358d2e037b.jsonld","https://obis.org/dataset/fe558aab-4a93-4f9f-b525-b481ad68e2b6","identifiersha","2025-04-07 08:27:01+00:00"
"442f79f8ec9bf912446eceb6a5420431765f2856.jsonld","https://obis.org/dataset/3ae593b5-f9b8-4858-9f5e-cb0343961956","identifiersha","2025-04-07 08:27:48+00:00"
"44336cc54b419b892c77eb43d472c042198dcecb.jsonld","https://obis.org/dataset/089702a8-4b25-4a3b-924a-08f3373726a8","identifiersha","2025-04-07 08:28:35+00:00"
"44358399d961e3fdb5a2e2d1c4d2e7dc1e0db621.jsonld","https://obis.org/dataset/09af1850-4be0-4840-8cac-b7088d3cd4ec","identifiersha","2025-04-07 08:25:22+00:00"
"443aeb72eb80c3c45322bd4c2e75ea3ddacc633c.jsonld","https://obis.org/dataset/9c7c8f21-f1d6-4320-809d-1d1e319623e6","identifiersha","2025-04-07 08:27:29+00:00"
"44753f9b628ae63df27722acd007b4eeaa7c1523.jsonld","https://obis.org/dataset/b16e06a4-afb8-4c7e-a696-4552286e440f","identifiersha","2025-04-07 08:23:43+00:00"
"449b4de8940dac8426c1b8cd4690602a683cf60e.jsonld","https://obis.org/dataset/9e65f306-4762-4f71-98e9-695a2abaebcb","identifiersha","2025-04-07 08:26:02+00:00"
"449b58156da6cd628f9ac28217659b0a0bea6d60.jsonld","https://obis.org/dataset/4c033f09-7a21-43e5-a4c6-55842027d141","identifiersha","2025-04-07 08:25:22+00:00"
"449e9095219468374acb52e4ecb584732c6ff528.jsonld","https://obis.org/dataset/7fe7e03b-be5a-45e9-aeb7-0004c0c036b8","identifiersha","2025-04-07 08:26:24+00:00"
"44c230be247eb6edbf00394e8cbe7de912b59beb.jsonld","https://obis.org/dataset/e2f41810-e85c-4531-a213-e441175f0fd9","identifiersha","2025-04-07 08:24:32+00:00"
"44c9b8d1ec09258be27c34fa2d22c11ec1e6f987.jsonld","https://obis.org/dataset/585d686c-b216-4343-b548-ddc7a9286487","identifiersha","2025-04-07 08:23:31+00:00"
"44cbe5a90275efed5ec9e1b2a5a9cdf515127601.jsonld","https://obis.org/dataset/6b9d739c-8150-49ec-ab6c-b8da93ee9dd2","identifiersha","2025-04-07 08:22:56+00:00"
"44db177aa32af1835e809cd3344d328f9f575568.jsonld","https://obis.org/dataset/fd8c4760-a23a-45e0-a297-dff5ef5d7368","identifiersha","2025-04-07 08:26:22+00:00"
"44e1b31cf4319690932fd3fbc77eb59235d889a5.jsonld","https://obis.org/dataset/11bdbc14-d56d-49f2-933a-6c879aa8e806","identifiersha","2025-04-07 08:28:31+00:00"
"44fa4ea7b95ec96e9a835520e9f1a0b9940483b9.jsonld","https://obis.org/dataset/2989b6b8-51bb-4591-8d65-d1c72269fa5f","identifiersha","2025-04-07 08:25:33+00:00"
"4501a934a03c5a72b6c81f51838b48475a5bb688.jsonld","https://obis.org/dataset/1e3ba2fc-7d13-4a24-8619-e94b243f9d2d","identifiersha","2025-04-07 08:23:51+00:00"
"45081943eef370be48cc20cb793040958b03a810.jsonld","https://obis.org/dataset/2713eebe-060d-4a65-b439-878313a298c4","identifiersha","2025-04-07 08:26:34+00:00"
"45082425feb768e2aff734ba39296cecd91bce5f.jsonld","https://obis.org/dataset/28621175-b49c-4fbf-9f60-9b82d78b7b0c","identifiersha","2025-04-07 08:22:43+00:00"
"450f3192d5c987efa1c299d3762f422d7a84d5fe.jsonld","https://obis.org/dataset/bd33b75e-8805-415c-94cf-e671cae8f33b","identifiersha","2025-04-07 08:26:35+00:00"
"45150fbffc787e28febea390d339ded3b960c343.jsonld","https://obis.org/dataset/95518627-a380-4691-86d8-3a3b5a11196c","identifiersha","2025-04-07 08:22:29+00:00"
"4547b78246c2cda2fc816f78ccc72c1ef61fc4c2.jsonld","https://obis.org/dataset/1dc828ac-d522-4ebf-97c3-e5a521b4509c","identifiersha","2025-04-07 08:25:13+00:00"
"455ec3f0e98dd8b3d9ab13b013e93726e117f563.jsonld","https://obis.org/dataset/8e5ebdf7-05f1-4d0d-b9d0-84bf1575926e","identifiersha","2025-04-07 08:26:25+00:00"
"45613df7eb422c2b55c0f4949d75ba2a3cacd043.jsonld","https://obis.org/dataset/0ff2a317-589a-4a3c-8f87-cd37173da0d6","identifiersha","2025-04-07 08:23:30+00:00"
"456846b1fd8a09d0cce71036269ea2e6be45b4e3.jsonld","https://obis.org/dataset/8c24c044-b3d9-4258-aeda-3d514bfc9e7c","identifiersha","2025-04-07 08:28:28+00:00"
"456d817701e62b2bc8f8ad831dbc0ef6391715cc.jsonld","https://obis.org/dataset/fe2e14f5-a1f8-4de8-806f-c1f86550616a","identifiersha","2025-04-07 08:24:33+00:00"
"456f02f6917f2f9215e8a07be70521e5a884e165.jsonld","https://obis.org/dataset/03b0c6d9-af92-4ea5-a5b5-f0dfd98ed47e","identifiersha","2025-04-07 08:25:49+00:00"
"456f89da687fe0d0bf18cdc7e958ef2693c458e3.jsonld","https://obis.org/dataset/79766e2f-1256-4ba0-a3e5-f1b6ce348acd","identifiersha","2025-04-07 08:27:16+00:00"
"45a76ce4032f1a27f619e2dc355cd08da09eb1bd.jsonld","https://obis.org/dataset/19accb3e-6b35-4155-94f6-d914c231cf62","identifiersha","2025-04-07 08:27:47+00:00"
"45ae852dd638a1815daaabb9d50830ffc5f1dff6.jsonld","https://obis.org/dataset/3d5985a7-d3f1-45f0-a054-9c545f3b5d57","identifiersha","2025-04-07 08:26:44+00:00"
"45b4fb3dde46de96bd56590f4e1fb0567067ef31.jsonld","https://obis.org/dataset/8182d9a6-45ab-41e7-a8c8-90e7b12369b1","identifiersha","2025-04-07 08:28:33+00:00"
"45bdb4b7aa700240e7a2e2f75354eb1db5760b81.jsonld","https://obis.org/dataset/b0ae29fa-8e83-4218-ba06-80efa0cf82e5","identifiersha","2025-04-07 08:24:22+00:00"
"45c7de098ef40c9fdc36c5a85fcf1bef54e8e64d.jsonld","https://obis.org/dataset/82c51e92-e66f-44ca-a02a-b6071c7e188f","identifiersha","2025-04-07 08:23:06+00:00"
"45cef2851f2392e4f408e4c4fdc7683f1f31da97.jsonld","https://obis.org/dataset/7b521ef5-2753-4811-b946-eb03f959575e","identifiersha","2025-04-07 08:27:43+00:00"
"45d956ae72b45e558541ed8d78021bb4dfa954e7.jsonld","https://obis.org/dataset/16babc0c-b82b-45f6-8265-92560f7d162a","identifiersha","2025-04-07 08:25:08+00:00"
"45f1067208e3d6c5ac0946d2b9fbb2934cf56ec4.jsonld","https://obis.org/dataset/0fd1dae1-3b8c-4e11-bcad-10c95de2e95f","identifiersha","2025-04-07 08:26:51+00:00"
"45f8244ce9f7316456b21afdbffbe4a8bd88d457.jsonld","https://obis.org/dataset/306f1021-e882-46c2-8561-7bea79eca466","identifiersha","2025-04-07 08:26:45+00:00"
"45fbc9c0b2e7cde251c3155222abc2d691bf56b2.jsonld","https://obis.org/dataset/f7a9e965-7c86-40f0-a54c-e47cf1ce291d","identifiersha","2025-04-07 08:28:20+00:00"
"45fe0c0dd6fee5b52d5ca1bd03567596536d43ee.jsonld","https://obis.org/dataset/40042b74-3af8-47b5-9bd8-3f3be34c6f8d","identifiersha","2025-04-07 08:23:31+00:00"
"460446dccf33eab57f667d9cb945d636e0bb8b43.jsonld","https://obis.org/dataset/86453e9e-24f5-47b1-b442-b6f86a9979b7","identifiersha","2025-04-07 08:22:25+00:00"
"46056810da2727a2c1aea2d93030778aba1c37f8.jsonld","https://obis.org/dataset/6a75e8b1-2412-4aff-9268-e219af09b2d9","identifiersha","2025-04-07 08:23:44+00:00"
"461a9332b5d5cf109ea441b41810cf9178149018.jsonld","https://obis.org/dataset/553e6cd6-89a8-4482-b767-fb79a8d9c6ee","identifiersha","2025-04-07 08:22:49+00:00"
"462ce08faa3198d5a4f01aa32ccc5dfb2fc68748.jsonld","https://obis.org/dataset/2ad4b01d-26e0-4387-b9e4-f519d4cf41c4","identifiersha","2025-04-07 08:26:13+00:00"
"462e5e16bc7d6af1035fc5d31437dfdca78d6de6.jsonld","https://obis.org/dataset/10fe54bb-b93b-4f00-bf4c-bd51542614ef","identifiersha","2025-04-07 08:23:12+00:00"
"4634ffe5a7bfb1d11a162386a6cf581f0ae40123.jsonld","https://obis.org/dataset/f908afd0-32d1-4c18-b7e6-dd15ec57fabd","identifiersha","2025-04-07 08:28:34+00:00"
"463f1a569321063b2451de4aa0e99fd6bb4c3780.jsonld","https://obis.org/dataset/8cc19b28-61c5-419b-8096-4688312ef55a","identifiersha","2025-04-07 08:22:39+00:00"
"46492f9ffb3d362f59d3ded68b27a70e65dd1938.jsonld","https://obis.org/dataset/0977d7a4-6f1f-48ad-9b9b-0a1cef4c179d","identifiersha","2025-04-07 08:25:22+00:00"
"464a64bfed5792375e00eac3898cf1dbe29e2661.jsonld","https://obis.org/dataset/5a7a7c39-cef9-42cc-8c22-9fcc31cd634d","identifiersha","2025-04-07 08:27:43+00:00"
"465b76239a6e8ae929ac3291bfef48dc442c77e1.jsonld","https://obis.org/dataset/c635b4dc-5d0f-4414-80ad-fe6522ad7677","identifiersha","2025-04-07 08:26:27+00:00"
"4663850d59331579321f238d7c555946dc0ad14f.jsonld","https://obis.org/dataset/0c44a7dc-7f06-4eab-b831-4cae103c9902","identifiersha","2025-04-07 08:26:40+00:00"
"466465e319767565ee08eceef168190eac6fb4e7.jsonld","https://obis.org/dataset/a9b5a5e3-6be6-4019-95e3-87a124e0a949","identifiersha","2025-04-07 08:24:35+00:00"
"466474e6eabf3d6b01509970255aa12c015b9850.jsonld","https://obis.org/dataset/c633b0f8-90bb-43f2-8680-65ac26dd8400","identifiersha","2025-04-07 08:22:32+00:00"
"46704288e564572d4fef086b125c2d8c36181c9f.jsonld","https://obis.org/dataset/f325a99c-f6a6-4ba7-96ae-7463a0002982","identifiersha","2025-04-07 08:24:41+00:00"
"4682c7d140800ea2987a0f0edddb7f5377fc670e.jsonld","https://obis.org/dataset/d815b624-43e6-4e3e-9136-094353e776f8","identifiersha","2025-04-07 08:26:02+00:00"
"469c148d22364fcfc1da7fbf23f800d7970446b2.jsonld","https://obis.org/dataset/38d0b29e-2f76-4d0d-9691-e6d605848f88","identifiersha","2025-04-07 08:27:00+00:00"
"469d3e1316aa1b653d845d598439aa092c761446.jsonld","https://obis.org/dataset/555c09bd-ad7b-4eea-94bf-4d21c04c051b","identifiersha","2025-04-07 08:25:01+00:00"
"46ab73cea7ad933b49e5d54ab4c243c9ebae7913.jsonld","https://obis.org/dataset/61887f35-b176-466c-87c2-8f8a52bc224a","identifiersha","2025-04-07 08:24:14+00:00"
"46af8ceedb2103b43b6ca271d97acaad9fd459b5.jsonld","https://obis.org/dataset/92b694e1-1534-4d37-8e11-3c2c6d2d5edc","identifiersha","2025-04-07 08:23:55+00:00"
"46b30dd60de5a36783bb9c80a72d60db57217318.jsonld","https://obis.org/dataset/8196bdec-73b7-4b8d-84c3-ad503d878026","identifiersha","2025-04-07 08:22:45+00:00"
"46b3b2f90755ae0f79a940d86ebd03326b095799.jsonld","https://obis.org/dataset/8c141f9d-7ef4-4c06-b062-88c8e296f40c","identifiersha","2025-04-07 08:25:46+00:00"
"46b5133198fd82926a9565344c18055b718c1f5a.jsonld","https://obis.org/dataset/d0eeefa4-9d21-4918-a868-7fee1fa863e9","identifiersha","2025-04-07 08:22:31+00:00"
"46b7be6cc2819f90599f0c62fc7f58b44c299afe.jsonld","https://obis.org/dataset/322e289f-10c8-4e53-b7c6-705ff3c4a788","identifiersha","2025-04-07 08:27:28+00:00"
"46bfafcd77d81a82b10039a7d7bb90dc5e51f58d.jsonld","https://obis.org/dataset/4ff9f6b5-fd39-406e-9f34-f5d50a157d34","identifiersha","2025-04-07 08:28:32+00:00"
"46cb16d8edf721646839cd7fc54cfb2c8b8bbb76.jsonld","https://obis.org/dataset/581d43af-bd2f-4f4f-9ec7-81db8ed9c9de","identifiersha","2025-04-07 08:25:40+00:00"
"46dae830f962dd0beb7d7e9a427d09e9306f7716.jsonld","https://obis.org/dataset/e31406eb-bf39-4993-a9a1-51cfe39da569","identifiersha","2025-04-07 08:24:04+00:00"
"46e871c2b2b50cf6870d89d4d21d904cc2e06557.jsonld","https://obis.org/dataset/e3a1422d-c3f3-41bc-8ff9-fd293d4fbbaa","identifiersha","2025-04-07 08:26:57+00:00"
"46eee86ee636b782979a859fc2a4bd11711a6bf3.jsonld","https://obis.org/dataset/b06bc9f1-220a-4c9c-9bf3-30b2638e70a0","identifiersha","2025-04-07 08:23:20+00:00"
"46fd48e9c710c8952e7ac2d5e7af4e27ca96eaa8.jsonld","https://obis.org/dataset/b636df3e-401f-4832-bdb6-e9d477229448","identifiersha","2025-04-07 08:23:43+00:00"
"472c53dce48a76305215a3c0efc25b0db74d3924.jsonld","https://obis.org/dataset/125a4c4f-eb01-4c13-b8e6-07aea9af8480","identifiersha","2025-04-07 08:25:51+00:00"
"473f364ee60b72f336a96fe6314288abc6b2bda1.jsonld","https://obis.org/dataset/742a38a4-c2d0-451f-9c46-fc22b00f7f9c","identifiersha","2025-04-07 08:27:55+00:00"
"4742c807ba9e213e799ed9e71a60bf5afd11fcc1.jsonld","https://obis.org/dataset/fcdb4d08-bc53-43ec-8736-15f9465e0ac0","identifiersha","2025-04-07 08:26:13+00:00"
"474cc04566e14f4ec2eb9e5cf3d07c90a4b9c436.jsonld","https://obis.org/dataset/d019cafc-20f3-49fb-a2a8-d830af95bda8","identifiersha","2025-04-07 08:27:54+00:00"
"4764d9c1aaed93a2f4b76f85b92e1cce5cefe7e7.jsonld","https://obis.org/dataset/375d7789-8635-4e61-9556-60532577d393","identifiersha","2025-04-07 08:24:00+00:00"
"476e7c3a4ffd012a4dfe9810d120025771d6378a.jsonld","https://obis.org/dataset/f5825142-2c9f-49d8-8c78-18bd318ec279","identifiersha","2025-04-07 08:23:36+00:00"
"47809ade9c0088aaf2c24d6dbc1b7b5642a9d265.jsonld","https://obis.org/dataset/4b05ff94-218b-4720-8bbf-fdc4f6301ef5","identifiersha","2025-04-07 08:28:05+00:00"
"47824d236088c452957d2be2972ae383e4e1d670.jsonld","https://obis.org/dataset/d5303d4b-e154-49a9-a2df-ebef09fbc166","identifiersha","2025-04-07 08:22:57+00:00"
"478f6fad232b3e9c73b4aef20d150e6c1e6469a7.jsonld","https://obis.org/dataset/45f2f095-cd87-4b6c-8aea-06cc3a46d421","identifiersha","2025-04-07 08:27:28+00:00"
"479c306b757ec7ff73d6c71e4124d2ba96f7c52d.jsonld","https://obis.org/dataset/9ecef113-7e29-4bfb-be05-2dfec6b6847b","identifiersha","2025-04-07 08:27:30+00:00"
"47cacdb9655d75ff8fc179ea7d3e6d0e3ae4b40e.jsonld","https://obis.org/dataset/1a502495-ab12-4570-9ade-3579c5111ead","identifiersha","2025-04-07 08:24:20+00:00"
"47d21aff60c5ab487a3047e97b27f92cf892b176.jsonld","https://obis.org/dataset/fc7dece0-3901-41dc-ada5-96e51225db3f","identifiersha","2025-04-07 08:23:54+00:00"
"47ec5663ba1d757657d7b96aca25335b6498b907.jsonld","https://obis.org/dataset/2e3d797b-69db-4e5d-b4a9-9e1f8d8dbc70","identifiersha","2025-04-07 08:28:04+00:00"
"47f6bb80a33027708a1ffa061c1352dedd492928.jsonld","https://obis.org/dataset/46d12be4-1587-4ff8-b5a9-a58bdd379fb2","identifiersha","2025-04-07 08:24:48+00:00"
"481c837516ae22ca41389957711d7910a1ffd2bc.jsonld","https://obis.org/dataset/49f74e10-b23b-4aca-a0f2-62b4f1109dd3","identifiersha","2025-04-07 08:24:46+00:00"
"482515b396fe742dcf9185ac4ff69cd922aa09ae.jsonld","https://obis.org/dataset/407dd640-b4bb-4b5c-a179-a7b883993451","identifiersha","2025-04-07 08:24:40+00:00"
"482f69f1f6a41843d8481e13bc4a885be2e28cd3.jsonld","https://obis.org/dataset/5461d93c-b002-4b72-8ea1-7255da2536dd","identifiersha","2025-04-07 08:28:05+00:00"
"4832fd481c31bd43f679708efa505b81afc567ea.jsonld","https://obis.org/dataset/30c53413-335f-4f6b-9512-b358cea14de7","identifiersha","2025-04-07 08:23:40+00:00"
"483791042d5593f95a12ca626966a97fd82bc194.jsonld","https://obis.org/dataset/e72b87e0-6a52-4e94-a0b0-f0401d41841f","identifiersha","2025-04-07 08:25:04+00:00"
"485bd9031eddeb071d8657b356d1fb0c29179b0b.jsonld","https://obis.org/dataset/d5224b8a-822e-48c0-bf0a-77821452ff0a","identifiersha","2025-04-07 08:28:38+00:00"
"4874b1c68e27006c6a7f3b17a0c4ff3858e03488.jsonld","https://obis.org/dataset/29b3cd66-4457-41ec-ae5e-a723970860b4","identifiersha","2025-04-07 08:26:02+00:00"
"487cc63e5ea3aa6897ebcb1eb0678c7d6109ba71.jsonld","https://obis.org/dataset/384e8553-2524-4608-b1c4-e6bbb3932d78","identifiersha","2025-04-07 08:28:04+00:00"
"4894d7ab325c9c5da0d7ee7771d713973b0eca36.jsonld","https://obis.org/dataset/16e98c5b-7e56-4bd9-9772-9b790112e9ea","identifiersha","2025-04-07 08:24:14+00:00"
"48a81a80a7d5c6e0a8be008fda3c5358f708fccc.jsonld","https://obis.org/dataset/3b06674d-555f-4a67-8bd2-ca9c9f0755a6","identifiersha","2025-04-07 08:26:40+00:00"
"48ab26f0940e0f6595c279558c5b5f913931c8d6.jsonld","https://obis.org/dataset/c7f56175-96a0-4e82-b4ad-3acf55b2b46d","identifiersha","2025-04-07 08:26:42+00:00"
"48b358c576fa989660923f5833122dc359e3efea.jsonld","https://obis.org/dataset/8590681c-4cba-4857-bf00-3553c31fa1fa","identifiersha","2025-04-07 08:26:47+00:00"
"48cdea83e7828390f2b069f5ae069c2119960985.jsonld","https://obis.org/dataset/9fd109f3-079f-4836-80df-7848ddeecd47","identifiersha","2025-04-07 08:24:41+00:00"
"48df70cae62ea04e4d79ee79508d98d40ee64b0c.jsonld","https://obis.org/dataset/6b152cd2-1a16-4706-9a95-34c992330ee6","identifiersha","2025-04-07 08:25:48+00:00"
"48e99f13042b0d0660308b8b8c9c2f23a1e37721.jsonld","https://obis.org/dataset/89bec5f7-2fa7-458f-a3f5-f77b3b58fdaa","identifiersha","2025-04-07 08:23:30+00:00"
"48fce668a2f157c4e9b3f3d1b98cb58201d208c3.jsonld","https://obis.org/dataset/32a40e6c-290c-448f-a442-aa310df5ab04","identifiersha","2025-04-07 08:24:52+00:00"
"49096302778ba81d04c68fe984aeacdd89e6b41f.jsonld","https://obis.org/dataset/625a9e72-e783-46fc-9248-60a7cfbc9ce0","identifiersha","2025-04-07 08:26:31+00:00"
"49100f610d5fbbd874331a0c07a51d224b4540c6.jsonld","https://obis.org/dataset/f0e94bbf-6b85-46bd-829f-17f1082a1963","identifiersha","2025-04-07 08:26:05+00:00"
"4921586a2e65e33b6b9ec809e8b1050d961b261b.jsonld","https://obis.org/dataset/79ed68b6-68b6-45a9-be4e-459c848a8dfc","identifiersha","2025-04-07 08:26:09+00:00"
"492db6912f6171d61e20e7fd434a75bfb6c50c91.jsonld","https://obis.org/dataset/83aff582-13e6-4587-a0fd-14e280204fa0","identifiersha","2025-04-07 08:25:12+00:00"
"493340ea355ec388ad1bbb3ac42957b73a3ca666.jsonld","https://obis.org/dataset/f5828e31-2039-413c-aac9-59266865ac84","identifiersha","2025-04-07 08:27:24+00:00"
"493a5d2ba68923b1dfee53e010970d99415d6778.jsonld","https://obis.org/dataset/195c8fec-f278-4c77-b7a3-e9d6cbd91494","identifiersha","2025-04-07 08:26:09+00:00"
"493ff8c48637212d2a3098ed5aafbc7b4add1b7c.jsonld","https://obis.org/dataset/d9ad033c-9597-495c-a84a-9c5b170f2519","identifiersha","2025-04-07 08:25:53+00:00"
"494468474241dfccdd33ea1a5982c5797494ec10.jsonld","https://obis.org/dataset/769196c0-8392-4a39-9eb0-29df05c01041","identifiersha","2025-04-07 08:28:21+00:00"
"4959a1002211b62aa19e28c010dbeabbb6d0d585.jsonld","https://obis.org/dataset/c63eaeb7-9514-4cf7-9e87-d97197278dbb","identifiersha","2025-04-07 08:28:00+00:00"
"495a6e5b37cfad2f4df370abed784254e6a8f88c.jsonld","https://obis.org/dataset/e32ff326-333e-46c3-87c4-7641aad2fc9a","identifiersha","2025-04-07 08:24:03+00:00"
"4961489323a980ffc1a52eff8bd3d313ea847bc6.jsonld","https://obis.org/dataset/ca3f5618-f328-4417-83fe-8ca85502a4d0","identifiersha","2025-04-07 08:26:40+00:00"
"4976bf413eaab2657050affa8c6fa99860021fa7.jsonld","https://obis.org/dataset/e8f6f42e-0e33-4382-9998-9a178eac3191","identifiersha","2025-04-07 08:23:52+00:00"
"4994b26e46ba9c0073199f5fa0b050d7525db12c.jsonld","https://obis.org/dataset/d556b9d4-7625-4aa2-894d-441eabae47f7","identifiersha","2025-04-07 08:22:53+00:00"
"4996d9fa7f5f21d8a057b0a58e2aa9a913fbdecf.jsonld","https://obis.org/dataset/47c0ed62-9a73-4bdc-a154-e53b788a9534","identifiersha","2025-04-07 08:22:57+00:00"
"499afc8eb3a3f7b934cc8b7b1ed0d90ed54eca6e.jsonld","https://obis.org/dataset/572553d0-eaaa-4180-b399-f89bf37e070e","identifiersha","2025-04-07 08:24:25+00:00"
"499b8787a6b52ba778793f699f9b973125ea8ca4.jsonld","https://obis.org/dataset/b42bc9f6-efc5-4cfd-b6a8-3c97b0a1be46","identifiersha","2025-04-07 08:24:28+00:00"
"499d342b54b1c01a220086fbd6dcb91b9ee4a3e7.jsonld","https://obis.org/dataset/77d164d7-d43d-4dbf-a360-abc7ac8cdd69","identifiersha","2025-04-07 08:27:38+00:00"
"49b2ccfbf2111de291caac7ca9d7920813daeb5a.jsonld","https://obis.org/dataset/46223340-a143-415e-8523-68f7510e65bf","identifiersha","2025-04-07 08:28:06+00:00"
"49c3a086889b45b719906ed4a3279ead903ca130.jsonld","https://obis.org/dataset/9ca26a96-ff54-45f3-a423-7f6ab9f540ef","identifiersha","2025-04-07 08:22:26+00:00"
"49d7da97ee03323cc501aa2da6cac1f4048f429e.jsonld","https://obis.org/dataset/12845d63-2db6-4b91-a313-2ca4535e34d8","identifiersha","2025-04-07 08:27:29+00:00"
"49e521fa057fb25a2f792101a89624905d8d0dea.jsonld","https://obis.org/dataset/5b4099e5-8c4f-468b-918d-68cefe559b81","identifiersha","2025-04-07 08:28:39+00:00"
"49ec6d2e2d76c1b0db33db0b50adc53dcc38a528.jsonld","https://obis.org/dataset/1083ddbc-ef6e-45a2-845f-cc5264f42e7a","identifiersha","2025-04-07 08:26:18+00:00"
"49f42a5470c2f0df56e54e9cd172d831f27cba67.jsonld","https://obis.org/dataset/196349b0-4015-44c1-bab4-e7f0ef513275","identifiersha","2025-04-07 08:26:22+00:00"
"4a0246a4f88f857066ba602da65997c71793fcdd.jsonld","https://obis.org/dataset/431fe420-2443-4790-ae58-280f731c731e","identifiersha","2025-04-07 08:27:35+00:00"
"4a0cfef5151872661585acd68b7e37faa8a8b0f0.jsonld","https://obis.org/dataset/8bf9890c-58a5-4aef-a34f-dafa6fe407e3","identifiersha","2025-04-07 08:26:09+00:00"
"4a1e8b3f470641d3f637eb49d431d80fa1293abc.jsonld","https://obis.org/dataset/035be567-3064-485e-9773-b936f0482cbb","identifiersha","2025-04-07 08:27:16+00:00"
"4a261afb6d7e90ddfa8c69e1d43a30c05f038568.jsonld","https://obis.org/dataset/2e92f5b5-5e94-4d46-8bc5-9e636b00bd92","identifiersha","2025-04-07 08:27:01+00:00"
"4a326f33dc959adbbcc6e42e559be86a037de1f8.jsonld","https://obis.org/dataset/7e9d478e-16cd-4afa-831e-55c23f7fc723","identifiersha","2025-04-07 08:27:44+00:00"
"4a47749029a755cbf4bbfe94c2d12a12d444c1af.jsonld","https://obis.org/dataset/0e6462e3-28fd-4a90-85e2-34718c6d795a","identifiersha","2025-04-07 08:26:05+00:00"
"4a511ae380bd25719c5738480b51082889c9b098.jsonld","https://obis.org/dataset/79836eba-9a98-45d5-b389-702f4b3f8f76","identifiersha","2025-04-07 08:22:38+00:00"
"4a54f0be2fdd51571a79a2589bedc1160fbd7ea2.jsonld","https://obis.org/dataset/bce44160-d9d3-415b-9cfc-7140b790d57d","identifiersha","2025-04-07 08:27:03+00:00"
"4a64c3c1bcffeb8a413a3663adce0360dde5c48f.jsonld","https://obis.org/dataset/34bac215-9adb-4ada-9259-fc9bd85a6339","identifiersha","2025-04-07 08:27:16+00:00"
"4a67df0a8cab31296c0168f9d3c0ffbc6d309f0a.jsonld","https://obis.org/dataset/d90fb582-5656-484c-8e1d-e9677384f8ab","identifiersha","2025-04-07 08:27:31+00:00"
"4a8809dd6d63793f12f6fd94a858f057ca2fafbf.jsonld","https://obis.org/dataset/d7976b9a-9066-4bd6-8b12-77ffae85d774","identifiersha","2025-04-07 08:26:40+00:00"
"4a92bb356590637eae8dcfa811d711cf94db44f2.jsonld","https://obis.org/dataset/44a3238f-871a-40d2-89d2-bffe8b9f84c8","identifiersha","2025-04-07 08:25:49+00:00"
"4a9339d19dc8c6544e006bedf04ac804c29047b1.jsonld","https://obis.org/dataset/99fa29f2-30a7-4d9b-b874-eef31de90089","identifiersha","2025-04-07 08:28:38+00:00"
"4a9544f04a2388ad7c6bb8257e0486b7d19792c5.jsonld","https://obis.org/dataset/11b12b09-63e1-49a3-ac17-8cdc85838969","identifiersha","2025-04-07 08:27:20+00:00"
"4a966277003c7d884fa1343d663cfdc312db9f95.jsonld","https://obis.org/dataset/0c436c5f-76da-4ac5-8f36-2e44b3f9da86","identifiersha","2025-04-07 08:26:17+00:00"
"4aadf302630668a1a62e6e7a722ff0306e59f0ae.jsonld","https://obis.org/dataset/54f17a84-34e4-4364-b819-857eccc5f44d","identifiersha","2025-04-07 08:23:40+00:00"
"4ab1761576f223eaf44d5b3be9aac6ba4b331612.jsonld","https://obis.org/dataset/4732665a-947e-426c-b58c-25a10d98d35d","identifiersha","2025-04-07 08:24:49+00:00"
"4ab56a50eee7fe0276ab777426ddbf2cd4e1b206.jsonld","https://obis.org/dataset/0cf83323-3c95-43c5-9c19-e89e48a2e3b7","identifiersha","2025-04-07 08:25:49+00:00"
"4ab5c3d3630b3485364d06cf85cd944a4bb38fc6.jsonld","https://obis.org/dataset/379ebd9e-e257-43f9-b8cf-88e133eb57de","identifiersha","2025-04-07 08:27:06+00:00"
"4ac0572e276f57f3de625760a2e106672d99dad3.jsonld","https://obis.org/dataset/d9d55990-19b7-4691-ac31-af8c905174ed","identifiersha","2025-04-07 08:26:15+00:00"
"4acdc1e46b2432c27738aef252a0e91ca57cccc3.jsonld","https://obis.org/dataset/5abd5633-906f-4a94-8988-637d77702169","identifiersha","2025-04-07 08:26:36+00:00"
"4ad45f575ed3192998ca23c52fb1a671026918eb.jsonld","https://obis.org/dataset/6051c79d-459f-4ca0-bb99-dd9f21c0d188","identifiersha","2025-04-07 08:25:23+00:00"
"4af4438c0e2c77032442f5a2e3cde03ef78baa3f.jsonld","https://obis.org/dataset/f0cb945e-d49c-4b55-9757-795ff3893f0e","identifiersha","2025-04-07 08:26:54+00:00"
"4afbef93fd81dcc3165186de66809fc214748eb0.jsonld","https://obis.org/dataset/08e9a21c-7acf-4b63-96dc-34e7a3611fcd","identifiersha","2025-04-07 08:26:16+00:00"
"4b0c21ed1757f50ff17a2c4f5aa565d78f56743a.jsonld","https://obis.org/dataset/f8d5bd7b-6e04-408d-acee-81053c45d2be","identifiersha","2025-04-07 08:26:32+00:00"
"4b0d33683426cee37e3b93b14fe23543dee6577b.jsonld","https://obis.org/dataset/5fbb49a1-efdb-443b-bc9e-87cdc0db9e4f","identifiersha","2025-04-07 08:27:34+00:00"
"4b0d3d335a55c4de517428fc4e0daef1c9a7632f.jsonld","https://obis.org/dataset/26ff98fc-cfe1-444e-82ad-6e087b7d86fe","identifiersha","2025-04-07 08:26:04+00:00"
"4b0e0c35de39df8259829089e2417b44dd57188b.jsonld","https://obis.org/dataset/b2f76771-1124-4bcd-8ea6-13c17daf1d30","identifiersha","2025-04-07 08:24:42+00:00"
"4b14d2a254f9c111f6dbae4333814f58a211eefd.jsonld","https://obis.org/dataset/c0088422-0a1b-4b8f-8697-a149c79d015a","identifiersha","2025-04-07 08:26:17+00:00"
"4b2b6379ff8553340791ac44d31895f542009609.jsonld","https://obis.org/dataset/bd535f4e-eb77-4e3f-b46c-7d5453f2381a","identifiersha","2025-04-07 08:23:58+00:00"
"4b2fbd0b32d1dfad6507d338da41a76289fe05aa.jsonld","https://obis.org/dataset/cc7812c6-153f-4cf9-998f-6bb1f53561b5","identifiersha","2025-04-07 08:27:11+00:00"
"4b333c83e61bc44c377bb08dd355b3521994c7ec.jsonld","https://obis.org/dataset/912fca03-cab5-4325-a878-53b5def88b99","identifiersha","2025-04-07 08:24:41+00:00"
"4b373090a2e42edaa361f5e9c5fe062400b64866.jsonld","https://obis.org/dataset/b325d40a-4dae-4b65-8f1f-6d363a181a69","identifiersha","2025-04-07 08:27:29+00:00"
"4b3a1cc7226f83cc37dab804e964ea80b21e9c92.jsonld","https://obis.org/dataset/1fffd2ee-36af-4466-9feb-c1056b2150b9","identifiersha","2025-04-07 08:27:59+00:00"
"4b5559d920f990200e26e5bf320ea5e2271c76b3.jsonld","https://obis.org/dataset/d18a53db-1296-4ef5-a43d-a4d35d0893ec","identifiersha","2025-04-07 08:24:26+00:00"
"4b576d4b2e069c477345324bfa71f62a71740ebf.jsonld","https://obis.org/dataset/5082de5d-7e3a-4c5f-9da6-b0d4952b7652","identifiersha","2025-04-07 08:27:09+00:00"
"4b5873bc129844362cf6161aec92e0669f368a5e.jsonld","https://obis.org/dataset/01715b55-1899-47f3-bc5b-0be841f0f378","identifiersha","2025-04-07 08:26:26+00:00"
"4b5abbb0560d4555dd5d9a3e089569259cf2ebb4.jsonld","https://obis.org/dataset/7f84570a-e892-4155-a09a-ce2f5a68a37a","identifiersha","2025-04-07 08:27:07+00:00"
"4b74d8a3e50fd1d0cc4e19622c2d9ca1371fb090.jsonld","https://obis.org/dataset/b052fdd7-f3dd-4e09-97f0-60bc41e48799","identifiersha","2025-04-07 08:27:30+00:00"
"4b79504b4a55b2af52ca64d9dd9483248e106765.jsonld","https://obis.org/dataset/1a39366b-e99f-4c35-8465-20eed0a432be","identifiersha","2025-04-07 08:24:03+00:00"
"4b7a3b2125fe014976b23b955e37992d5ef440da.jsonld","https://obis.org/dataset/0ca21770-a124-43b5-be93-1039da30f41e","identifiersha","2025-04-07 08:24:11+00:00"
"4b8416e49985e5ec338927c4e2c2590d44556170.jsonld","https://obis.org/dataset/4b9755e5-7ac3-4ae3-894d-1669cdaf2f94","identifiersha","2025-04-07 08:27:36+00:00"
"4ba2cbb8a456408b7c67b7742161019839bd3e5b.jsonld","https://obis.org/dataset/06aaf685-c9db-4ff0-b45f-bf7b78df1c2f","identifiersha","2025-04-07 08:25:09+00:00"
"4ba33aba72b03a220c16c11e761f9b00dd16efdf.jsonld","https://obis.org/dataset/aaf1a74e-d12a-42da-8203-bdd1fe3bd42b","identifiersha","2025-04-07 08:25:26+00:00"
"4ba8a5ed0008dcbd9ee857864a6a0648d2aa01e9.jsonld","https://obis.org/dataset/51d0705d-1fec-4ade-9b32-c1b4c7e819ec","identifiersha","2025-03-13 22:56:14+00:00"
"4bacc55515a8338366e44f430d0ee057ba3921dc.jsonld","https://obis.org/dataset/564b07e1-4b8b-4a95-a648-bc84fd0662b3","identifiersha","2025-04-07 08:22:50+00:00"
"4baebfeb844c31c3c1de2a274d9073c259587052.jsonld","https://obis.org/dataset/3ec6e8d1-385f-4861-99fb-812543171835","identifiersha","2025-04-07 08:27:05+00:00"
"4bb636ea7b105653296a5630cfdfc80180e2fd91.jsonld","https://obis.org/dataset/d512eed4-463b-4f61-95ea-015a95beda29","identifiersha","2025-04-07 08:25:28+00:00"
"4bb6743236dcfda99c1f2741d330ab6e8195f26d.jsonld","https://obis.org/dataset/ae867564-1201-4e20-93f3-c7c08e93a420","identifiersha","2025-04-07 08:23:36+00:00"
"4bd26fcf41268b93b3f7acaa82ab8183465f554f.jsonld","https://obis.org/dataset/c519ab56-ccae-49f3-b460-e0d63e32a44a","identifiersha","2025-04-07 08:28:23+00:00"
"4bdb7bef93158310f75aa0d4b8451a65ff3220b9.jsonld","https://obis.org/dataset/e168c19e-d9e9-447c-b077-1faa487df4a6","identifiersha","2025-04-07 08:22:56+00:00"
"4be88551472e656b23319975cdeb1de8d3753bdf.jsonld","https://obis.org/dataset/ca49c384-f0d2-4315-a894-4d54c137efd5","identifiersha","2025-04-07 08:27:49+00:00"
"4be9802067a96cf5c630138b0f9e089df5ce27b1.jsonld","https://obis.org/dataset/209cb6b5-b6dc-4c5c-a890-c50cd51f0bdd","identifiersha","2025-04-07 08:23:42+00:00"
"4bf94d1f158aacadec08563103eada7d0d995c1c.jsonld","https://obis.org/dataset/26ff9e3d-6762-4274-94a9-6dd300d023ea","identifiersha","2025-04-07 08:24:09+00:00"
"4bfa70626baadcda3f708e1fb102c2c3e73abc52.jsonld","https://obis.org/dataset/1b78a368-cba0-4863-85fb-652f0f181c5e","identifiersha","2025-04-07 08:22:37+00:00"
"4c0d0f831735dcc5e89890ef5c9a651f9fba60aa.jsonld","https://obis.org/dataset/6e85c8a3-0513-47f3-a380-c67c9e976d84","identifiersha","2025-04-07 08:23:24+00:00"
"4c0e72827ec0fa514c866b551be97f320c018a5b.jsonld","https://obis.org/dataset/2f9a8b1c-1e84-4943-a0b7-d43dd258b18f","identifiersha","2025-04-07 08:25:41+00:00"
"4c1d866ee69040686163eded1ecdf9528128f2cc.jsonld","https://obis.org/dataset/fb60e358-5e3e-4d77-b949-eca2cbda575d","identifiersha","2025-04-07 08:25:46+00:00"
"4c1f45815178dca3995acf292799cddfdd337a08.jsonld","https://obis.org/dataset/4f3144c8-16c6-40f2-aba5-ba008b1e34d9","identifiersha","2025-03-24 00:38:04+00:00"
"4c265d4dd265594c937d8db35d12a81ca7399c5c.jsonld","https://obis.org/dataset/dcbb8f12-c869-4d31-aa8b-23abb27898ce","identifiersha","2025-04-07 08:26:35+00:00"
"4c2bdbd6c45dc8d7eb93ee05e59027a3c68fb068.jsonld","https://obis.org/dataset/59019e18-d1b2-47ce-95d2-b53032df3274","identifiersha","2025-04-07 08:26:57+00:00"
"4c376937e066d69d121fcff7ff033c61a84b7b00.jsonld","https://obis.org/dataset/1004a490-c117-4712-9868-a8412420f4c8","identifiersha","2025-04-07 08:23:49+00:00"
"4c4a91bcfd2d08471614add724309e0e0c81a85b.jsonld","https://obis.org/dataset/6951ef75-9c6d-4a89-8c3e-59d73d2c0bf2","identifiersha","2025-04-07 08:26:25+00:00"
"4c4da711e84a7ff99acc0d12461d156f8da79e34.jsonld","https://obis.org/dataset/96fff032-dca3-43c6-8397-4fb66bd0ef9b","identifiersha","2025-04-07 08:27:47+00:00"
"4c536f5274bbe30799f347bf8a513c68adda8df9.jsonld","https://obis.org/dataset/2952fdab-5aea-4f93-9ece-4eb6e8449955","identifiersha","2025-04-07 08:26:49+00:00"
"4c62ff9216133334d309e011cb97024780866dcf.jsonld","https://obis.org/dataset/04326c80-e971-4110-9884-20f843ee73ba","identifiersha","2025-04-07 08:23:38+00:00"
"4c790eba5be902fe90035148075cb592a94e966a.jsonld","https://obis.org/dataset/90d22ca4-c790-4eae-8faf-d8feaf63fcf4","identifiersha","2025-04-07 08:23:00+00:00"
"4c7ce1a732f55129f448917ef04d775fc55c037b.jsonld","https://obis.org/dataset/363961a9-9f45-46df-980b-0b076e66a296","identifiersha","2025-04-07 08:22:35+00:00"
"4c96216794576738086c12b3af7542af9919159b.jsonld","https://obis.org/dataset/47798b3a-6a79-4342-ad75-48a3e7f05a8d","identifiersha","2025-04-07 08:27:02+00:00"
"4c9e9c58f13ec805beeb1c6a2607e392908030ae.jsonld","https://obis.org/dataset/f843542b-57aa-45a1-8a37-ae770b47a932","identifiersha","2025-04-07 08:23:39+00:00"
"4cc1e43a8d20608889f8eb68cf90c1d7a55c0ce8.jsonld","https://obis.org/dataset/af43ae80-11b6-467a-a902-822ba33377d8","identifiersha","2025-04-07 08:22:59+00:00"
"4cd8016ad53bda7485df2bba79943d7d1e25820e.jsonld","https://obis.org/dataset/8ade9ba0-001e-4678-a51e-cb0c1e08e21d","identifiersha","2025-04-07 08:25:09+00:00"
"4cdaffc9e034ae0df2a5bf8303d357336e3be0c9.jsonld","https://obis.org/dataset/cf1034ec-9672-4802-8342-9a94609dce4f","identifiersha","2025-04-07 08:26:42+00:00"
"4ceba20d9490dce42ca7892d3f72e915ab07aa70.jsonld","https://obis.org/dataset/fa303a47-7aa4-4e4b-bb29-d9c802030f97","identifiersha","2025-04-07 08:26:11+00:00"
"4cebb24bef68672e5894f56c6575b694cf0a0961.jsonld","https://obis.org/dataset/c1a50b7f-7097-4964-bb41-0fe1e5f582af","identifiersha","2025-04-07 08:23:38+00:00"
"4cffcc442fb847aee397416f76a95261e12c5f62.jsonld","https://obis.org/dataset/5055f146-1a0a-41be-a747-24968c2cf584","identifiersha","2025-04-07 08:22:42+00:00"
"4d0840022b0760e47a0f9aa1f10ac3db383d1da6.jsonld","https://obis.org/dataset/4a2c69e8-c97f-484a-8551-4e7208527e3c","identifiersha","2025-04-07 08:23:53+00:00"
"4d134d1b1eb3357d08a51e65de591914e2a7d13a.jsonld","https://obis.org/dataset/5545f0fd-9ed0-4a4f-960f-21cd0f6a8502","identifiersha","2025-04-07 08:24:44+00:00"
"4d3ae3ab08d6b969fe5c25d1f980d8488d6447ac.jsonld","https://obis.org/dataset/6caecd36-874f-4a78-93d9-a4adf3085b87","identifiersha","2025-04-07 08:28:32+00:00"
"4d454d5b4b2670935785e5d5aa29b77d730f1be5.jsonld","https://obis.org/dataset/e13f0a51-f810-45d6-9503-64ecd7bedd70","identifiersha","2025-04-07 08:24:00+00:00"
"4d4dfbef178e1c17dc981950ba5f5267e6dffd65.jsonld","https://obis.org/dataset/ffb0c701-ecb7-4b25-b511-0a0f6ad5ed54","identifiersha","2025-04-07 08:23:22+00:00"
"4d5220bb308387732d75c356a1bbb434a1f59fac.jsonld","https://obis.org/dataset/14661428-e562-4259-8a1d-377544eeb75b","identifiersha","2025-03-24 00:41:55+00:00"
"4d54d8225e8d45b4524e2fe3aa49b5862a83ba69.jsonld","https://obis.org/dataset/a90149f7-f988-4014-9c3d-40bfda54b361","identifiersha","2025-04-07 08:24:36+00:00"
"4d5a09155517e3fc1a8da622f6f5d7589ee8ca5d.jsonld","https://obis.org/dataset/9a764a05-2258-4a7b-8bc9-c8ba04cccee6","identifiersha","2025-04-07 08:24:43+00:00"
"4d5b92af3455436545906abc58d8c9d69b7f7022.jsonld","https://obis.org/dataset/982690d2-6f22-4753-a748-89528833d5da","identifiersha","2025-04-07 08:28:14+00:00"
"4d6a88e619af86b1f9dfbca2f15a56e43a1471e2.jsonld","https://obis.org/dataset/72ab964a-9ca1-4515-b19a-7239b6c86f48","identifiersha","2025-04-07 08:23:49+00:00"
"4d7e6c2637fd06dcea419c5985703d4b4320ba22.jsonld","https://obis.org/dataset/84cfefce-ded2-4a7f-bb46-6501d724ce0c","identifiersha","2025-04-07 08:23:23+00:00"
"4d8bda131ad2c04a96fc79099b06321d57a4dbde.jsonld","https://obis.org/dataset/481f8003-db1e-435c-b012-91cd84573507","identifiersha","2025-04-07 08:27:12+00:00"
"4d9547f1f4e6ccaa4b538ef7cdbcb54da57fb8dd.jsonld","https://obis.org/dataset/53fd028c-473a-4efb-9fd4-d34489ba6e29","identifiersha","2025-04-07 08:26:19+00:00"
"4da3ab2111a08105c8aed5da33c8c901d93beda5.jsonld","https://obis.org/dataset/2f211af6-dc5f-41a5-85b4-3503329e067b","identifiersha","2025-04-07 08:28:02+00:00"
"4db5ebdee6f2d1bcf4861fbbaa7b120f481c6fb3.jsonld","https://obis.org/dataset/2a93fe93-2fdc-41b3-b36a-5deb261c02db","identifiersha","2025-04-07 08:23:55+00:00"
"4dc2c867724edf6a2aa65592726535c95dce2c69.jsonld","https://obis.org/dataset/4c50edb9-a5ff-48e4-af3b-ce50c28cd304","identifiersha","2025-04-07 08:25:45+00:00"
"4dc3d9dad693cbaa39c5e2be232e22b54a7a3156.jsonld","https://obis.org/dataset/cbb072de-2ee8-4b4b-8d84-f7dc48d5e39f","identifiersha","2025-04-07 08:25:55+00:00"
"4dcf46197565a8958cd81db0a096857c554aed4d.jsonld","https://obis.org/dataset/4293224b-d280-4264-ab19-30ab5f78c826","identifiersha","2025-04-07 08:23:58+00:00"
"4dd5e0766f1d8bfa491998eaa524226d97012151.jsonld","https://obis.org/dataset/e48a88fd-5088-494a-bd2d-02f5a047441d","identifiersha","2025-04-07 08:23:02+00:00"
"4dd6f972d904f7a0b67b62f6babe82f12c8402f9.jsonld","https://obis.org/dataset/71314b08-1ebd-47ff-8899-f952d60bfb08","identifiersha","2025-04-07 08:24:46+00:00"
"4dd8df0f8553fa9290acf2d02dc80a75b1207c82.jsonld","https://obis.org/dataset/45eb51c1-053a-4306-83c8-c837b6526c13","identifiersha","2025-04-07 08:26:04+00:00"
"4dda95cc72503a518f599908a9740318a0b0e83d.jsonld","https://obis.org/dataset/82c617f9-c5f2-4c2d-bca5-805eaa0d2feb","identifiersha","2025-04-07 08:27:54+00:00"
"4de5c6a131035eaa12e77fc0d4d2fca61586b39f.jsonld","https://obis.org/dataset/7ed0d3b4-1926-4bc1-ae6d-f7c662eef41d","identifiersha","2025-04-07 08:27:10+00:00"
"4deb7869cd4d5d42c5a6b496fb5bd44de4c8cb82.jsonld","https://obis.org/dataset/d8eac0e1-f1ad-4ff1-abb2-71319ebcd405","identifiersha","2025-04-07 08:23:33+00:00"
"4df257b42aa04c38dabb5e62c70d2606be3b74fe.jsonld","https://obis.org/dataset/d1acb2c3-e9a7-4e8e-89a0-c0940de3e9ea","identifiersha","2025-04-07 08:26:43+00:00"
"4e16e7a658cc8972150b7062dc7c0b9aba5f0ce6.jsonld","https://obis.org/dataset/4563ca14-806c-4d8e-aa26-8fdfa687821f","identifiersha","2025-04-07 08:25:08+00:00"
"4e3475611c6951bf46ab39495aab943fd5aba5d0.jsonld","https://obis.org/dataset/267a89f6-e30c-4394-8253-5f4630b24a4a","identifiersha","2025-04-07 08:22:32+00:00"
"4e3e3668485fd2b0fedee98108193fce9215756f.jsonld","https://obis.org/dataset/1e5d0fc6-161d-46e6-bdc4-7d33bca644c6","identifiersha","2025-04-07 08:25:09+00:00"
"4e4ede77b41009b6284b8967cff11d8ffad59d32.jsonld","https://obis.org/dataset/3b00bf46-5fb6-49fc-bf89-5bde09fb63ac","identifiersha","2025-04-07 08:27:15+00:00"
"4e502797634054bb6409005092ad606c73d6a3b4.jsonld","https://obis.org/dataset/9dfaef79-f9ac-4866-9718-6bd6a76f28ae","identifiersha","2025-04-07 08:25:16+00:00"
"4e516322aa130305bb857e18a7262e6b3d090a17.jsonld","https://obis.org/dataset/15917085-000f-4411-a4cf-ad932458e9f8","identifiersha","2025-04-07 08:22:57+00:00"
"4e532edc590213702f19ce79e22c46e05216fed1.jsonld","https://obis.org/dataset/80e7286d-6d8b-45ea-b279-eff2297752ae","identifiersha","2025-04-07 08:23:09+00:00"
"4e7ea3dd1f73f9a7bac6e2a63819b34b9619397d.jsonld","https://obis.org/dataset/03e33888-23b1-42f2-a0d3-caf759fa858c","identifiersha","2025-04-07 08:22:28+00:00"
"4e8e28b2394873dd61173bc7d34f49a9633386b1.jsonld","https://obis.org/dataset/2c3e10d5-b779-40b4-827e-b7faba340d63","identifiersha","2025-04-07 08:23:40+00:00"
"4e8ee17ae46e3faba6a5c60ea5446c4c0319a6b2.jsonld","https://obis.org/dataset/7676ac5e-03cc-4ab8-9d75-c75cedd04da9","identifiersha","2025-04-07 08:28:13+00:00"
"4ea1ea50abf46be032c7a4b8a27c834204bcad3d.jsonld","https://obis.org/dataset/9b1a023a-219c-4280-9802-1c7896803570","identifiersha","2025-04-07 08:22:50+00:00"
"4ea405a1b67ae8c3a312dd36bd2a52e8380e0d51.jsonld","https://obis.org/dataset/36119132-a950-4e50-9306-3eb43a923202","identifiersha","2025-04-07 08:26:16+00:00"
"4eb2eaa0dd90ff4fd97e06bf59d08879ed05d807.jsonld","https://obis.org/dataset/d014eb61-7226-4edd-a4b4-3045283f2848","identifiersha","2025-04-07 08:28:23+00:00"
"4eb398fcad805e3ec147c81e367d9cddc9e4ade7.jsonld","https://obis.org/dataset/4c3e6e4d-4c4c-4071-8057-1196d52c48c1","identifiersha","2025-04-07 08:24:06+00:00"
"4ebb9183dbad86485fa0474d89576330795f3ded.jsonld","https://obis.org/dataset/205f1a46-6e59-488e-a674-92c02cffb67c","identifiersha","2025-04-07 08:27:09+00:00"
"4ec273dd9b6a1a534c0b2403cecf171ed0a487f8.jsonld","https://obis.org/dataset/ef941346-7846-48fb-bf3b-707317c54256","identifiersha","2025-04-07 08:25:09+00:00"
"4ed3b1082f35296fda2620e50f2c1e551f581cec.jsonld","https://obis.org/dataset/51f57261-07bc-4c26-8b1e-a63f7202c049","identifiersha","2025-04-07 08:27:04+00:00"
"4ed726ac88a2f926377d31b64d8b1d20da83864c.jsonld","https://obis.org/dataset/afb11459-df50-4528-88cd-99b324ebcf8e","identifiersha","2025-04-07 08:26:27+00:00"
"4edd861f5244cb58e4994ec9613f1fbdf0e77d85.jsonld","https://obis.org/dataset/bb5a2484-c172-4b14-bf6e-af27db495ce1","identifiersha","2025-04-07 08:25:18+00:00"
"4ee04c14f24b54fcc22cc4837a31ba10e15c32a5.jsonld","https://obis.org/dataset/7b32d3ea-a8ad-455c-b1e8-b22a34ca17fd","identifiersha","2025-04-07 08:24:07+00:00"
"4ee05cd74433449e434f6bfdfd8802d5ea90fda8.jsonld","https://obis.org/dataset/777701ea-0192-47f9-9ca7-c5bb1ad433e9","identifiersha","2025-04-07 08:28:18+00:00"
"4ee0f1127ddc147791aec102ec2a089df006e89c.jsonld","https://obis.org/dataset/2d66275a-72b3-49cf-bd5d-974a53477f20","identifiersha","2025-04-07 08:25:37+00:00"
"4ee52d4f62181e55dfcbaa495257b7c50debd835.jsonld","https://obis.org/dataset/c5bfe9a3-0070-427c-a69c-cabd36f0632c","identifiersha","2025-04-07 08:22:48+00:00"
"4f01f345dbe1afde82441034b89556805ce0fe61.jsonld","https://obis.org/dataset/0124b64b-16f3-40ec-b1a1-d8e9b2b7171f","identifiersha","2025-04-07 08:26:38+00:00"
"4f02d70b2e4c12eba2c51d7d6ee0babcd2395280.jsonld","https://obis.org/dataset/cf2113ef-d5f0-4586-9fc6-4b208e0bc245","identifiersha","2025-04-07 08:23:28+00:00"
"4f0c4cc00bad1f2555aa056b680b881a4abcb114.jsonld","https://obis.org/dataset/9fc29d00-9998-4059-b0bd-f28cfa63a793","identifiersha","2025-04-07 08:25:01+00:00"
"4f0cc06ca5abf5cbabc531134d731b3052831149.jsonld","https://obis.org/dataset/5f6e6e4c-0e3e-4722-88a7-e3c0590df38a","identifiersha","2025-04-07 08:24:50+00:00"
"4f187f55d932b75586ca0ad29d30788635a3d44a.jsonld","https://obis.org/dataset/443dc75f-b127-4dfe-807b-0604c46edf14","identifiersha","2025-04-07 08:28:04+00:00"
"4f18a078e35909e0c7f29c343ad3b73d487de90a.jsonld","https://obis.org/dataset/ee924936-1a03-400d-a21d-16a2a4587bda","identifiersha","2025-04-07 08:25:54+00:00"
"4f1aba96aea7c78c4241b1c8ff99903afabd7ab9.jsonld","https://obis.org/dataset/4c7123cc-71cf-4328-90be-f1f69cc0579e","identifiersha","2025-04-07 08:27:38+00:00"
"4f294a1fa479240493c31dc9e05cda1d9a1e768f.jsonld","https://obis.org/dataset/6ddfa8ec-14d4-43b2-85f0-e813341cfd5e","identifiersha","2025-04-07 08:24:27+00:00"
"4f46bf64dd3bd0259490e2b5b5bbe837e61c7879.jsonld","https://obis.org/dataset/7084556b-d220-4c73-a258-525525bdd6cd","identifiersha","2025-04-07 08:26:52+00:00"
"4f4eb3335d3268cf936be333bdb81515132a3629.jsonld","https://obis.org/dataset/955aac04-0035-4627-855f-a2db2c777606","identifiersha","2025-04-07 08:26:54+00:00"
"4f55a44897d976ca114a7d5be33b3722fdf76d43.jsonld","https://obis.org/dataset/6df39f8a-56ef-466c-a7d5-ad765aeba173","identifiersha","2025-04-07 08:24:35+00:00"
"4f62c54b07edd060e20c6937e9959d8e1d23e361.jsonld","https://obis.org/dataset/0ff0ae1e-ebc2-4e11-9f3b-2a08a6ffb377","identifiersha","2025-04-07 08:25:49+00:00"
"4f8dd643ec18a7e9416a6f5e0d1c41e6405b10c8.jsonld","https://obis.org/dataset/6e5e5df0-1312-4c75-abff-644e9ade33df","identifiersha","2025-04-07 08:28:38+00:00"
"4f9f14d549e7d0e94592485ded1ec52462703c4f.jsonld","https://obis.org/dataset/d234f781-f1c7-4ca1-b806-ea175dec20f1","identifiersha","2025-04-07 08:25:25+00:00"
"4fa8ffc7219ba2c44805f3c5b221e9e616ae5fce.jsonld","https://obis.org/dataset/63f00054-c8a2-44eb-b0f1-44b3dbe6e571","identifiersha","2025-04-07 08:28:18+00:00"
"4fb37e68aea7185b498adb2085afda473b255bdb.jsonld","https://obis.org/dataset/d22a7c68-b90f-4e6e-a112-fae8218eeadd","identifiersha","2025-04-07 08:25:57+00:00"
"4fc44d205a03737b9ea8a565db837df86ec5a879.jsonld","https://obis.org/dataset/7cbfb757-1233-491c-98a0-ed46f35ba3fc","identifiersha","2025-04-07 08:27:44+00:00"
"4fdb35a3287735320f021d7305c0505488ded196.jsonld","https://obis.org/dataset/0a8c4960-bde1-482f-9245-df5a9fb3488c","identifiersha","2025-04-07 08:26:55+00:00"
"4fdf05709e74c6726c4cbaf86525a03a4ca8a371.jsonld","https://obis.org/dataset/e44d04a7-71eb-4ee0-95f9-f4001552ce40","identifiersha","2025-04-07 08:25:27+00:00"
"4fec606b2f8667b22341624cb436450e91f24591.jsonld","https://obis.org/dataset/a2e29f6c-4978-438f-8cc4-f6ea98b34141","identifiersha","2025-04-07 08:25:42+00:00"
"4fefd6062491ed8624fe39716a7c1d4198bd305e.jsonld","https://obis.org/dataset/4afc8df3-31f0-48e9-94f8-534554dbab71","identifiersha","2025-04-07 08:22:39+00:00"
"4ff5da51a84200707fdbbeaad386aa89112122c5.jsonld","https://obis.org/dataset/ab0ec05b-c288-46e8-9813-255bf4975e46","identifiersha","2025-04-07 08:24:56+00:00"
"500311f5f59a82775fb49a209ad5fc858857d129.jsonld","https://obis.org/dataset/7b898e54-d434-4107-a0c3-de8a9d83f72d","identifiersha","2025-04-07 08:27:13+00:00"
"5022434c6debeadee3303237016df11d81c41b8f.jsonld","https://obis.org/dataset/4b3c7211-bb96-4373-9ddf-73424e92c882","identifiersha","2025-04-07 08:25:12+00:00"
"50330142fa495aec4e259e2a1652c4544a0f31ad.jsonld","https://obis.org/dataset/d71b2bbf-a9c2-4b8c-b2e1-f2dc43910ad4","identifiersha","2025-04-07 08:27:58+00:00"
"5039f2b4439d35c99752a7546dba0d80f56542fe.jsonld","https://obis.org/dataset/cbed8acb-c59f-428a-b25e-932b1a48af55","identifiersha","2025-04-07 08:27:19+00:00"
"506cfdc022b8abc0b5d527825a8741deb17c9973.jsonld","https://obis.org/dataset/a9d8640e-c943-4e24-96e0-28639c2b87ac","identifiersha","2025-04-07 08:24:15+00:00"
"5070248bed60ed25834810713ba65f373a6e1d7b.jsonld","https://obis.org/dataset/014fa01c-001d-4094-83ec-ec0bc0213c59","identifiersha","2025-04-07 08:24:24+00:00"
"50892fc5ca2ded8466fc8a116dee3cfd70ea0842.jsonld","https://obis.org/dataset/73b8993b-0afd-49c0-8321-7cbbc112801d","identifiersha","2025-04-07 08:23:35+00:00"
"508936fa16c42dcf32f5219e40cfcd09f39a7061.jsonld","https://obis.org/dataset/ca49a3c7-d842-4149-b888-f6fe44ef3190","identifiersha","2025-04-07 08:26:26+00:00"
"508d6471e5a2d48c138c625bac99701c63ee4adb.jsonld","https://obis.org/dataset/f4766a0b-f067-4874-a2f7-b19ade26ae1b","identifiersha","2025-04-07 08:24:17+00:00"
"50975ede31bf3d263d53563646489cd15cd1690a.jsonld","https://obis.org/dataset/a637edeb-cc94-4fbc-b70d-4f4b165ddfdc","identifiersha","2025-04-07 08:28:02+00:00"
"509d739ce8e8718365c1c883de7c60d84868a197.jsonld","https://obis.org/dataset/a5af69c2-6e2f-4dc1-bca4-0583b1060255","identifiersha","2025-04-07 08:23:27+00:00"
"509dc0fb4e40702c193af4e19e3c4d8d0d4d5169.jsonld","https://obis.org/dataset/8629ec33-be4b-4384-933f-a511fbc29967","identifiersha","2025-04-07 08:23:52+00:00"
"509fa82827aa336a86dccc4c16191c8e7a0d5482.jsonld","https://obis.org/dataset/aa3002ce-c5ab-4ad8-996a-190fd33bf799","identifiersha","2025-04-07 08:27:06+00:00"
"50aed75cf7e0db84c5da69749b0826534f4d6153.jsonld","https://obis.org/dataset/1633768d-17b0-454a-8d32-be3500a84a9e","identifiersha","2025-04-07 08:28:11+00:00"
"50b0143e03921a737156d1f037297638398beeca.jsonld","https://obis.org/dataset/0f9410bc-4cbe-438d-b314-83cb8ad7cf20","identifiersha","2025-04-07 08:27:51+00:00"
"50d272fcb833ea339ef42e80649d6388d417aa25.jsonld","https://obis.org/dataset/848027ba-3900-4ebd-b7d8-4c71e0cdf0ba","identifiersha","2025-04-07 08:26:31+00:00"
"50e45f07abc472d92e0f3f086c453f9b373efa16.jsonld","https://obis.org/dataset/f3b2d280-6c96-4755-a2b6-53884b724c33","identifiersha","2025-04-07 08:28:31+00:00"
"50ee11147d5ae3ded08705117ef972c7b69bc621.jsonld","https://obis.org/dataset/f8b0cb9c-6659-4fba-b952-31dbdb7bd8b1","identifiersha","2025-04-07 08:25:38+00:00"
"512c26898129e42d86cc9b0cfef15bc8c87acc10.jsonld","https://obis.org/dataset/d7bf65ae-d272-4ee1-a296-d4f33bca827e","identifiersha","2025-04-07 08:28:16+00:00"
"5137480410eb257781dba3ca4b685d410501af67.jsonld","https://obis.org/dataset/727322b7-bdfd-4229-bb10-850ff97b5833","identifiersha","2025-04-07 08:28:19+00:00"
"513c52c6e2674cc89bda8456fced1cace774b03a.jsonld","https://obis.org/dataset/c6ac36b6-2d0c-4d86-9bd1-d5401045e33b","identifiersha","2025-04-07 08:23:33+00:00"
"5141afc8aead12577904dd1672afe42b394e328b.jsonld","https://obis.org/dataset/132078ef-176b-4825-b5d3-2a7592ed913e","identifiersha","2025-04-07 08:25:52+00:00"
"5159fced78c12b8748690afd334faa821ea77775.jsonld","https://obis.org/dataset/36bca81c-6d77-4fd4-a981-65d494197fc5","identifiersha","2025-04-07 08:24:34+00:00"
"5163c2297c28a7dd431ac0dbb0f4b64bcce7910e.jsonld","https://obis.org/dataset/b3c3d0d0-ae60-4fae-86a6-5337710d4924","identifiersha","2025-04-07 08:24:55+00:00"
"519414c8a238e7a5d858e9aa23f04454ccee1078.jsonld","https://obis.org/dataset/ede81495-8088-4438-b63d-84cd7d3f2fca","identifiersha","2025-04-07 08:25:53+00:00"
"51b26701e807f74a829d82f24315c3c205c420d6.jsonld","https://obis.org/dataset/1a4daaac-e207-4648-804e-aaf5efa7a0a5","identifiersha","2025-04-07 08:25:31+00:00"
"51bc15be756d34320f2885ada876fe0d395fb59b.jsonld","https://obis.org/dataset/62079bf3-19fc-4a28-9064-4134b7dbe98b","identifiersha","2025-04-07 08:24:38+00:00"
"51e47588fd989a7ac897e79bd2f7bc0b99c739ba.jsonld","https://obis.org/dataset/eb82a737-66d1-495e-a5da-2745b5fc0152","identifiersha","2025-04-07 08:22:48+00:00"
"51e8e18ea77bc635c6c61237010a3c23019d7f5b.jsonld","https://obis.org/dataset/372e10df-da0c-47d3-87db-84869727c31f","identifiersha","2025-04-07 08:25:34+00:00"
"51ecdafc775bac182f88ecf6a32626ecf0b3f09c.jsonld","https://obis.org/dataset/fe57ef53-2984-490e-91be-f5ff5feee0f2","identifiersha","2025-04-07 08:25:13+00:00"
"51f440902eca292e89ec1ffd98e129e3067cabf8.jsonld","https://obis.org/dataset/3425145f-8016-403a-abca-9cb33a29108e","identifiersha","2025-04-07 08:23:39+00:00"
"51fd9f2a8801530210a32f79132154a6031a0e63.jsonld","https://obis.org/dataset/4f44256b-319b-4ed3-9561-f200a076007b","identifiersha","2025-04-07 08:23:10+00:00"
"5209dfde2f73e470c4915f5c2b5c45e3a306605d.jsonld","https://obis.org/dataset/df3a0685-7654-4a5d-ad0a-34ff28e72a18","identifiersha","2025-04-07 08:27:28+00:00"
"520a11c4e6923ccb6f54ae65c1442176533e009e.jsonld","https://obis.org/dataset/40d53f34-ba5c-477a-a9f7-6b221b17c6ff","identifiersha","2025-04-07 08:23:57+00:00"
"520fea3d3ce1c65ccad2b31d6fc671972f640a21.jsonld","https://obis.org/dataset/c07711f4-a3db-4868-8382-b27407bf9b64","identifiersha","2025-04-07 08:28:15+00:00"
"521788c3344ebbab01a7a28ad924ee8c340c4ce3.jsonld","https://obis.org/dataset/c170a0a3-c669-436b-a17b-73d442951619","identifiersha","2025-04-07 08:24:57+00:00"
"521aa2e7c717046bfef0a6b731d880a38d769af0.jsonld","https://obis.org/dataset/117aa518-e105-48b6-aebf-dbb687577926","identifiersha","2025-04-07 08:24:51+00:00"
"522045ae14ab4fefc05a710afb952dc1bff680f3.jsonld","https://obis.org/dataset/eaf953fd-31f3-424e-b01d-f7746965ae8a","identifiersha","2025-04-07 08:23:54+00:00"
"522362c836b7a9bc6a2a5f898e9ee8f941b3d447.jsonld","https://obis.org/dataset/287f44a3-d5b7-4efb-8708-809d1a5323ae","identifiersha","2025-04-07 08:24:57+00:00"
"52304ee42408052a84ec64aa03e2906fb911fb52.jsonld","https://obis.org/dataset/0823253d-15e7-45f8-a3af-3f927b3c1099","identifiersha","2025-04-07 08:28:09+00:00"
"524ccf5417eb588092f9b119f1523a8886ca9ad5.jsonld","https://obis.org/dataset/88f140b4-efbb-43f6-bbd9-631174bc5f8e","identifiersha","2025-04-07 08:23:10+00:00"
"52550d72bca2e278ae77d03eb9f79e5bc96b5971.jsonld","https://obis.org/dataset/5cfef543-d293-45b8-b656-c3628ff34b7c","identifiersha","2025-04-07 08:25:00+00:00"
"525bb95ab6b8ea91dfdb9255d365aa6e3c175102.jsonld","https://obis.org/dataset/ff57ef3b-9a6f-47e5-bab3-745f395275fc","identifiersha","2025-04-07 08:25:57+00:00"
"52958ebf1ddaee485ca24013e735306f264c67b0.jsonld","https://obis.org/dataset/8c844caa-0559-4482-b506-7ab97915376a","identifiersha","2025-04-07 08:26:29+00:00"
"52a61ef5e55fb0de5266530d0026f150c3f2c274.jsonld","https://obis.org/dataset/7b784592-13dd-4a73-b6e1-2fde041fd19d","identifiersha","2025-04-07 08:26:12+00:00"
"52ad0b7f4ea5cabb54336e6e04efbd3ae869e1ce.jsonld","https://obis.org/dataset/0806f576-7862-463c-b4ba-54a53341be45","identifiersha","2025-04-07 08:27:01+00:00"
"52ad1df9e8b6940de3cfb650e3af78a87d268d3d.jsonld","https://obis.org/dataset/5abb2b08-cc0e-4fc1-ab8d-f5a166e6e449","identifiersha","2025-04-07 08:24:25+00:00"
"52e6fb24f0daca0de51e2291dd0df8152ffc2453.jsonld","https://obis.org/dataset/093e83be-3532-4352-a18f-d56aebc1602a","identifiersha","2025-04-07 08:26:53+00:00"
"52e729b5f38778baee2422ad4282d16c31ad43f3.jsonld","https://obis.org/dataset/f1a11336-64b8-46f4-ba10-5095d150039f","identifiersha","2025-04-07 08:22:26+00:00"
"52f3d941bf66b3ed8f3fdba515fc23c00b2989c8.jsonld","https://obis.org/dataset/9d9de482-bf84-4590-9022-d546dc21798c","identifiersha","2025-04-07 08:24:23+00:00"
"52f77cacb764f5dae5c8a863f5559aef2d237e09.jsonld","https://obis.org/dataset/81621597-dfd5-4657-b660-ba0f7924a8e3","identifiersha","2025-04-07 08:22:49+00:00"
"52fe85115defe074383d34a6f2990ff531b8fc3b.jsonld","https://obis.org/dataset/3355cc4e-942f-47ac-b3bc-d258cea65fe2","identifiersha","2025-04-07 08:23:48+00:00"
"53059f9862b3025f84485f08d2379d6d7421bff5.jsonld","https://obis.org/dataset/043e4751-b140-45e0-af27-2170b708a6bc","identifiersha","2025-04-07 08:23:28+00:00"
"530ec53334b22a9794d8053372d9bbcc23ab2aaa.jsonld","https://obis.org/dataset/bef38a3a-fc41-4be1-82fa-9aa75ad08b81","identifiersha","2025-04-07 08:23:20+00:00"
"5310d3b8d5b11b4003ee95f2e0f0dbd6ba78b80d.jsonld","https://obis.org/dataset/0990ac96-8cdd-47ff-b54b-f8f3c5bd4b34","identifiersha","2025-04-07 08:28:08+00:00"
"531e1fd5d0c5866677dd083f4f663bd1a591f1df.jsonld","https://obis.org/dataset/539de636-d02c-4f17-9d85-37473e00f5c7","identifiersha","2025-04-07 08:23:01+00:00"
"531eff5a542518c3de6c8703817ea265fde3e1a9.jsonld","https://obis.org/dataset/97bc65c9-e760-4833-8608-12b2644eccfb","identifiersha","2025-04-07 08:26:19+00:00"
"533f9332896ea425a0c42db0581a7bc99c273e77.jsonld","https://obis.org/dataset/79eafe98-b6b8-48c7-9d10-1204044ad239","identifiersha","2025-04-07 08:26:34+00:00"
"533fe1ef110070f652e553c8ce7adb865ff06c78.jsonld","https://obis.org/dataset/9db41dcc-6aa3-4439-acf0-35d4d72402c9","identifiersha","2025-04-07 08:23:20+00:00"
"534ae18bc388dd624502d61d5951fe327768aa93.jsonld","https://obis.org/dataset/519415ab-badf-4c36-a0da-1d007beebbf0","identifiersha","2025-04-07 08:25:19+00:00"
"53506571d3e170026f217d208d4faa7b1ac51994.jsonld","https://obis.org/dataset/e741dd33-46c6-4afe-a4c4-2abb1d7456e8","identifiersha","2025-04-07 08:27:04+00:00"
"53651ad79da403089460f181e8537c9d9e736478.jsonld","https://obis.org/dataset/f1ac0e7a-d219-486d-8b58-e7b276b61e12","identifiersha","2025-04-07 08:28:37+00:00"
"5365621e935321ee88069e34fad862a610286c99.jsonld","https://obis.org/dataset/da8fdd30-128f-4f94-801e-4bbf6bc0ba9e","identifiersha","2025-04-07 08:23:23+00:00"
"536700453c98dd7516f667e33b2057ec28f16ac1.jsonld","https://obis.org/dataset/01505e77-9657-48fd-8a51-5633ccd4e562","identifiersha","2025-04-07 08:28:14+00:00"
"536ba7fc61fd94e61ccf63e5edae6dbee843b737.jsonld","https://obis.org/dataset/ef41a91a-b2fa-4319-81dc-6c0285583761","identifiersha","2025-04-07 08:27:17+00:00"
"537671a3b7495b3e43cd2da3988c33984871c975.jsonld","https://obis.org/dataset/f77f8bbc-63d9-4f4c-acd4-fd068bcba0e2","identifiersha","2025-04-07 08:24:12+00:00"
"537d07a312c3df0d4f4c2a218ea2dce9d54a3aa1.jsonld","https://obis.org/dataset/da433612-e245-4736-8d9a-ddc00693eb1f","identifiersha","2025-04-07 08:28:00+00:00"
"538081b349aa8ff736efcbaffe4e792dd2061004.jsonld","https://obis.org/dataset/65a3cb9d-2889-400b-a2cd-c0232f87fb91","identifiersha","2025-04-07 08:26:42+00:00"
"53858d3cf25b7f45de3ea458e712b8b11a7dbfbd.jsonld","https://obis.org/dataset/1d480acd-2a78-403c-9b7d-814c68d4bbdd","identifiersha","2025-04-07 08:27:50+00:00"
"5387606aedc276e0109731206c5406bf21c8830a.jsonld","https://obis.org/dataset/29a6a38b-1add-414f-a7ea-22d12c5b0fb6","identifiersha","2025-04-07 08:27:10+00:00"
"5389fbe41f81f4e22a20e8b6d00a45fe5b4e9e3a.jsonld","https://obis.org/dataset/73acb769-fd45-43f1-883d-869ded7d6397","identifiersha","2025-04-07 08:24:49+00:00"
"53935dd34214b03617ac5a6f281e574fb0f5522c.jsonld","https://obis.org/dataset/f72a8220-662c-4948-a634-8613a21a88ba","identifiersha","2025-04-07 08:27:22+00:00"
"539378a31315cd57386b52b9e85cf6eee4fe88fd.jsonld","https://obis.org/dataset/25085e0c-42e0-41a2-b5ed-2863245dba90","identifiersha","2025-04-07 08:25:47+00:00"
"53975fe2141bc291f8260f1fdc4dbdf88a387f2e.jsonld","https://obis.org/dataset/91f57b7c-10ad-44c4-9fc8-3fa80e8dbf26","identifiersha","2025-04-07 08:28:35+00:00"
"53977be943b35e8b1dab8c7aa7001c04a9eff09d.jsonld","https://obis.org/dataset/d48e5611-66c8-49ca-ab4c-9f3bbc93abea","identifiersha","2025-04-07 08:27:43+00:00"
"539cc4e69d6308de8b554c9ad9fd6f9c9e098b8a.jsonld","https://obis.org/dataset/050c1b71-e6e3-4986-a21e-31662b80eefd","identifiersha","2025-04-07 08:23:59+00:00"
"53afdd21ad494a04597c3f743671d27330f13e50.jsonld","https://obis.org/dataset/d1e48f57-5c95-4f2b-80be-fc0550c85bb1","identifiersha","2025-04-07 08:25:24+00:00"
"53b7f59ab9d4e3551386ff057e8d574fc9db019c.jsonld","https://obis.org/dataset/8e230527-988f-4984-8c30-ecc64771b06c","identifiersha","2025-04-07 08:25:27+00:00"
"53bff0f28ef2890b10c55c96b0af30999dfbf10e.jsonld","https://obis.org/dataset/ea490513-b13f-43bf-8c27-2828285e78be","identifiersha","2025-04-07 08:27:15+00:00"
"53c0909519723d3340377cae104960653da691f0.jsonld","https://obis.org/dataset/52079802-54c7-49cf-bd89-b3eefe6be8a5","identifiersha","2025-04-07 08:28:13+00:00"
"53d8921cabe06bb6e98cd038228c86fc2e22301a.jsonld","https://obis.org/dataset/7b11befe-f1ed-4e9e-a359-696210766a2d","identifiersha","2025-04-07 08:24:36+00:00"
"53ddc41f28369ce994f60fffdc813123be43fa58.jsonld","https://obis.org/dataset/26b72f37-dc9f-4cd9-9b42-96fce2fd38aa","identifiersha","2025-04-07 08:22:30+00:00"
"53e2d3963c3b5d30cdfe012633d3fcb9de21400b.jsonld","https://obis.org/dataset/feb24502-fbc2-4a79-ba5c-300ad3aeae1a","identifiersha","2025-04-07 08:24:41+00:00"
"53f855d2bbea80f967e16fef1b9666fd56fd149e.jsonld","https://obis.org/dataset/c871a755-f66a-49e6-8024-86bf700c1210","identifiersha","2025-04-07 08:24:51+00:00"
"54033a7dd513228e82c477feec0302a775b4e80e.jsonld","https://obis.org/dataset/88a6a211-96af-4615-9e9c-2c21824b4f18","identifiersha","2025-04-07 08:23:37+00:00"
"5405ccb1b6ad605b262ed9eb810bd8159e109cc1.jsonld","https://obis.org/dataset/8d33d498-a2ff-4321-9421-d60bf24079cc","identifiersha","2025-04-07 08:26:28+00:00"
"54106a7ad8b76f23835d0aa6d7a77ee040a996bf.jsonld","https://obis.org/dataset/0ca0fef3-b314-45bc-b374-6bc3a1ffff09","identifiersha","2025-04-07 08:27:27+00:00"
"54205d7391bb3ff75ab8f87c9edb9f0b8e0388e4.jsonld","https://obis.org/dataset/abf0787d-1f5e-4a58-ad7d-7d9c3f256413","identifiersha","2025-04-07 08:24:11+00:00"
"542782c5473f551b0391ac6c8ebc0b4d94f606f3.jsonld","https://obis.org/dataset/6a7a7052-f4f5-43a0-9853-29754300a8d2","identifiersha","2025-04-07 08:27:15+00:00"
"547c68aeaf4f47791ad01c64e2e80f8a548171b3.jsonld","https://obis.org/dataset/231dc661-d8d9-4d49-9ff0-45bd21a08541","identifiersha","2025-04-07 08:22:27+00:00"
"547f9fcd95845fd100ef67b4c60919b2e0b2e451.jsonld","https://obis.org/dataset/1f15159f-6d35-4c3f-86e8-b3a89041ea33","identifiersha","2025-04-07 08:22:35+00:00"
"549b2d413ff6ee425096c0310bbf87274dda9ac7.jsonld","https://obis.org/dataset/89da75af-9f32-4954-885a-4869efc32254","identifiersha","2025-04-07 08:27:30+00:00"
"54a8d2d2e70018a098a5f4624f75e846c2f5f005.jsonld","https://obis.org/dataset/b0a12a0e-3b16-4330-9924-03a5b9bc94bd","identifiersha","2025-04-07 08:27:14+00:00"
"54c06127fe2c788ba76a588b5873c471204f70c6.jsonld","https://obis.org/dataset/faa8ba52-0bdd-4fbf-ba2c-054aadaff072","identifiersha","2025-04-07 08:26:34+00:00"
"54c5d1176e5e461680a155b888d580d83bd9c75c.jsonld","https://obis.org/dataset/5ac15fa1-c791-438c-a762-04901f0a109b","identifiersha","2025-04-07 08:27:55+00:00"
"54e5f529ca0da23b8e450da6ac8ae9883d30b3d3.jsonld","https://obis.org/dataset/3f3adaaf-0f15-4ef1-991f-30751160c64f","identifiersha","2025-04-07 08:27:22+00:00"
"54f761fe30eca1017926721d872626653ad3f840.jsonld","https://obis.org/dataset/7639cb4c-757f-4b75-bfb0-a6b2c3aff376","identifiersha","2025-04-07 08:28:15+00:00"
"550392a4f49022c6b209d1a012ae01e3de2708bf.jsonld","https://obis.org/dataset/178820dc-ead7-497b-b2a2-2c8ea4d5a084","identifiersha","2025-04-07 08:27:03+00:00"
"553b134836c021bca9115ea3b3ce346eedef26c6.jsonld","https://obis.org/dataset/9381239f-3d64-48b4-80c9-b9ebb674edc2","identifiersha","2025-04-07 08:24:25+00:00"
"554332248af56c171865e21a0514e809266df1a3.jsonld","https://obis.org/dataset/bf64cd7f-51de-4d70-926e-e19aa8d244f1","identifiersha","2025-04-07 08:26:18+00:00"
"55502e50733be2253b2f10735929c68e0b143fa1.jsonld","https://obis.org/dataset/48e988d2-f5f2-4b69-a1a1-6fe06e0fbd29","identifiersha","2025-04-07 08:26:08+00:00"
"5567e53d0b5b55eaf838d585624420b56fde6723.jsonld","https://obis.org/dataset/9fbaeb21-a0dc-4a29-8237-1cd7ada266e0","identifiersha","2025-04-07 08:23:30+00:00"
"5574dabc6409e2f0c015fc085491899d219c9707.jsonld","https://obis.org/dataset/39410dab-c077-4334-8faa-7530baf8d96a","identifiersha","2025-04-07 08:28:03+00:00"
"5579447b2a5b118093f0fe5db811d750edaacd9e.jsonld","https://obis.org/dataset/817bd199-eae1-4290-a031-92831ab75753","identifiersha","2025-04-07 08:23:25+00:00"
"55830322bb557936b41da2037f1d3fc87d8c0d3b.jsonld","https://obis.org/dataset/cb66f2c4-8123-4b79-82c6-8c11fdc8291f","identifiersha","2025-04-07 08:25:41+00:00"
"558b232208e4814d4b3ec6c01c8069247b7bd184.jsonld","https://obis.org/dataset/9fa01f07-d884-4c07-918c-93755657b8d3","identifiersha","2025-04-07 08:27:57+00:00"
"5595f81cd4d8b79afb88c5b11e235495eebcb294.jsonld","https://obis.org/dataset/b8021b2a-6b27-4833-aa19-91631595c397","identifiersha","2025-04-07 08:23:18+00:00"
"559fc19ee59674ffee7151f10602624cf60fc0e0.jsonld","https://obis.org/dataset/ebdeede8-dd93-4e2f-979e-e097bd516dcb","identifiersha","2025-04-07 08:22:55+00:00"
"55a59544fbaff61c3b69929187eab8363f30de22.jsonld","https://obis.org/dataset/09cdf873-9da4-4c08-89ed-56ceff622aac","identifiersha","2025-04-07 08:24:38+00:00"
"55c196a76a3222360f41bc6046c9924cf9648502.jsonld","https://obis.org/dataset/3fd5ba07-8a11-44af-abfa-475c6f4990e9","identifiersha","2025-04-07 08:25:02+00:00"
"55c237a318bbf633da5dda870354a0cd7904ce42.jsonld","https://obis.org/dataset/443b03dc-97f6-4293-9453-ca4018e4bc04","identifiersha","2025-04-07 08:26:04+00:00"
"55e0ef19dd8a48275556f31db26752a0b8e9171d.jsonld","https://obis.org/dataset/f32f0bc2-c74e-46af-94b9-815e9dd70c5f","identifiersha","2025-04-07 08:28:18+00:00"
"55f47e504590d5d2d1ad63d1309525c13bdf68f1.jsonld","https://obis.org/dataset/fa365193-b6d8-4005-a2b0-86670aa66550","identifiersha","2025-04-07 08:26:56+00:00"
"55f9fd27b90d8f43a86b0ca4922dae1d4e2f522a.jsonld","https://obis.org/dataset/fa61f67e-7cc4-48f9-a1aa-8c957b0bcc3c","identifiersha","2025-03-24 00:39:33+00:00"
"55fb5f8ff78ab06529fcf62c9abac2e102dcf9e1.jsonld","https://obis.org/dataset/858c8d4a-e8df-4c89-9f4d-c6517b4082c9","identifiersha","2025-04-07 08:23:33+00:00"
"55fe08cc95185009d83cc60efad20f96f418f76b.jsonld","https://obis.org/dataset/35985ee9-6ea2-49f3-b6a7-0ecda4bb9084","identifiersha","2025-04-07 08:27:09+00:00"
"56021b2ebe7707e81ad6d377a95eeb1cc202c240.jsonld","https://obis.org/dataset/18e06e2d-1cde-4deb-a60e-4a6423428118","identifiersha","2025-04-07 08:23:02+00:00"
"56025b09ffb3c73c922032007ec43fe49e50fb2f.jsonld","https://obis.org/dataset/bdfaba78-f1fe-43df-aaa5-886e676f3939","identifiersha","2025-04-07 08:26:42+00:00"
"5613e12701cf17ae206d23101ad6613f99d2df69.jsonld","https://obis.org/dataset/e0f45753-759a-4bc2-ab24-26dba4376707","identifiersha","2025-04-07 08:22:29+00:00"
"562a64c08c8666349823ba65bab8fddeb0c1450f.jsonld","https://obis.org/dataset/9b903eab-7079-489d-a83c-1f542fab6571","identifiersha","2025-04-07 08:23:10+00:00"
"562b062e7195ce0ff53fb49bab94edf195625a80.jsonld","https://obis.org/dataset/83339d6a-7519-40fe-ba06-f122828641cf","identifiersha","2025-04-07 08:25:03+00:00"
"563a6b95e47665b667fc602e374d41fe3f2ab32a.jsonld","https://obis.org/dataset/1ed1afd0-221b-4e75-91a0-6447e44b0d2e","identifiersha","2025-04-07 08:27:02+00:00"
"563be52a79fcd819954035ca4bd10ac5da513395.jsonld","https://obis.org/dataset/b2e5b9e9-d668-486f-b909-fb5d621d0c61","identifiersha","2025-04-07 08:28:38+00:00"
"563eb67cbf7393a082247bde3c18f59d933bc298.jsonld","https://obis.org/dataset/c9b40d2d-e9c7-4d2d-af55-005fff4e4c7b","identifiersha","2025-04-07 08:26:45+00:00"
"5653bba676e9a1ee84dc17f0e0415b4d7ad1b1c3.jsonld","https://obis.org/dataset/7949d5c3-15f9-4380-ac9f-29d01a4842ce","identifiersha","2025-04-07 08:22:39+00:00"
"5662d601d03cabe2e6b288850e3fa4ab38ae9783.jsonld","https://obis.org/dataset/48f23946-6f54-4c4f-9cd5-5444712e1435","identifiersha","2025-04-07 08:27:52+00:00"
"567504d4de25940b4e297097d327ea134fb5471c.jsonld","https://obis.org/dataset/5a9dda0b-bb6f-4f28-ad68-f43c1f3d330c","identifiersha","2025-04-07 08:23:08+00:00"
"5676ae84fbf8080e1b910523fe6e374df6be967b.jsonld","https://obis.org/dataset/4f33dadf-6972-4f1d-9ea6-69a4b8d1a813","identifiersha","2025-04-07 08:23:10+00:00"
"5678869adf8990791adc5bf7f6a2708042587d34.jsonld","https://obis.org/dataset/96ffebcf-1d28-4ba0-bd4d-258f1bfe8d31","identifiersha","2025-04-07 08:27:36+00:00"
"567f1c50926d4e6cc20d7e50e538132904526fb1.jsonld","https://obis.org/dataset/7350daa3-7c45-4f0f-b897-32b2a2b9c241","identifiersha","2025-04-07 08:25:54+00:00"
"567f40a1a627ceb095f064cb7fba0dd6b2dc796d.jsonld","https://obis.org/dataset/c6b9cd54-3c38-4054-b5e6-d331414d5899","identifiersha","2025-04-07 08:24:32+00:00"
"56928edb212816d6ca43ca4759557b2aae81eca1.jsonld","https://obis.org/dataset/e6307f38-c306-4221-a2f9-40e0fe1d7b3b","identifiersha","2025-03-24 00:38:34+00:00"
"56acef7651fe82a88896db3cb7924e5bf5fb0ef6.jsonld","https://obis.org/dataset/c44d7dd7-3b85-4b64-a9b0-b7b78288958d","identifiersha","2025-04-07 08:28:19+00:00"
"56af6f44c2cb93b28a6e6c2434352d456495d15d.jsonld","https://obis.org/dataset/7f0a659e-9c99-4e8c-be8d-22d23be0afe6","identifiersha","2025-04-07 08:26:48+00:00"
"56b82499128236acb5d82d8fbea42bf9fdcd35c0.jsonld","https://obis.org/dataset/0387adc4-c0b6-4072-b5f2-b819b4cfa30d","identifiersha","2025-04-07 08:22:30+00:00"
"56b8f2a2dbb0ba7f56d9d919f6fbe114f75f1949.jsonld","https://obis.org/dataset/48cb8624-a221-47ed-9a6d-b99b0bb394e0","identifiersha","2025-04-07 08:22:25+00:00"
"56b9d9db754aa052ea8ea5a8768a32dbde01461c.jsonld","https://obis.org/dataset/1f9645c1-c71c-426b-ad4d-87dd1cd6645c","identifiersha","2025-04-07 08:26:37+00:00"
"56c9efd65fb121e062d525aa051aa216efc41424.jsonld","https://obis.org/dataset/b4be83a5-101d-4a82-80dd-b8a39c8026f2","identifiersha","2025-04-07 08:23:29+00:00"
"56cf2ad6ab5979ad9ba2785a38e53d29bc614285.jsonld","https://obis.org/dataset/ce215584-9139-42d4-8d6c-f68e8d7ce47c","identifiersha","2025-04-07 08:23:35+00:00"
"56e3ef938d481608908e42c2b224022664322983.jsonld","https://obis.org/dataset/c606c47a-3892-4645-9521-630c9085e59f","identifiersha","2025-04-07 08:24:02+00:00"
"56fc5de55028ef29ce5f607f356885ceb5f0056a.jsonld","https://obis.org/dataset/a1f6bab4-58f6-4308-9ab9-e62041783406","identifiersha","2025-04-07 08:25:48+00:00"
"5713e4b543142928d61c737ce997e0f1e82bf5d2.jsonld","https://obis.org/dataset/9f7e8ad5-647c-4d38-bcc2-74f8344f793e","identifiersha","2025-04-07 08:26:48+00:00"
"572c4c5e130553c010483c023fb04f0fdf093020.jsonld","https://obis.org/dataset/4961ff53-d090-497f-9ddb-39b6c485bb66","identifiersha","2025-04-07 08:23:45+00:00"
"5746a68c2e2176f2a97a14ba954e16b6920745d2.jsonld","https://obis.org/dataset/87185722-cec1-49e4-82b9-509f065e5e54","identifiersha","2025-04-07 08:27:36+00:00"
"57492a1802f8333aab52d65a080f71768b463d5d.jsonld","https://obis.org/dataset/3851d670-56f7-46e1-bfd1-295378e2a910","identifiersha","2025-04-07 08:22:30+00:00"
"5750f23628e15eb7db4be307c55204b96b1b5ef9.jsonld","https://obis.org/dataset/0d6383f4-3b68-4d14-aa79-efee05fdca30","identifiersha","2025-03-24 00:40:46+00:00"
"5763970f0037e876adb24eb78a382d79dd462c51.jsonld","https://obis.org/dataset/f66e125a-afaf-4105-afb8-65561a7f34c8","identifiersha","2025-04-07 08:27:05+00:00"
"5765333cc884b50b0ad9c14fe1197b6ed5148dfe.jsonld","https://obis.org/dataset/dbb0d702-c985-4b7f-806c-d8e4244d8834","identifiersha","2025-04-07 08:26:25+00:00"
"576862083594bb0f5d7e4dc731954ae178db1a4f.jsonld","https://obis.org/dataset/d1b61ade-eb7f-437d-ada1-1cf2298ef4e9","identifiersha","2025-04-07 08:25:23+00:00"
"577736bc1d39e1eae17580577e8a322b910db0be.jsonld","https://obis.org/dataset/f0bd3910-fe57-4922-a877-ca0f4774a163","identifiersha","2025-04-07 08:25:00+00:00"
"577b843f49bfb920022bc5a847f0370d58e3a450.jsonld","https://obis.org/dataset/5f2da252-6d49-4c9f-b3b3-1db53d75b345","identifiersha","2025-04-07 08:23:33+00:00"
"579a65c418dbe6976c929d97d370000d022b25c3.jsonld","https://obis.org/dataset/ed776303-7bc4-49f3-b005-9e1388aaab57","identifiersha","2025-04-07 08:24:21+00:00"
"57a5d3cf26db0842b3f28f0a78cd32878ece49d0.jsonld","https://obis.org/dataset/2d82f586-08b8-4c51-9444-fe307bc293e9","identifiersha","2025-04-07 08:27:32+00:00"
"57b00c56dafe53a5c82186571c9427ee2d274c9d.jsonld","https://obis.org/dataset/b96d1556-21b7-410b-9109-1a91e3eb8aa1","identifiersha","2025-04-07 08:27:06+00:00"
"57cfce922c0c1ba174f792f4e80280907b6f5fcc.jsonld","https://obis.org/dataset/33bd3b4d-12fc-4041-bae0-f0e053a4090b","identifiersha","2025-04-07 08:27:32+00:00"
"57d58c002a519e6888ed8a35bb0600ae5190ce12.jsonld","https://obis.org/dataset/ff972223-5015-4ea6-bafa-6dd05d3f4f13","identifiersha","2025-04-07 08:27:07+00:00"
"57dbcdc467f80de2c7e411773f5fd5d1fb5c8713.jsonld","https://obis.org/dataset/68670603-4fca-4b3b-ab33-f50b859e3afc","identifiersha","2025-04-07 08:22:26+00:00"
"57ef478886b7920078a23c02f9c6bc6ff879ce05.jsonld","https://obis.org/dataset/6403181f-79df-4628-8fd8-8361e7ce8c35","identifiersha","2025-04-07 08:26:27+00:00"
"57fc8b8b0be6127f4e22ed8e670f139e45d224a6.jsonld","https://obis.org/dataset/94ad5f97-ad27-443c-8203-d5e3ba0dd8b8","identifiersha","2025-04-07 08:26:47+00:00"
"580782a0d59bd9f261481ee33b74aa2bff9c1ca5.jsonld","https://obis.org/dataset/339193fd-9395-4c88-939b-351195608b39","identifiersha","2025-04-07 08:27:38+00:00"
"58164df66a8e5047c2aebbeb6ddfbb36e6f0bad5.jsonld","https://obis.org/dataset/b369bd58-912a-4c8b-9a1e-161812c9e5d0","identifiersha","2025-04-07 08:25:07+00:00"
"5823e3aea2f7dd76c55668300538e2ccd2fd2412.jsonld","https://obis.org/dataset/e4d6a152-2061-4ee2-a2c7-8a9f19d7a1e2","identifiersha","2025-04-07 08:23:29+00:00"
"58255a5d4eaf184bd935a4743945afcc6b3fe913.jsonld","https://obis.org/dataset/dfdd80fe-1f64-4926-bc75-a639b6ec5925","identifiersha","2025-04-07 08:22:54+00:00"
"582e44d3b640ea6784d797fd1564b79a2e8e1e05.jsonld","https://obis.org/dataset/de803590-9afc-4340-8fdc-49d5b2454657","identifiersha","2025-04-07 08:27:08+00:00"
"582f2c58275200f381a5ad0be4a71ed8696cacce.jsonld","https://obis.org/dataset/49121bca-c039-4a47-803d-26394ad1ce6f","identifiersha","2025-04-07 08:28:24+00:00"
"5836f4376ee91d1b5215b432730e93e824a4cec3.jsonld","https://obis.org/dataset/331e31eb-d025-4407-bd22-432b4cfbc936","identifiersha","2025-04-07 08:27:42+00:00"
"583a07fb491c7470cf3b1f2943077dfaa2b0101f.jsonld","https://obis.org/dataset/08cb3fc7-aa5e-4f23-a3bc-2ef45e5db83c","identifiersha","2025-04-07 08:24:38+00:00"
"583ce83d67d8a0289e05c121267327d8909680c0.jsonld","https://obis.org/dataset/ecffd606-cbdd-45d6-b89c-be339537c825","identifiersha","2025-04-07 08:27:01+00:00"
"584181469d3461f8437be22be01e44de7545c773.jsonld","https://obis.org/dataset/e191604f-fe12-424a-9bc7-98100d969515","identifiersha","2025-04-07 08:23:03+00:00"
"584bacca1d8374f8ae8128c61adc50ac2d86072e.jsonld","https://obis.org/dataset/cb4f80b8-ac98-4b22-a4bd-584e20c9de63","identifiersha","2025-04-07 08:27:05+00:00"
"5859869abb0dd1d394aea1aa60ce0c2ffc4b1e31.jsonld","https://obis.org/dataset/85fc9de0-2ac2-43e3-bda9-64ef66044bfb","identifiersha","2025-04-07 08:25:22+00:00"
"585b05bd113ad4d9efcad0765f9285aa4b671a58.jsonld","https://obis.org/dataset/fabf69ae-0d4f-43dd-8dea-3e888c05f5ea","identifiersha","2025-04-07 08:25:35+00:00"
"586d33bdd129d0798e6ea5012d6ee1929f423efc.jsonld","https://obis.org/dataset/763f35db-6944-46f4-8f47-1341a00e9796","identifiersha","2025-04-07 08:28:30+00:00"
"58720d7228d96bb3d885f13c5ad2ffa69d180ae9.jsonld","https://obis.org/dataset/ea742725-fd62-4520-8497-b5571d55efe6","identifiersha","2025-04-07 08:24:34+00:00"
"58760d7bb8552a86d6481fb4605a83f70c33a2db.jsonld","https://obis.org/dataset/ad98bfa6-84b1-4d2d-8acc-46ffec4bf818","identifiersha","2025-04-07 08:26:55+00:00"
"587fc42bee3759980905d68a9ea13c40e92103c3.jsonld","https://obis.org/dataset/f780666c-3aaf-45a1-a3f5-5fa6ae279f02","identifiersha","2025-04-07 08:26:52+00:00"
"5892ef2a525befa6107efc4432b3bc664da23368.jsonld","https://obis.org/dataset/dac63ff7-e96f-41fa-8ba9-710c7a92d098","identifiersha","2025-04-07 08:26:04+00:00"
"58aaf701b20d0565654367f2a2f8367db3d97743.jsonld","https://obis.org/dataset/b6045d77-2f80-4eb4-9bb9-95eb785d584a","identifiersha","2025-04-07 08:28:39+00:00"
"58b0a6983b70fa35766ef9633b40973300b186ba.jsonld","https://obis.org/dataset/956be403-42a2-4f7e-a27b-3de891216503","identifiersha","2025-04-07 08:28:05+00:00"
"58b327906c41a0aafffe139fad9d45b631c01940.jsonld","https://obis.org/dataset/19119a0f-92f3-4662-85c5-30f8472067cf","identifiersha","2025-04-07 08:22:55+00:00"
"58c4cd75a50bcecbd72547a2eae2eff802ec00c5.jsonld","https://obis.org/dataset/7c38fae2-1505-44eb-abfa-44e633dfbdc8","identifiersha","2025-04-07 08:28:10+00:00"
"58da5a22b98a6b4b07e5c55dc02304f78657996d.jsonld","https://obis.org/dataset/5bbcd987-29d3-4ada-8de5-9e8fa7bc6d53","identifiersha","2025-04-07 08:25:15+00:00"
"58dd50e73edcc3a725bd55ad4c48068efbcbacbe.jsonld","https://obis.org/dataset/e8c2a9de-09d9-4301-a5f6-9af5eaa1ed12","identifiersha","2025-04-07 08:23:14+00:00"
"58df1bbd63695d0b75e4111d35c817282720e723.jsonld","https://obis.org/dataset/d3bdc700-fcf1-42ee-9587-e38287cf9f46","identifiersha","2025-04-07 08:25:21+00:00"
"58df47f037e837ca861d0000e8d65014f12cd2b1.jsonld","https://obis.org/dataset/c1bf2de5-50ad-461f-bb17-851e2ac86472","identifiersha","2025-04-07 08:23:28+00:00"
"58e17c92f718e67160ab96318783fc170c965ded.jsonld","https://obis.org/dataset/22fcfe7e-1923-4928-9a06-2aa2326227e8","identifiersha","2025-04-07 08:24:43+00:00"
"58e78c799992ffa9414bfcc79c84a638ff5126cd.jsonld","https://obis.org/dataset/158a55b5-1584-4b35-a55a-6fb34d7a2114","identifiersha","2025-04-07 08:26:46+00:00"
"58f09f56407c60c03d151d9ec234dac4f6805353.jsonld","https://obis.org/dataset/dd67ceb5-86b4-4841-a223-e668c1909dc6","identifiersha","2025-04-07 08:24:56+00:00"
"58fa6e6687aa04c549876b8a24afdf34997e673e.jsonld","https://obis.org/dataset/586c658f-a5e7-4958-b353-237e1aeddcb8","identifiersha","2025-04-07 08:23:15+00:00"
"58fd9be966c525ff43012727ee1842c61a39860b.jsonld","https://obis.org/dataset/7a8d5158-f9e1-406b-8bf8-9291ed57eaa2","identifiersha","2025-04-07 08:27:39+00:00"
"59156d999a04ca69db1e1c3485bdbac11326e76c.jsonld","https://obis.org/dataset/72bb39c7-7bb4-435c-affc-1aa66a5b2a5b","identifiersha","2025-04-07 08:24:42+00:00"
"59284d244967c09a90edf3348acca1839b9da9a3.jsonld","https://obis.org/dataset/8937421c-df4e-467a-9640-98c17baabccf","identifiersha","2025-04-07 08:26:46+00:00"
"592f38ca198d5c41095f2cf7858593af08d8a2ae.jsonld","https://obis.org/dataset/731e318c-d692-4d6b-b4cc-edff0d385098","identifiersha","2025-04-07 08:25:03+00:00"
"5965a415c27b677cd382f52deb28246938ff46c7.jsonld","https://obis.org/dataset/da968cfe-26cf-48f4-b6f7-14375ff5fae3","identifiersha","2025-04-07 08:25:59+00:00"
"5977d4d7d1d1eb36c6ce93e7d295ba37e9e7edd4.jsonld","https://obis.org/dataset/db9fe431-d303-4edc-bf76-a3c270daf1c9","identifiersha","2025-04-07 08:26:53+00:00"
"5992f1d574db7efecf245e5bff530243943d7b29.jsonld","https://obis.org/dataset/13395842-c47d-4f5f-8cb8-83c591eb6331","identifiersha","2025-04-07 08:24:48+00:00"
"59935eabd9f310cabf332feea03463f50cea10ef.jsonld","https://obis.org/dataset/7694fdc5-fd4e-4106-ad20-edc046cc8618","identifiersha","2025-04-07 08:27:18+00:00"
"5995e9e0d27ffbf10a29ac03cf127d56e8d62b58.jsonld","https://obis.org/dataset/be92c271-4640-4086-9e3c-2d47350dccfd","identifiersha","2025-04-07 08:23:32+00:00"
"599ea1426247549753881e0788d9fddd08c6b866.jsonld","https://obis.org/dataset/bbca170c-65fe-40ff-9f71-f5fc5af25407","identifiersha","2025-04-07 08:28:24+00:00"
"59bc54aa4a64f44e1ddf3dbcbdee20ab3c7edbae.jsonld","https://obis.org/dataset/22e79508-4bb1-463b-84e4-c27ec6ee9b60","identifiersha","2025-04-07 08:27:45+00:00"
"59c92b6a3e55ff443ad27481a0f175b1a4f17ce8.jsonld","https://obis.org/dataset/499dfc7b-a567-42b5-8c26-a017c87298e6","identifiersha","2025-04-07 08:25:09+00:00"
"5a1b20e1307a3a975ae550589c8317b26878ec1e.jsonld","https://obis.org/dataset/64e038e6-795c-418e-b617-7c81e4dcb293","identifiersha","2025-04-07 08:23:37+00:00"
"5a333cb2e1eaaf23c715d6fc29d5d73f7079b1db.jsonld","https://obis.org/dataset/8a361a70-efcc-4eef-969e-d5049c026861","identifiersha","2025-04-07 08:25:49+00:00"
"5a3d28e20a8037b4f13e5cc706ac57bceb0d1408.jsonld","https://obis.org/dataset/9f8656fd-43dd-467e-a008-814cf028317c","identifiersha","2025-04-07 08:27:35+00:00"
"5a46429025e9adadefff046759d46460cfac9cc3.jsonld","https://obis.org/dataset/0d27d2e3-88bb-48b7-a00f-8433a81431ed","identifiersha","2025-04-07 08:28:20+00:00"
"5a4b56a5cec45e04f9537ea6346e844838d93b67.jsonld","https://obis.org/dataset/43331c6e-2243-4768-88e0-a7be0d742eb6","identifiersha","2025-04-07 08:25:25+00:00"
"5a64b244ede7a01f8d5e820d667c756d50d9aabc.jsonld","https://obis.org/dataset/cc5daff7-5082-4d7c-9b27-e47956efbcee","identifiersha","2025-04-07 08:24:29+00:00"
"5a6590f1fe69228b20d8822ce8e2dead51236f79.jsonld","https://obis.org/dataset/5eda7a94-06eb-4a45-b0ac-66ea6e06eb30","identifiersha","2025-04-07 08:24:53+00:00"
"5a80703a68599da0dfbd68f3c028a8bbab0026b1.jsonld","https://obis.org/dataset/b34a6dc0-1e4c-4bd5-b4a9-b8d8c4b827be","identifiersha","2025-04-07 08:26:48+00:00"
"5a809768197f67f693521f1bf367ea99461e18f0.jsonld","https://obis.org/dataset/3a34c221-8305-491e-ba1e-7909bd4c187b","identifiersha","2025-04-07 08:28:29+00:00"
"5a8a6e34a856462ab8c50e97a9864edebebd5d64.jsonld","https://obis.org/dataset/dfa763e6-4a7a-4b88-96c5-1512cee68cc6","identifiersha","2025-04-07 08:23:55+00:00"
"5a90e98d3dcda2b0417e431d577460dfe1c76878.jsonld","https://obis.org/dataset/88bb5351-cbed-4448-abf8-fdeae8b1abaf","identifiersha","2025-04-07 08:24:50+00:00"
"5a922d43eb70bad36030d80bbdc91bef2776ee95.jsonld","https://obis.org/dataset/3885e0d6-db85-4484-af25-80b7514f7be3","identifiersha","2025-04-07 08:27:12+00:00"
"5ace615b44bfb44d3d0e0a3cfa88856c4479ed26.jsonld","https://obis.org/dataset/7e5af076-62d8-4d54-a4a8-b4b755e454aa","identifiersha","2025-04-07 08:24:52+00:00"
"5ad019a58882bd326df31553f5ee259295bce729.jsonld","https://obis.org/dataset/30c53413-335f-4f6b-9512-b358cea14de7","identifiersha","2025-03-24 00:29:40+00:00"
"5ad56c6f0e443e70ddae13fb89f90fc76a97fb4c.jsonld","https://obis.org/dataset/640d97cd-e314-479f-aa3f-568e302a6c7f","identifiersha","2025-04-07 08:23:26+00:00"
"5aff5dfe2f878cfdc4c92cb0d1844f4631f9da4d.jsonld","https://obis.org/dataset/6495ab12-003e-4b62-a13a-45c9ab5e3811","identifiersha","2025-04-07 08:25:47+00:00"
"5b1665026009302e2bb8925d6c20598d6cc21fb3.jsonld","https://obis.org/dataset/d7ac6ccd-d251-413d-9878-751a6f8e56a9","identifiersha","2025-04-07 08:24:30+00:00"
"5b214fe3666c011927245d7c3473fba5e6622c9d.jsonld","https://obis.org/dataset/9b787218-7138-4ffa-8ba6-36d63d391f8c","identifiersha","2025-04-07 08:22:28+00:00"
"5b27cdbc86baac42b1a8b1748ceee2ec915510ec.jsonld","https://obis.org/dataset/9afe0ed9-4d76-4325-a3ef-45714dc8afe7","identifiersha","2025-04-07 08:25:13+00:00"
"5b291ccea04c437fb349586d529ff560d5705961.jsonld","https://obis.org/dataset/c53a1d63-0ca7-4481-8607-0b2d01f9f99a","identifiersha","2025-04-07 08:22:58+00:00"
"5b39b3c7aaecea3b37085b817e8301dc955390a1.jsonld","https://obis.org/dataset/cef48fb7-f74c-45a6-9871-7c5f346b7729","identifiersha","2025-04-07 08:26:56+00:00"
"5b4988cfd25fd2da4108ed50e05426bcb73200e4.jsonld","https://obis.org/dataset/bc258313-a035-4e4e-b034-8eb7383b89e2","identifiersha","2025-04-07 08:24:56+00:00"
"5b49ac58e19d5034af7d8ac37b01e27a051950eb.jsonld","https://obis.org/dataset/515b3516-7f86-42d7-a439-bd29411c9eea","identifiersha","2025-04-07 08:26:15+00:00"
"5b565a42dfd7acaba69b64e4dc0c4bb381089b48.jsonld","https://obis.org/dataset/1dcf7423-605a-4e1e-ae02-cc7bc419d18d","identifiersha","2025-04-07 08:26:39+00:00"
"5b662610cd20e28a2415a156363cd1bb90b93b1c.jsonld","https://obis.org/dataset/36cc2b57-16ce-476e-8ce2-6ebebc82d198","identifiersha","2025-04-07 08:24:29+00:00"
"5b8623e17e6a7a0ed927aab608c3ffa6605912cb.jsonld","https://obis.org/dataset/4421cb19-32c3-42a4-b429-893b2579e43d","identifiersha","2025-04-07 08:27:47+00:00"
"5b9058205005f2f0a0ebf031f0aedf6a92627a84.jsonld","https://obis.org/dataset/1ebbe2a8-9a22-464f-8abe-043d3339bb87","identifiersha","2025-04-07 08:24:35+00:00"
"5ba13b7dec68cbbe7b7abd827cbab4d0893c2f07.jsonld","https://obis.org/dataset/52076a40-4d20-4ebc-8e08-3c47adb388eb","identifiersha","2025-04-07 08:22:34+00:00"
"5baacdf530722f7c2d6aa4163eee25e301e3f805.jsonld","https://obis.org/dataset/681d6731-c74b-4b38-ba19-239b794dd174","identifiersha","2025-04-07 08:22:59+00:00"
"5bd105733dcbf762ada88458c1ca51f07642a3b1.jsonld","https://obis.org/dataset/23678adb-b175-4352-856d-d43322374cb1","identifiersha","2025-04-07 08:22:49+00:00"
"5bd29c59ffe3ec57385ff4646d03c002dff6bfcb.jsonld","https://obis.org/dataset/d8afbdfc-65d8-4689-91f0-602018b67080","identifiersha","2025-04-07 08:25:29+00:00"
"5be59c74c00644034a5138d7b23e470d068d1e34.jsonld","https://obis.org/dataset/56e55f76-6dda-403d-805b-f8922fa1766d","identifiersha","2025-04-07 08:22:42+00:00"
"5c16e69451c4220d774107d9dcb4b7669dec78d6.jsonld","https://obis.org/dataset/aecfd008-3399-4422-b754-2139bab2fded","identifiersha","2025-04-07 08:25:17+00:00"
"5c1b690f6bb62847c4c038328f0576aa5ce5eebe.jsonld","https://obis.org/dataset/a159d264-575a-47fa-886d-46d69d47d0b2","identifiersha","2025-04-07 08:27:12+00:00"
"5c33655e4487836f09df063c5739cc3fe5d56c51.jsonld","https://obis.org/dataset/73727a35-4f2d-4b30-95d5-8f4392f7bdfb","identifiersha","2025-04-07 08:23:32+00:00"
"5c4ad7b996325b1bcda48a8ae2728b1dec8ae3ed.jsonld","https://obis.org/dataset/5381f98a-1d08-4c96-a019-c0716bac3b08","identifiersha","2025-04-07 08:25:55+00:00"
"5c4edf1085d739d963b374f81892417340f0f6a2.jsonld","https://obis.org/dataset/ebe102fd-8e0d-4aa7-9e81-21da12c13ffc","identifiersha","2025-04-07 08:26:26+00:00"
"5c5561936b5b5e2c9d2c88ba2c686b3d45e475e6.jsonld","https://obis.org/dataset/2e097918-8f88-4515-aeeb-6d51f805509c","identifiersha","2025-04-07 08:27:38+00:00"
"5c5810c21dd7df761f5dea401cde22add9ec16f8.jsonld","https://obis.org/dataset/186a3261-920d-470a-ba2d-58e4595f4051","identifiersha","2025-04-07 08:28:29+00:00"
"5c6bbe9f226ab190dd9001862610e7e6c5496b80.jsonld","https://obis.org/dataset/c02f4596-9f85-4909-885b-e502f893b5bb","identifiersha","2025-04-07 08:26:54+00:00"
"5c6df2264e1c0d8f43e35079171c12ff531ec3cf.jsonld","https://obis.org/dataset/74a748a8-5d72-4c6a-8ce3-e64b75d10569","identifiersha","2025-04-07 08:25:50+00:00"
"5c7c138a7d00590b434fbf8bae3eee60be9fe6d9.jsonld","https://obis.org/dataset/9b086769-d1c5-4492-b4a3-008d6519682b","identifiersha","2025-04-07 08:28:20+00:00"
"5ca73a6c6d3cec5f34ae042b2dae1834e9a22231.jsonld","https://obis.org/dataset/430e02f9-8843-4b44-8d24-9ea35be1940c","identifiersha","2025-04-07 08:25:48+00:00"
"5cc11a1218adfb7874927846d43279fff43dbae9.jsonld","https://obis.org/dataset/b39b3b38-6dc2-400f-b177-51b98035bcb4","identifiersha","2025-04-07 08:27:43+00:00"
"5cd3a48ade9ae89b2038b1894808bfcb7ce8f24e.jsonld","https://obis.org/dataset/139db389-055f-477b-a743-1ca1fd01c092","identifiersha","2025-01-28 15:58:57+00:00"
"5cd4e39cc375fd6e24760a65a36eb01e34abfb43.jsonld","https://obis.org/dataset/72f57b21-edca-48c8-a55e-b4fce78ac746","identifiersha","2025-04-07 08:23:00+00:00"
"5ce248da9e5f5687809691dbeeff2c43eb6c556b.jsonld","https://obis.org/dataset/543a4476-6145-4f38-a84b-e8fe7a281bed","identifiersha","2025-04-07 08:23:04+00:00"
"5ce7f1d349afc6ec46ce2165ce60c2b2717e071a.jsonld","https://obis.org/dataset/0801a5a2-66e3-441c-83a3-25f0ef0fc0f5","identifiersha","2025-04-07 08:23:35+00:00"
"5d16c663b42e86eceb7856fd242f7aba3a14afea.jsonld","https://obis.org/dataset/ca78b5b9-d4e4-4ab0-bbe1-9f75659769e2","identifiersha","2025-04-07 08:22:41+00:00"
"5d217c5cc05da80b82261b9ee8b4287842ba6ecc.jsonld","https://obis.org/dataset/40d6ac81-78db-485b-af37-bce551d5c151","identifiersha","2025-04-07 08:26:22+00:00"
"5d21f68b1c56867b6d9638b9edcbde120a8e5fbc.jsonld","https://obis.org/dataset/8127e4d6-4705-4b53-8901-b38f11a04eee","identifiersha","2025-04-07 08:27:57+00:00"
"5d28f4d234bda34eca2e4b0d0fc5adcd4e553aeb.jsonld","https://obis.org/dataset/6c77ad5e-e635-4c2a-b389-e11676f20137","identifiersha","2025-04-07 08:22:42+00:00"
"5d2d4fa684557fdef131287212630aa0d74ce496.jsonld","https://obis.org/dataset/58925f8d-4f01-4aa0-80d3-a54710340f93","identifiersha","2025-04-07 08:27:51+00:00"
"5d36c2196dfa45a21ed6f398c79f322bbb2c00ca.jsonld","https://obis.org/dataset/2941f3a6-dc52-420a-b45b-27e5d060ae97","identifiersha","2025-04-07 08:25:34+00:00"
"5d3d669e9c655ad7b3e9fb688f2c2027a35022c7.jsonld","https://obis.org/dataset/0ef4bb91-c27c-4e90-b679-c170252dddb6","identifiersha","2025-03-24 00:35:07+00:00"
"5d5baf7dc1af9921d34a431e786d5c1884a4a80e.jsonld","https://obis.org/dataset/880c59c5-6e43-4610-88cf-cfe1438516fd","identifiersha","2025-04-07 08:28:05+00:00"
"5d64b096fa7aec4c11594e37fc20e68354623935.jsonld","https://obis.org/dataset/87610c12-3ab0-4746-90ae-3f515a2f4150","identifiersha","2025-04-07 08:25:01+00:00"
"5d6ffb4d3c0ee56648018685f54a3598752a47f8.jsonld","https://obis.org/dataset/2b7d7abe-dbc7-428d-87bd-0a8c900130a0","identifiersha","2025-04-07 08:23:48+00:00"
"5d743e17464ef81dc03c2a9586fef661f79447c1.jsonld","https://obis.org/dataset/5bf5de80-ff22-420c-8ad1-dd252411cf88","identifiersha","2025-04-07 08:25:42+00:00"
"5d8beba0ed061f8cfb3fa36cd509a8ec17bd0c61.jsonld","https://obis.org/dataset/e3b4b30d-f75e-40f1-9ec3-ef7c5ea4d29b","identifiersha","2025-04-07 08:25:07+00:00"
"5d97508d7ebf0e7681a3792b9de027f8bf231e83.jsonld","https://obis.org/dataset/003063a2-57ad-4c7b-a58b-df6f40fbf4ba","identifiersha","2025-04-07 08:23:45+00:00"
"5d97b66382fb54777c4e190d78f4b32102c2af9f.jsonld","https://obis.org/dataset/5a1c4411-6045-4a7c-95de-9de3bd608a4d","identifiersha","2025-04-07 08:26:47+00:00"
"5da23e145ff4187ef228f31a2e7173acdf953824.jsonld","https://obis.org/dataset/49be2eda-9fe4-4b67-90ef-3f5d8823244e","identifiersha","2025-04-07 08:28:16+00:00"
"5db9147556ab74fc4068c77728f309a1d231a8ce.jsonld","https://obis.org/dataset/4dc60312-9d8a-47e6-a8b1-29cce45e4266","identifiersha","2025-04-07 08:26:19+00:00"
"5dd51eaa9c91a634aa20f0feee2e38df65923ef2.jsonld","https://obis.org/dataset/c8a10b95-b250-4da7-a964-b9a99c0db5b2","identifiersha","2025-03-24 00:37:17+00:00"
"5dd7bbe35da61702e5ff1ae027f47491e355d54f.jsonld","https://obis.org/dataset/ebd2e3c0-d0f3-44cd-b005-650aea728aa8","identifiersha","2025-04-07 08:25:31+00:00"
"5de22017955ef97f44245019585faccc23377040.jsonld","https://obis.org/dataset/ab84bb8e-3a0f-43f6-83be-27a1d8965998","identifiersha","2025-04-07 08:22:46+00:00"
"5deaa498841019288efa8e0c03ca4607a0dc464d.jsonld","https://obis.org/dataset/7ec89813-61c1-4fa8-8ffb-d2abca7f3b97","identifiersha","2025-04-07 08:28:19+00:00"
"5e09784403cbb1759acd1c04075f960403a925ac.jsonld","https://obis.org/dataset/b0dc846a-b84e-46e8-ab66-f1cf42047b8a","identifiersha","2025-04-07 08:24:07+00:00"
"5e194e4290373dabcf2ad7f6cdebf2711ff291d5.jsonld","https://obis.org/dataset/80aaea0e-fdba-411c-bb52-4c0992638587","identifiersha","2025-04-07 08:23:34+00:00"
"5e33c10172d6421b3bb10e69198916f59f5fea59.jsonld","https://obis.org/dataset/80cb06ec-48b8-4029-9474-199da37c8ce7","identifiersha","2025-04-07 08:28:14+00:00"
"5e34e1e92668f38a955c5e7331d63df97ac1b08f.jsonld","https://obis.org/dataset/f1f44a68-7a6a-416e-a475-bfa71c6a0d03","identifiersha","2025-04-07 08:27:54+00:00"
"5e378fd3becc7155510c3dbc8d904ae12ee06c9d.jsonld","https://obis.org/dataset/4dc60312-9d8a-47e6-a8b1-29cce45e4266","identifiersha","2025-03-24 00:39:46+00:00"
"5e3c74bb280a0a1103c3ceb21fff45f62c3884ff.jsonld","https://obis.org/dataset/4de859e7-9efa-4d77-b6f1-e0d343ee209d","identifiersha","2025-04-07 08:22:58+00:00"
"5e3d3ee88d105a218009c08e97bdbac90ce51ec0.jsonld","https://obis.org/dataset/e34fbc6f-3fa2-42f0-be10-5aa4512127c7","identifiersha","2025-04-07 08:28:27+00:00"
"5e55ffa21d701009c2417b7daf97143d79126b5a.jsonld","https://obis.org/dataset/8e8a4178-bfc5-47f4-b086-36c23783de15","identifiersha","2025-04-07 08:27:44+00:00"
"5e5fc45129e239253ad3024e5d709012ec1020f7.jsonld","https://obis.org/dataset/abfc90b7-e869-46d6-8a9e-35669c72d6bd","identifiersha","2025-04-07 08:27:19+00:00"
"5e6afe7a64a7b30168819e1645b1b6204cb63a1b.jsonld","https://obis.org/dataset/fcbb56da-7237-43a3-831e-d45571496c68","identifiersha","2025-04-07 08:23:02+00:00"
"5e6b84a70518f46ece001a4654e2325af39cfeda.jsonld","https://obis.org/dataset/fca3b113-b145-446c-a23c-3188090e43af","identifiersha","2025-04-07 08:23:55+00:00"
"5e8e7bf30340d9242106532360d3aff8431bceed.jsonld","https://obis.org/dataset/d895e645-a98d-4720-b6fb-332929190f36","identifiersha","2025-04-07 08:22:29+00:00"
"5e98ac0602de96fb537cb6f4895d61709fdd3816.jsonld","https://obis.org/dataset/282c67f7-d6f1-4c9f-9efe-8e3a20539807","identifiersha","2025-04-07 08:28:28+00:00"
"5e9c976637326a1f395af4642607a50adb3f3978.jsonld","https://obis.org/dataset/5bb57395-5f90-4c8d-8f84-e2ead1f28a3d","identifiersha","2025-04-07 08:27:41+00:00"
"5eb08e6d232ee3f21c1ff2c5336cd0d1d37cd106.jsonld","https://obis.org/dataset/3e35bf95-1d9d-4953-8b25-69d56574182c","identifiersha","2025-04-07 08:26:34+00:00"
"5eb6f845f07ec04db44a0c53ab35c3a7e71db4c4.jsonld","https://obis.org/dataset/e435b0ec-63ed-4659-a063-f398543cc1b3","identifiersha","2025-04-07 08:26:07+00:00"
"5ecf873592bc742828e59ae1825e072669d94194.jsonld","https://obis.org/dataset/a03764a6-2035-4dac-9def-0136df8936de","identifiersha","2025-04-07 08:22:48+00:00"
"5ee209c14687527afeb3b5076aad77fd9403391f.jsonld","https://obis.org/dataset/f6db2e52-e89d-4e7b-950d-6001e54424c9","identifiersha","2025-04-07 08:28:39+00:00"
"5ef1da9a52329e35eff7f3534158410ea77bcf7d.jsonld","https://obis.org/dataset/d4605821-3213-472a-9c45-55878f8ab4e7","identifiersha","2025-04-07 08:23:59+00:00"
"5efd81eaf7368c780133b536f5d530f62c4099d4.jsonld","https://obis.org/dataset/bbc947ad-48c0-4235-8398-3c92f0fc994a","identifiersha","2025-04-07 08:22:50+00:00"
"5f06271f6c07b22cae46a6f1eaa289bcf57f3de3.jsonld","https://obis.org/dataset/a8c9f694-bb07-451d-9ac0-c8d6b3119c1b","identifiersha","2025-04-07 08:23:32+00:00"
"5f171b8fd352c9d8dd0f4eecdf6aa3174abcc4af.jsonld","https://obis.org/dataset/d8367698-8a0d-4f69-aaa3-242abf989e17","identifiersha","2025-04-07 08:23:23+00:00"
"5f19a47288b092bc8f0a3d76e33dfb961cbdd90f.jsonld","https://obis.org/dataset/2d232bd3-fba6-428b-9910-e2c58aa40dc9","identifiersha","2025-04-07 08:24:18+00:00"
"5f1eed4263bffe6d43094f42fd3522955ba15871.jsonld","https://obis.org/dataset/8e256f62-1a2b-465b-9709-dab15fc4bdb7","identifiersha","2025-04-07 08:27:01+00:00"
"5f27c32ffab765328405cb150667f5b4f6c1de70.jsonld","https://obis.org/dataset/5ba8b2e3-d1c4-4adb-8803-36b223624ccf","identifiersha","2025-04-07 08:23:40+00:00"
"5f32f6dff19fc17b2f8fb9dd68a873d936723ec6.jsonld","https://obis.org/dataset/c862cc27-2df1-452f-96b7-b338f5511489","identifiersha","2025-04-07 08:27:49+00:00"
"5f3be6548f334e2006ba5c7fa6b50fba36bc1fcd.jsonld","https://obis.org/dataset/41d36254-cdd2-4e1f-a847-2ec6c8201993","identifiersha","2025-04-07 08:28:30+00:00"
"5f486d0d452d117435d0f12ab591d6f72010eb34.jsonld","https://obis.org/dataset/e7ecd40e-311c-4cc6-800a-235dc8e31fd1","identifiersha","2025-04-07 08:27:36+00:00"
"5f500f469f59c030025733c80f9d114c4913f8ca.jsonld","https://obis.org/dataset/b91527ef-521d-4e8c-aeec-e554118a6618","identifiersha","2025-04-07 08:22:48+00:00"
"5f5c2f978a1f2e70c4980de89ae9b6b12efbdbe8.jsonld","https://obis.org/dataset/aeadcd8f-3876-485e-832b-ffc5cdd1fcfc","identifiersha","2025-04-07 08:25:58+00:00"
"5f5ca2c2c1c55b217d948344a9c9c455ebfa4044.jsonld","https://obis.org/dataset/7d11d7b9-c98e-4e18-b697-617b054ad5ce","identifiersha","2025-04-07 08:28:31+00:00"
"5f8a80fe3fcfe2056118d2b2a63ca04785f4eb34.jsonld","https://obis.org/dataset/49ae072f-d54d-4826-832b-12ef86f2c81e","identifiersha","2025-04-07 08:28:12+00:00"
"5f8e20a9f284477b28b8b371a5f9ea6581a26872.jsonld","https://obis.org/dataset/e70adc9f-c4f3-4685-a5f7-5ba8e4a6da14","identifiersha","2025-04-07 08:26:35+00:00"
"5fac8837303816c3176d31cfd942a81eb35ff645.jsonld","https://obis.org/dataset/f3316d34-fbbd-4c9a-9c1b-382a1d9877d3","identifiersha","2025-04-07 08:23:37+00:00"
"5ff016de55ea5d0d76c250217656cb8acbd3d742.jsonld","https://obis.org/dataset/34c50cbc-55f7-48aa-9974-45e973f74cff","identifiersha","2025-04-07 08:25:09+00:00"
"5ff30cd9107d9796591f0940d32acdaac4ba6ab4.jsonld","https://obis.org/dataset/4a058eda-7edc-400b-a5a2-49dc8c193412","identifiersha","2025-04-07 08:23:30+00:00"
"6000eecfa699551590d432e53ad70dad3e3b50af.jsonld","https://obis.org/dataset/667606f1-8da3-4d40-b3d5-f90e2eca251f","identifiersha","2025-04-07 08:23:36+00:00"
"6017a3bb73d34cbac3dc6f19fa68e1f7b96520b9.jsonld","https://obis.org/dataset/52f99f08-fc90-4684-aea8-a015150968ea","identifiersha","2025-04-07 08:22:45+00:00"
"601c4c4000c513433fa1e606ec0d0fc41e0f80f4.jsonld","https://obis.org/dataset/fbbc7cc3-54cc-4894-95d7-0974d7e34d6b","identifiersha","2025-04-07 08:23:26+00:00"
"601d1fbbc7de2ea29cb1bfe3aecedafa3b18279d.jsonld","https://obis.org/dataset/76c7fa0a-b609-401b-8883-95ccbc1dc84e","identifiersha","2025-04-07 08:27:47+00:00"
"6021d2ddd1305fd2fbd85289bf3c49458dec36cf.jsonld","https://obis.org/dataset/80f841cc-500f-44da-a205-899ed1b8fb01","identifiersha","2025-04-07 08:25:54+00:00"
"602e918ed29ae3caf407678bca0330f6b29108fb.jsonld","https://obis.org/dataset/7331b723-da84-496c-a6b9-2e413b51e464","identifiersha","2025-04-07 08:24:05+00:00"
"6038d219c74b8d13ce6138cd45bb5e03f051c297.jsonld","https://obis.org/dataset/7166db26-05a1-4ca7-832b-19af8260f32e","identifiersha","2025-04-07 08:22:52+00:00"
"603bbca1ee67b5da0a954a56030e66aaca1ba0b2.jsonld","https://obis.org/dataset/055979c2-93f2-4fb8-a497-45bb267521f2","identifiersha","2025-04-07 08:26:28+00:00"
"6055de906a7d354b1a113a82269ba658bb45765d.jsonld","https://obis.org/dataset/63b89c1d-5413-43a7-903d-93b510da3447","identifiersha","2025-04-07 08:23:41+00:00"
"60661c298d0aaa7f1132fea19a23e88a46502eb2.jsonld","https://obis.org/dataset/3ead891d-1958-423c-be3f-289d87219263","identifiersha","2025-04-07 08:25:43+00:00"
"60879fb81ae50bbd41552c5f8a44364f38d9af1e.jsonld","https://obis.org/dataset/5b2bbf34-6d39-4ee3-8513-5d054f681613","identifiersha","2025-04-07 08:28:15+00:00"
"609e6b6ef8ae5adf08ede43401334f8d84a0899a.jsonld","https://obis.org/dataset/8c65364c-8676-437a-a707-d0835d9ff1be","identifiersha","2025-04-07 08:23:37+00:00"
"60bb06119d20dd2e384a1bb5a9bb1851de4c0753.jsonld","https://obis.org/dataset/bf78a780-0a48-45d6-af11-cf52b7b6ec5f","identifiersha","2025-04-07 08:22:29+00:00"
"60c3dec9e62ce926a61134ac8a4517881627c958.jsonld","https://obis.org/dataset/bf8259cd-0738-4d2b-9f87-8c7ba8603587","identifiersha","2025-04-07 08:22:45+00:00"
"60cf78da3d89fde635cdbf62213935bbfc51a872.jsonld","https://obis.org/dataset/00032856-12cd-46ff-b9d5-ddeaecae3c95","identifiersha","2025-04-07 08:23:11+00:00"
"60d5fdd0c570d14c2699bcb0da18ce175a67ebcb.jsonld","https://obis.org/dataset/a9624ba0-d7cc-4e60-bfd9-ce40817fdbc6","identifiersha","2025-04-07 08:24:51+00:00"
"60dc095ae750e4476ce4f92eaa84353697f5c046.jsonld","https://obis.org/dataset/140dcbab-d94c-48d5-94aa-221190cfbbb9","identifiersha","2025-04-07 08:24:59+00:00"
"611ef347d589b71027f4b223ffd5b6b6447df42d.jsonld","https://obis.org/dataset/af8f2254-138c-4e46-b0ef-79394ce2095f","identifiersha","2025-04-07 08:24:28+00:00"
"612d1c4cd9f0c4a737c51dc227ac13799e09f710.jsonld","https://obis.org/dataset/ac30f88b-7d4d-4f3c-8204-ac362dc0feb5","identifiersha","2025-04-07 08:24:38+00:00"
"612f22da1de3cf5cdace09aa19d68b27d5b7e297.jsonld","https://obis.org/dataset/4b394534-8a6b-4bdb-bf1b-f07f983f9e37","identifiersha","2025-04-07 08:25:56+00:00"
"6136a29f2fd61569ee502c9dd2ce28d3e81e0a98.jsonld","https://obis.org/dataset/38dd8486-7334-4224-bbaf-4facae11e64f","identifiersha","2025-04-07 08:27:39+00:00"
"613795266bdc3c6e707c958bd7a580ca9173e536.jsonld","https://obis.org/dataset/ac30d841-5e85-433d-a640-1e7482723cc0","identifiersha","2025-04-07 08:22:49+00:00"
"614bb3d08e7cd3d6506c2995c2ea7e9b5e64d5fd.jsonld","https://obis.org/dataset/3e3119d8-b834-4ecf-bcfd-38af1c09f275","identifiersha","2025-04-07 08:28:01+00:00"
"615f0d2474013146fedb36ef79346e0053f04e0d.jsonld","https://obis.org/dataset/9adf0dcf-18b6-45f2-b775-811805907a21","identifiersha","2025-04-07 08:28:06+00:00"
"617781207942b7d09fd88f0245916b85b05e4065.jsonld","https://obis.org/dataset/208fd29c-f159-425c-9bf4-dbcaa7b6d74c","identifiersha","2025-04-07 08:25:27+00:00"
"617a0d68b5e4dfae5be9d785cc100f15a3e7f754.jsonld","https://obis.org/dataset/4f4ab916-8e30-4161-8720-6a2c6c43f5dd","identifiersha","2025-04-07 08:26:55+00:00"
"61b7ffb10d19e200f253e34f4d138a7343d5e9c3.jsonld","https://obis.org/dataset/e4f384b7-a592-4a7c-8b0e-fd6b6ba10109","identifiersha","2025-04-07 08:28:18+00:00"
"61bf97894d1cb31d0b9be2fe66f9100c96948b5a.jsonld","https://obis.org/dataset/26443a25-30e4-4189-a8e3-b982fd14a866","identifiersha","2025-04-07 08:28:24+00:00"
"61cbab22b5edf5a626dd8fb7e695a7748d38aaf8.jsonld","https://obis.org/dataset/dee5dc22-095b-4669-bbc4-8fc67ad2648b","identifiersha","2025-04-07 08:25:51+00:00"
"61d4b394531238fcb490e8f688d42ea72d925494.jsonld","https://obis.org/dataset/3b1da04e-7b8d-4080-ba17-d29909d6d95b","identifiersha","2025-04-07 08:22:36+00:00"
"61d6809444d823e46ef921a315a38dc9f3f18df1.jsonld","https://obis.org/dataset/860689dd-8ea2-4df9-b7e4-c91d8ee49231","identifiersha","2025-04-07 08:26:36+00:00"
"61d7d18b0d0002ee11655e5112dc9e342a09be99.jsonld","https://obis.org/dataset/38aad8a2-66bf-47eb-ab6c-b5185534f7a1","identifiersha","2025-04-07 08:27:39+00:00"
"61e6506700569bf9bd567ea71f922bd101290880.jsonld","https://obis.org/dataset/779199d7-d691-41e5-aa38-4acd4e8098f6","identifiersha","2025-04-07 08:25:14+00:00"
"6200718612c4ab0a04fe8455bd9fb9312867f527.jsonld","https://obis.org/dataset/fd4a002f-3972-46fc-9e16-8d2c14110e50","identifiersha","2025-04-07 08:24:36+00:00"
"621d79579be53992ea62dfdd37a7729bb0d7331e.jsonld","https://obis.org/dataset/42334eea-fbf8-4b1e-9e62-85008bcc3bf6","identifiersha","2025-04-07 08:23:02+00:00"
"622c72447e2460bb6ec5f0c69bd89fdd5a50faca.jsonld","https://obis.org/dataset/bf496057-5891-4bc4-88e1-f20c18032fe7","identifiersha","2025-04-07 08:27:28+00:00"
"6231153e495efb1667fa20cf7d5efccd9dc773ba.jsonld","https://obis.org/dataset/1de8b1fe-8847-4e4f-9140-cfa6dab91e4c","identifiersha","2025-04-07 08:25:41+00:00"
"623b4a0d2c3b628de7a70e9e84bd7c7b13a6be69.jsonld","https://obis.org/dataset/a951be55-4e8f-4551-9892-2c4879c6265a","identifiersha","2025-04-07 08:23:51+00:00"
"625dcdc1546e67658579b766cdc401bbad79dcba.jsonld","https://obis.org/dataset/6126d698-3e12-4f10-8b05-65122298d02e","identifiersha","2025-04-07 08:23:29+00:00"
"626995882ffc1a28a727695cefd17c429a13bd7b.jsonld","https://obis.org/dataset/a48b7c69-3182-4b46-ac83-802dea079762","identifiersha","2025-04-07 08:22:40+00:00"
"628d91425e284655db5abd063fe3c13eeee0fbbb.jsonld","https://obis.org/dataset/21173daf-6667-484a-b685-00d0ba72163a","identifiersha","2025-04-07 08:25:22+00:00"
"629302ffd204f0f042de0a875be600c9e97a1be0.jsonld","https://obis.org/dataset/05d3a928-d9de-4855-ac9c-137d12d3a3cb","identifiersha","2025-04-07 08:22:35+00:00"
"629b88cb73d8c42b07faeab32c199de86c03600d.jsonld","https://obis.org/dataset/d4c39034-1737-4833-b5c8-71de96d06f84","identifiersha","2025-04-07 08:24:51+00:00"
"629bb1494a3658de9d1f91a73afe7ade5bb0266d.jsonld","https://obis.org/dataset/73195855-408b-4562-8349-c5774fd4fa2f","identifiersha","2025-04-07 08:27:57+00:00"
"62a0269f1e10f9bdd98697a81a1f03a04a03216c.jsonld","https://obis.org/dataset/88d5c457-b5e3-47d8-92c6-caea8e0ac67b","identifiersha","2025-04-07 08:24:17+00:00"
"62ba023094a1c9a0dbc5435be431fc701a7c39f5.jsonld","https://obis.org/dataset/31677373-22f8-4688-940b-9921d4595bee","identifiersha","2025-04-07 08:22:34+00:00"
"62d787ab3d378916034fdc3ca1b09fe7c6bca95f.jsonld","https://obis.org/dataset/6111dc7b-5413-494a-9f15-34328dc134bb","identifiersha","2025-04-07 08:27:08+00:00"
"62e283b65fad761472e27e9d7403e2936a8e2a12.jsonld","https://obis.org/dataset/4d02cc6d-a5b1-415c-b215-ce220ec4ccea","identifiersha","2025-04-07 08:28:17+00:00"
"62e2acc29d0016d9c1a3c973b3c00ad20f055418.jsonld","https://obis.org/dataset/57ac5043-f20d-49d4-b069-32ad26023b0d","identifiersha","2025-04-07 08:27:12+00:00"
"62e34394296c551f2780ba42384d90dcbbcb92e0.jsonld","https://obis.org/dataset/160c06c1-853d-4016-82c4-a063621e05ec","identifiersha","2025-04-07 08:26:10+00:00"
"62e92051e99ab80533fa016e2374a770d4630cb9.jsonld","https://obis.org/dataset/d251cb06-8be1-4463-a97e-574b5eca43b0","identifiersha","2025-04-07 08:25:56+00:00"
"62fc4ad3eba006d5a895fd5bde34a9ca5dc44e93.jsonld","https://obis.org/dataset/19ae0b90-d0ef-426d-9918-89160ca2abaa","identifiersha","2025-04-07 08:25:27+00:00"
"6319a3e05d6601f33b423e8b347a72163bd0fd83.jsonld","https://obis.org/dataset/b87de512-e9ce-4599-880a-1f3af29584f8","identifiersha","2025-04-07 08:25:37+00:00"
"632ab2186878f54bf02dc460bcd642a7c27e5f66.jsonld","https://obis.org/dataset/162aa046-c8c0-46b8-8600-23fd93a0acc0","identifiersha","2025-04-07 08:25:26+00:00"
"6336c2a4278ffd990cb8746e67cb8a817fd6c6b5.jsonld","https://obis.org/dataset/821a5196-910d-4a48-9479-de456e34e2ac","identifiersha","2025-04-07 08:24:34+00:00"
"63444715946070850c78d98d75cd7d7c446b7557.jsonld","https://obis.org/dataset/f1cc24f4-7afa-49de-ab9f-0518483a6167","identifiersha","2025-04-07 08:23:55+00:00"
"634913fdfd7af301a6f558bff8f7980ed1425227.jsonld","https://obis.org/dataset/379ee987-c496-4246-8f77-62e53668f7ad","identifiersha","2025-04-07 08:23:16+00:00"
"6349b751fd1eaf70bf7b549b65ca7500cc4b194e.jsonld","https://obis.org/dataset/079c4d0e-48e7-401d-a137-23a6cba0addd","identifiersha","2025-04-07 08:24:31+00:00"
"634b975f4ccb38ec13b8030b3bf2dd8499577d4c.jsonld","https://obis.org/dataset/d7ec6211-6442-4822-9de2-db541c0098de","identifiersha","2025-04-07 08:28:15+00:00"
"6350b272d5f3c31adee8ea7e000ceddbda121185.jsonld","https://obis.org/dataset/ae75d50b-5b18-44f2-85ff-17879a7f3f5a","identifiersha","2025-04-07 08:26:28+00:00"
"6353c2cb4405520f169f83aa7de91aeab750bfc8.jsonld","https://obis.org/dataset/38bf88fd-48e5-47a3-b508-f9aa06d3104d","identifiersha","2025-04-07 08:25:53+00:00"
"635dcf9f116e7cc0607d3cb160f5f66a877ac931.jsonld","https://obis.org/dataset/4511bbb4-1db5-482f-b744-f5b4dded70fa","identifiersha","2025-04-07 08:25:53+00:00"
"6361ffd79816016b698d1763890c81b1b6948107.jsonld","https://obis.org/dataset/d92dd32b-8f8b-45c6-880f-326d92278c0d","identifiersha","2025-04-07 08:27:45+00:00"
"63687ea4e2b1464ab5c1f4628e6fee4e2536f8ea.jsonld","https://obis.org/dataset/81cdec15-c098-4e1d-8225-3b07b81f011f","identifiersha","2025-04-07 08:23:54+00:00"
"63697d8ed0dbef8c21496b61a960c2b9136b8218.jsonld","https://obis.org/dataset/82704bf7-becc-4148-b58a-176f553ae660","identifiersha","2025-04-07 08:27:53+00:00"
"6372097084ebb249609b491804e23aadc289d430.jsonld","https://obis.org/dataset/5524e159-11e3-43ad-a142-4071cb86fb5d","identifiersha","2025-04-07 08:24:10+00:00"
"637b999b6a73ad4351dc19ca623306f678e6e3a7.jsonld","https://obis.org/dataset/3410f695-4bbb-40c3-82e9-1991c30d4d6d","identifiersha","2025-04-07 08:23:09+00:00"
"637dd5b3700d46249835712cdfb7653c65268ee9.jsonld","https://obis.org/dataset/b7003bf3-50e8-417e-a3f0-95c8417d14c7","identifiersha","2025-04-07 08:26:47+00:00"
"639b193f75c1b2ce87bb8ffa0904bdb5694bb8df.jsonld","https://obis.org/dataset/6290b92c-5167-4b59-9b4a-9c5ed0df9a35","identifiersha","2025-04-07 08:27:50+00:00"
"63afb1a2679b3c57ede39074dfd92db7150f6986.jsonld","https://obis.org/dataset/d3feb3bf-b230-4c45-9031-091b7c432238","identifiersha","2025-04-07 08:26:48+00:00"
"63bf84432568ae2596b7f683ae5f91bbb3fb4420.jsonld","https://obis.org/dataset/ee975652-147c-47a1-bfc1-052aaa11a60e","identifiersha","2025-04-07 08:28:24+00:00"
"63c9c394f3d5d4318aaf6484ed93bd1841ea3af5.jsonld","https://obis.org/dataset/0621b177-d923-4adc-8ee5-113cf8902eb0","identifiersha","2025-04-07 08:24:43+00:00"
"63cf1b2ac4512cbe8d1849c8775a3311ecd22824.jsonld","https://obis.org/dataset/136ed188-9e93-4db5-9471-d5d4d58e0183","identifiersha","2025-04-07 08:28:22+00:00"
"63d96a8f4bfec411ee69c89b0d7f562840c6ede2.jsonld","https://obis.org/dataset/d01ca3e3-0004-4113-a4b1-74409e4e82fc","identifiersha","2025-04-07 08:25:24+00:00"
"63e11fc644ed5a18e0e3bbf03e14c99affd8975e.jsonld","https://obis.org/dataset/85e8931e-4bbb-4c6f-98b2-2261080c3ddf","identifiersha","2025-04-07 08:28:18+00:00"
"64095d587e49d3d1cff735bb7cd78dcd3080f2ad.jsonld","https://obis.org/dataset/c0b6c8f2-19f6-4a65-9acc-b84337f17058","identifiersha","2025-04-07 08:22:42+00:00"
"640a418e1fccf0fd1a40b18ffe128d3d1edd925e.jsonld","https://obis.org/dataset/df5b766e-d7a3-400e-944e-444289f54a62","identifiersha","2025-04-07 08:22:54+00:00"
"640b290aa53cf319b1e9729b29cdc91681198c74.jsonld","https://obis.org/dataset/13ff4ab7-0427-4a2f-8d9e-ed89f65d5120","identifiersha","2025-04-07 08:26:29+00:00"
"64268004a13cb8551029a183c4661b0f0c298b26.jsonld","https://obis.org/dataset/19731138-8d42-44df-a06a-d99919ffb620","identifiersha","2025-04-07 08:23:48+00:00"
"642f554ddd2bec125c4f0f99b2edb590923771d0.jsonld","https://obis.org/dataset/7c421e2b-f1ff-46fa-9e75-a648a6de1406","identifiersha","2025-04-07 08:23:32+00:00"
"6437609a87af62014b5c90566d05deaeada44253.jsonld","https://obis.org/dataset/33edf19e-249d-4d20-993b-7c7f34e7bace","identifiersha","2025-04-07 08:23:07+00:00"
"6441216bf15e214856d3c6ea64ec8ce7278ec886.jsonld","https://obis.org/dataset/51122f08-680a-48a4-9c4f-77033e5e9532","identifiersha","2025-04-07 08:23:11+00:00"
"6445e8a1e227931554cc0aa77dd847b42cf1985b.jsonld","https://obis.org/dataset/7a571da5-07d4-493f-a695-b9d0291dba1a","identifiersha","2025-04-07 08:24:41+00:00"
"6446a8c9eaf3396090fa9eb0516b185649be9557.jsonld","https://obis.org/dataset/284af94c-a92e-4ccd-8578-3295992a1123","identifiersha","2025-04-07 08:23:36+00:00"
"64472cfba7ac908e86aed53f8a25a93169e83c3f.jsonld","https://obis.org/dataset/39cfbe39-0dd1-4ace-9107-2917097e861a","identifiersha","2025-04-07 08:27:11+00:00"
"645bcbe1733ff59aeec15773e288a2132175033f.jsonld","https://obis.org/dataset/30caf9b2-aac7-446c-bb4d-0b45115da0ed","identifiersha","2025-04-07 08:24:17+00:00"
"645f24e394b7e750f62fe52ba9be0dbf225bcf57.jsonld","https://obis.org/dataset/8e5f7422-20e7-484b-8f65-038ed608d377","identifiersha","2025-04-07 08:28:33+00:00"
"647bf065fcc51c06f7b6542dae60a37d56a4237f.jsonld","https://obis.org/dataset/57f47b43-dcf8-4c23-a56b-719cec84f8f3","identifiersha","2025-04-07 08:23:08+00:00"
"64822da71b9df9ce70bf0ee33b003ba4ded52dcb.jsonld","https://obis.org/dataset/c3d0a4ec-22a2-48bd-81e8-762d260bd273","identifiersha","2025-04-07 08:28:15+00:00"
"64adcb6d9bdd503bb43816adb01f0bd02b5aa1a2.jsonld","https://obis.org/dataset/4b268c92-9b4f-408e-b1bd-70dc45b0edf2","identifiersha","2025-04-07 08:26:24+00:00"
"64afb8731edda94fa05f5d375b09bd3a9466d813.jsonld","https://obis.org/dataset/2cad5558-adfe-48b8-806f-318d2ae20517","identifiersha","2025-04-07 08:23:15+00:00"
"64c251ea8fe59c61d4441808f23c9e120b5fb343.jsonld","https://obis.org/dataset/e3c359b0-ac7f-4360-a788-6e19e286d155","identifiersha","2025-04-07 08:27:20+00:00"
"64d2f26b6cb1c70181ed5191e92951c64e62acac.jsonld","https://obis.org/dataset/3bdc91b7-35a8-4e7f-9707-5a5b86ae88f9","identifiersha","2025-04-07 08:24:40+00:00"
"64d8a775d19848dd5a362ce3d02e8f7e68333414.jsonld","https://obis.org/dataset/47d6cc38-cc22-438d-a1bd-c63202d85290","identifiersha","2025-04-07 08:23:35+00:00"
"64dbe85e6fb85f302a84d9344d6c8ecbd59bc912.jsonld","https://obis.org/dataset/179bf430-816f-4ea4-bb0e-f57505fac607","identifiersha","2025-04-07 08:23:48+00:00"
"64e0ac631847e3531412a180eae2dafdc1c0a585.jsonld","https://obis.org/dataset/c8789d12-1285-4e6c-9e5d-fedbed348e36","identifiersha","2025-04-07 08:27:36+00:00"
"64e6ad9f277a9c7c5571ed331c20364f6b31ed3f.jsonld","https://obis.org/dataset/8f6a5d05-71f0-45c3-8a3b-679b581f91fa","identifiersha","2025-04-07 08:27:53+00:00"
"64f7840a85e6adb13886dc46d8c1bf32d6a68305.jsonld","https://obis.org/dataset/5f4a2f3a-1b25-4485-aa82-712c9562f673","identifiersha","2025-04-07 08:25:08+00:00"
"64fd096d2b8ec46d3e849baf6371a362119c9b32.jsonld","https://obis.org/dataset/efe02bea-8a90-48f2-bb6b-d65141295d1d","identifiersha","2025-04-07 08:25:49+00:00"
"65018aedf8b22ef0b7d885e5d026921816476369.jsonld","https://obis.org/dataset/acb3f792-0f33-42e1-a2a8-28eb681e8cdb","identifiersha","2025-04-07 08:23:28+00:00"
"65018e9be9eeb4c6d23b7e9da5c8396281926eae.jsonld","https://obis.org/dataset/4fd52bef-1d35-4e06-8281-7213b6dde690","identifiersha","2025-04-07 08:24:12+00:00"
"650214aff83af697a04dfbec8ce8ceb704780a9b.jsonld","https://obis.org/dataset/fb192b5a-fe32-48b0-90e2-b89f7a22e6b1","identifiersha","2025-04-07 08:27:54+00:00"
"650b5ce600bd973e64bf032b7d39dfcd61d20e69.jsonld","https://obis.org/dataset/8805f80f-9635-4020-9736-9317b7c4fb27","identifiersha","2025-04-07 08:28:36+00:00"
"6513e4ceb270591ce92da96933d1decc4b5a3536.jsonld","https://obis.org/dataset/a3068a7b-25c4-4e43-94dd-e20907e9d6f4","identifiersha","2025-04-07 08:25:50+00:00"
"653181cd8ce0b111d99af42b3f96f83347c99363.jsonld","https://obis.org/dataset/089ef71a-b32c-4e35-8c74-79cde58dbfff","identifiersha","2025-04-07 08:22:56+00:00"
"653b2410f39b8237fedaca47ae46c5e27ab9f421.jsonld","https://obis.org/dataset/16e83922-555b-47bf-8c67-1171dec70b77","identifiersha","2025-03-24 00:42:55+00:00"
"654f186fce93fa554e8005f818d20deeef4fe855.jsonld","https://obis.org/dataset/6230e41e-42e6-4bc1-91f8-eae2a7877389","identifiersha","2025-04-07 08:25:59+00:00"
"65505eb533acad1fc226694f95b64d02a3357330.jsonld","https://obis.org/dataset/fb5e8ac4-ae03-446a-b909-452b71041a3f","identifiersha","2025-04-07 08:24:46+00:00"
"6551f11a2c7b796e6f25e0b72e5292c148b06dd9.jsonld","https://obis.org/dataset/3c310763-cce7-499c-8bec-4ae728283da7","identifiersha","2025-04-07 08:24:13+00:00"
"655501867c69f4dd9d68645282491af4bca2cac0.jsonld","https://obis.org/dataset/b0b632f2-2ac0-4595-b9c6-a11833a655ce","identifiersha","2025-04-07 08:25:08+00:00"
"657133de601369133733c806d8d2665fa5b173d6.jsonld","https://obis.org/dataset/e39be6ef-3c91-4e97-baee-2b23ea59808e","identifiersha","2025-04-07 08:25:46+00:00"
"65714225ced1b6bca9cb416b76880f6b526d0054.jsonld","https://obis.org/dataset/54dcf3b7-2b41-4646-be0c-3a8c8b810280","identifiersha","2025-04-07 08:28:16+00:00"
"6572ff835330673efbec8f1d618ea36d42849d39.jsonld","https://obis.org/dataset/d6dc7351-aae6-4ed1-8f75-5b81e356408a","identifiersha","2025-04-07 08:23:06+00:00"
"657ff63bd0d2c491a25ad8da899375d909289cad.jsonld","https://obis.org/dataset/5ec2b358-fb82-4e1e-9813-212ba0e79d40","identifiersha","2025-04-07 08:24:19+00:00"
"6582dfa22ecaa9f8258312b5679717f349e70cd4.jsonld","https://obis.org/dataset/199ecfcf-03ba-44b6-9cea-f7d4030dac75","identifiersha","2025-04-07 08:28:06+00:00"
"658cc6aa916489c6383c4fa4ff2e539763dc020d.jsonld","https://obis.org/dataset/c29f206f-9fd5-451c-b534-251c6238e7bb","identifiersha","2025-04-07 08:24:58+00:00"
"658e7488767f90d37a26d981717f0168d2756e63.jsonld","https://obis.org/dataset/a5a59bfa-44a1-49cd-bde3-c7d21e923de2","identifiersha","2025-04-07 08:25:26+00:00"
"65926f37736bd0d078938b6f1ae1ab97e53b5855.jsonld","https://obis.org/dataset/c04414fb-9ac0-42d2-be21-f0754f416e04","identifiersha","2025-04-07 08:23:13+00:00"
"6592bf839a9c274f3f0c1088cdff0b6a162031d0.jsonld","https://obis.org/dataset/dea7cdb3-9240-4aa1-849e-a4cfc5841fd1","identifiersha","2025-04-07 08:25:07+00:00"
"659a9d601ce31bdd14a8fdcaa80a52ede27d7f8e.jsonld","https://obis.org/dataset/264ddb8b-4077-496c-9c7c-221bdd2a2206","identifiersha","2025-04-07 08:27:47+00:00"
"659ff72b315c74d15d63e3f24636773d603da9bd.jsonld","https://obis.org/dataset/9c2d6787-245d-4661-b052-c14bccfe1c1b","identifiersha","2025-04-07 08:22:28+00:00"
"65a3d3ceb040dc0305599302a0290b3a14388f3c.jsonld","https://obis.org/dataset/84f99d1a-1c3d-4f69-adbd-0b4037092256","identifiersha","2025-04-07 08:26:07+00:00"
"65a468a57bc12ac8750742eeb5262e33750f2867.jsonld","https://obis.org/dataset/a90912f8-33de-4725-8047-38f3202e39bc","identifiersha","2025-04-07 08:26:06+00:00"
"65c9a7e36ff7db4171b53e835e6a5c62c8f8c35a.jsonld","https://obis.org/dataset/e973318d-481e-4e3b-8f00-d5c1fb4f3996","identifiersha","2025-04-07 08:25:34+00:00"
"65f005a283624d60cd717e68c42fdb7448c9036a.jsonld","https://obis.org/dataset/fe29eaa5-9dd4-4eb2-be36-6c567f5c691c","identifiersha","2025-04-07 08:27:53+00:00"
"65f1a6487af8afc5a6cfc6c6e9ae50e6828f4fd7.jsonld","https://obis.org/dataset/8cb3a754-1d96-4b48-87f2-05468b9b3aae","identifiersha","2025-04-07 08:23:42+00:00"
"65f867fda1f6e89bdc1c3fe577ea74ae41a9e417.jsonld","https://obis.org/dataset/3f871238-07df-4757-a790-aeb866ba9eed","identifiersha","2025-04-07 08:24:11+00:00"
"660c136620d416458b97f9b63259682702306963.jsonld","https://obis.org/dataset/7c9c7764-0ad1-41fc-b298-de0085edb273","identifiersha","2025-04-07 08:28:24+00:00"
"6618d7f168292b684e651845936de6f78ae2b166.jsonld","https://obis.org/dataset/7a950cb1-88cc-4401-9368-1495e64586ff","identifiersha","2025-04-07 08:24:05+00:00"
"662a2792fe2e9f5893cad645f29483f46aa220b4.jsonld","https://obis.org/dataset/837dff49-b281-4d12-a2b0-042095ff2945","identifiersha","2025-04-07 08:22:57+00:00"
"6641bec79e4feab7c5314a98cef14761b5514449.jsonld","https://obis.org/dataset/6501a522-3346-45b4-9e54-21f33ccf8bd3","identifiersha","2025-04-07 08:26:08+00:00"
"664628e402e4e56c544e879e1aba5221305b5845.jsonld","https://obis.org/dataset/753c168c-ba53-4ad0-a5ce-4649fdfc434c","identifiersha","2025-04-07 08:26:46+00:00"
"6648566dfa7bb8653f1861ea02b6c0a1ce56fadf.jsonld","https://obis.org/dataset/3e670081-f1cb-44f3-8796-cbed43ccab50","identifiersha","2025-04-07 08:28:23+00:00"
"667ff8545d651ea4649df2f0617193d619a2bf43.jsonld","https://obis.org/dataset/49d9d972-20d2-414f-af86-674bf34f686a","identifiersha","2025-04-07 08:28:16+00:00"
"668c242040d7178dd8baca2b346e03921a4bdf34.jsonld","https://obis.org/dataset/18693a3f-7b0b-4e49-8f3d-9d8dbe38cefe","identifiersha","2025-04-07 08:23:23+00:00"
"66965212ca3a55b981dca6678151557ad4b1777b.jsonld","https://obis.org/dataset/d4ec17b8-fc96-49b9-b7b0-fcdcb588eb9c","identifiersha","2025-04-07 08:24:22+00:00"
"66ad9a18912341ff14fda623880d6a37401ac69d.jsonld","https://obis.org/dataset/57847bae-4603-442e-84af-37a94da963de","identifiersha","2025-04-07 08:27:42+00:00"
"66b7320f8332aeeafde1ce5023a3dea72ea3adec.jsonld","https://obis.org/dataset/accd827e-e428-4262-b289-be8064e0434d","identifiersha","2025-04-07 08:25:01+00:00"
"66e036c53b0e3fb25f38b5968c3897d2199e8804.jsonld","https://obis.org/dataset/2ce7a63b-bc35-40ce-9677-b4d1b681eb3e","identifiersha","2025-04-07 08:25:28+00:00"
"66f3c9595b631821d6b1cc3541ec23b0cabbf36c.jsonld","https://obis.org/dataset/d7db88c1-6dd1-4dbc-ba5b-14067e91652e","identifiersha","2025-04-07 08:24:51+00:00"
"66f851bc3d45186d3b018c43575c0283befbc9dc.jsonld","https://obis.org/dataset/b4267a99-85f8-4e1e-9fea-fbc4ed5b797b","identifiersha","2025-04-07 08:26:57+00:00"
"6711aec48f290275e32dfddb08b18b6a03bc49b3.jsonld","https://obis.org/dataset/e65c5f32-f277-44fd-a441-f4ba1801e874","identifiersha","2025-04-07 08:27:31+00:00"
"6712912f67f976524ec969f56346e79362c63c45.jsonld","https://obis.org/dataset/6ff78b05-3413-4626-a0d1-d36e75e2b2d3","identifiersha","2025-04-07 08:24:02+00:00"
"6726812e97c632e8949f2b3da81b26c6e906852d.jsonld","https://obis.org/dataset/0a8c4960-bde1-482f-9245-df5a9fb3488c","identifiersha","2025-03-24 00:40:37+00:00"
"6727a93eb78d2f7c52a2ceb6f686603475a56f95.jsonld","https://obis.org/dataset/2ff91d0d-099d-49f0-b5e1-6458a7bea12e","identifiersha","2025-04-07 08:27:34+00:00"
"674a57e110eaa81e28ef90360ab28be466eb3ad7.jsonld","https://obis.org/dataset/e7725a54-a90d-4c2a-84da-4bf3b7574e76","identifiersha","2025-04-07 08:24:13+00:00"
"675681fb9b3b05df679557a3a9f579c898c3f154.jsonld","https://obis.org/dataset/d64173ae-7a20-4d60-8afb-aecbb125db40","identifiersha","2025-04-07 08:28:36+00:00"
"6756aabe94472b216816425df9db820d05cea148.jsonld","https://obis.org/dataset/aa9787d6-c4db-4fde-8e82-a6234de09e47","identifiersha","2025-04-07 08:23:49+00:00"
"675935fb4dc9351122ea08fea14d39f54e62a30a.jsonld","https://obis.org/dataset/7cd87ad7-b7fb-45f5-b7b9-5c6d4187067a","identifiersha","2025-04-07 08:25:53+00:00"
"675ed9a145bdf37f045ae3e42199efc9a5faad00.jsonld","https://obis.org/dataset/4f3ea0e0-3b75-4062-8199-318df5164d4c","identifiersha","2025-04-07 08:27:47+00:00"
"67832544ee6293042ff4f7915c5a339b3e641c6f.jsonld","https://obis.org/dataset/19eb4e99-55bc-41a1-a6aa-42a16838c230","identifiersha","2025-04-07 08:25:34+00:00"
"6784979bbaa52bc771939feafd01212035423cad.jsonld","https://obis.org/dataset/7a6fdadd-0ac3-4ef8-a80b-362526de8229","identifiersha","2025-04-07 08:24:26+00:00"
"6786064e24ea2ff5a01de21a4c11523b07b6f9ef.jsonld","https://obis.org/dataset/e84dfa50-8642-48df-b691-806debdc44e4","identifiersha","2025-04-07 08:27:14+00:00"
"67a3390f3b05406a6bdff5b0b8b91d363954aaac.jsonld","https://obis.org/dataset/615897dc-a685-4335-a581-7e30adeae07f","identifiersha","2025-04-07 08:22:32+00:00"
"67a70b0410ee9aff78a4385c1273b98c0f6025b2.jsonld","https://obis.org/dataset/e93abd3f-5e87-42d7-af73-69fcb741973d","identifiersha","2025-04-07 08:25:30+00:00"
"67a8df7a329d6ddb7b2fc8fe76308406e62a75c9.jsonld","https://obis.org/dataset/7a6e73ff-eeea-449e-95fd-d15e269b230e","identifiersha","2025-03-24 00:42:08+00:00"
"67aabc2a1cbe512ce679a7e9d0545c63b014d38a.jsonld","https://obis.org/dataset/c4a81301-45ad-44df-84fc-e1fe586873ca","identifiersha","2025-04-07 08:28:21+00:00"
"67b09674c41c2721a7799450919cac57b4c6e615.jsonld","https://obis.org/dataset/93b03ec6-f235-496d-99c5-214d45a09dd1","identifiersha","2025-03-24 00:37:58+00:00"
"67b0be83169c5fdbc346f44bb0cecc7e49a1b77c.jsonld","https://obis.org/dataset/547594d3-8bb3-46de-ba09-1e1f0ed6d629","identifiersha","2025-04-07 08:26:25+00:00"
"67b5e6b490c45e0a76c9b5f11574cd680d0f3403.jsonld","https://obis.org/dataset/7e86d210-be4f-4c21-81c5-b611b3906e1a","identifiersha","2025-04-07 08:24:26+00:00"
"67d00c3e1572c7ed8eaa3f46f683547779df0630.jsonld","https://obis.org/dataset/ea7aa724-8b61-46be-a1c3-bd3387d15907","identifiersha","2025-04-07 08:27:33+00:00"
"67e3e53bd90211b04d3ea68a8ebcb3c2e6de3415.jsonld","https://obis.org/dataset/b32f881e-71c1-4b93-9263-54c28f2a4114","identifiersha","2025-04-07 08:25:50+00:00"
"67ed4b5d100f5e97a7595a9647f0b96be8aa3581.jsonld","https://obis.org/dataset/e3009de8-2817-49b9-96fc-4e4cf2e76e24","identifiersha","2025-04-07 08:23:52+00:00"
"67f79c220dcec4ce76175c622e78835cde9b1abf.jsonld","https://obis.org/dataset/7b77d39e-8afb-4885-b224-3a1cccd7c4ba","identifiersha","2025-04-07 08:27:08+00:00"
"67fea5fe06debd1771a60cf31cea26ffbf4ab2fe.jsonld","https://obis.org/dataset/a79f365f-e0ad-4fbc-8396-0c5998776423","identifiersha","2025-03-24 00:43:10+00:00"
"6806f8319c53bcd488b309d5586147cd11dfe337.jsonld","https://obis.org/dataset/59908045-b6e9-4411-b12b-bd320411965b","identifiersha","2025-04-07 08:24:34+00:00"
"6816da0fcc50ce52ef00edc6bcf89f5b9ae97048.jsonld","https://obis.org/dataset/01f7b0b2-2d05-4ed3-8aef-dc6d0ac40388","identifiersha","2025-04-07 08:27:13+00:00"
"682b52ff4b52a3c5a3d59f1265d38cec2addf209.jsonld","https://obis.org/dataset/9d11eb9f-3f83-44a0-8894-a9adf3bb0761","identifiersha","2025-04-07 08:24:48+00:00"
"684b48277a7c6c5898350b0ce76ec8214f00792e.jsonld","https://obis.org/dataset/25a2facf-bbfa-4b3a-b350-a9c2dc3edc3e","identifiersha","2025-04-07 08:23:32+00:00"
"684daa244508c702ffcf3b9cc554a8ef27ce323e.jsonld","https://obis.org/dataset/473e9343-66e6-43e3-9e16-b56817578a71","identifiersha","2025-04-07 08:22:30+00:00"
"68501af649b24f7a6298ea34b195ccc6b3925cdf.jsonld","https://obis.org/dataset/fb95db94-00d8-4068-a100-f5596c8db6ef","identifiersha","2025-04-07 08:24:44+00:00"
"685eebaebced0a7d00183c2d8b0dc336e311e9de.jsonld","https://obis.org/dataset/607ec4a0-f6b0-4958-899c-010c1463cd97","identifiersha","2025-04-07 08:27:30+00:00"
"686652314627a94d1afd08b062e22b2324885776.jsonld","https://obis.org/dataset/64f3e2d5-9e2c-4e18-ad50-3847d62152db","identifiersha","2025-04-07 08:25:11+00:00"
"6875543cd139daacff89bf991d13d6e5da033b38.jsonld","https://obis.org/dataset/c4ff4277-85f4-4927-bed0-2eb5abd863af","identifiersha","2025-04-07 08:23:43+00:00"
"687c4588018137865b861eb2c7058e78f12acba3.jsonld","https://obis.org/dataset/b38c4645-c526-4683-b39d-c053a6730305","identifiersha","2025-04-07 08:25:24+00:00"
"68b1c46df2e353a8bfececc08afc20e82925e4c3.jsonld","https://obis.org/dataset/d7d2f70c-d8fb-4113-abdd-cce1753760ad","identifiersha","2025-04-07 08:24:43+00:00"
"68d4cc7086ad16ab94657f0e12bc9a0466316207.jsonld","https://obis.org/dataset/2b6cc735-4302-4372-b88f-7a1129bfb662","identifiersha","2025-04-07 08:27:31+00:00"
"68e0479c13940423614ab754ab38feca378d145c.jsonld","https://obis.org/dataset/865b16a2-ac9d-4919-95d1-c062ae84823a","identifiersha","2025-04-07 08:27:36+00:00"
"68fd318480a458da7607e946720d3ee0048d74b7.jsonld","https://obis.org/dataset/179bb52b-50bb-420d-bf55-6d5e22d47db8","identifiersha","2025-04-07 08:26:32+00:00"
"69388a8ca5564fd5fb5670d8619ce7441534b969.jsonld","https://obis.org/dataset/a5aa7f04-bc65-4921-9058-c02dea97c0da","identifiersha","2025-04-07 08:23:22+00:00"
"6939a3bcb55c9abf1d22fa98070bbcfe0afbbf7e.jsonld","https://obis.org/dataset/4f5a16d8-0503-4452-af87-fa70b97721ef","identifiersha","2025-04-07 08:22:44+00:00"
"69825c1af7e6098a27b967e269e7b978b2f9f3d3.jsonld","https://obis.org/dataset/f5c1c99a-93ee-401e-94c9-409db8c908bf","identifiersha","2025-04-07 08:23:59+00:00"
"6984aba667ddf2bc682367bbf83519049eef2daf.jsonld","https://obis.org/dataset/6c32ba39-8852-496d-8520-b82384d3f931","identifiersha","2025-04-07 08:25:00+00:00"
"6985a283462508480f8408774ad01689859485d2.jsonld","https://obis.org/dataset/b5c334e0-ddce-402e-b70f-dcf05a2874c5","identifiersha","2025-04-07 08:24:58+00:00"
"698e20750e5ac46dba8ab4f4e64fde8ae5ba1f5a.jsonld","https://obis.org/dataset/9b93a2fc-7d59-4391-83b4-e5a767b62fbc","identifiersha","2025-04-07 08:25:24+00:00"
"699642205ecd326a2680a5afd16912a6b6ad75bb.jsonld","https://obis.org/dataset/75c6deaf-d107-4c23-b5b8-d499e0744f61","identifiersha","2025-04-07 08:24:43+00:00"
"69968b2829c6e39a5fe984052ef61137b5550cf9.jsonld","https://obis.org/dataset/05bde978-ec4c-419b-92cf-94e267e750ad","identifiersha","2025-04-07 08:25:37+00:00"
"69997b716a6d2b7ad463b417dbcfc6d4f161c828.jsonld","https://obis.org/dataset/4b316ab2-dec6-4bb5-ba55-a8a7e4f21ef8","identifiersha","2025-04-07 08:26:50+00:00"
"699b378fa1db02dad7d902f4fa868f591846794d.jsonld","https://obis.org/dataset/fe20ac98-e78d-4d81-b041-11bfde363d95","identifiersha","2025-04-07 08:24:23+00:00"
"699e0131a264ac94e9272648703dac80fc3fbf9d.jsonld","https://obis.org/dataset/e2813548-958a-430a-bf41-f381631fc73b","identifiersha","2025-04-07 08:27:38+00:00"
"69a81864f169d9e68b680d7428552c5ca02de59b.jsonld","https://obis.org/dataset/841cc454-74ba-4e2e-8a75-6de6c4f2130a","identifiersha","2025-04-07 08:28:29+00:00"
"69a85cfe6a00b245fb9de1b7eb2703b3e38e13ee.jsonld","https://obis.org/dataset/f98a08db-b2af-4fb9-8735-1b2af9117742","identifiersha","2025-04-07 08:26:37+00:00"
"69af03223ba62fc8fc29df7717a192d85aa23922.jsonld","https://obis.org/dataset/1d236a57-1706-4746-bed9-29ccd4257862","identifiersha","2025-04-07 08:24:42+00:00"
"69b0b434c512f851994ec88d3540872245a84e96.jsonld","https://obis.org/dataset/96ecb20b-c71f-45f6-9679-b00633662aa8","identifiersha","2025-04-07 08:24:31+00:00"
"69b2938503690a15cfb736c0fb49ff3275654e40.jsonld","https://obis.org/dataset/c95c88ea-f37b-411d-bdb7-41a129143951","identifiersha","2025-04-07 08:26:49+00:00"
"69b5eb7a2d8d0e75a59330a3abe94b4786cd06dc.jsonld","https://obis.org/dataset/fc8addee-5e44-43b6-bb8b-5dd54d04023a","identifiersha","2025-04-07 08:24:13+00:00"
"69bdb62fd9e09cc919db60ec338c7b6fe9664bf3.jsonld","https://obis.org/dataset/4fa60baf-1e04-420f-a958-a3cf63893380","identifiersha","2025-04-07 08:24:27+00:00"
"69c40d209d2ea02ad034b7ce043e5f97b0b4cbff.jsonld","https://obis.org/dataset/78ed5ac1-78a0-47bf-aa9a-759e1e22fb3a","identifiersha","2025-04-07 08:23:41+00:00"
"69d05fe0521c33925db6d2f4e70c4f5d17ebe1df.jsonld","https://obis.org/dataset/bdcb58ee-8d5a-4df8-8931-3436fa72e35b","identifiersha","2025-04-07 08:26:41+00:00"
"69eb108eb49c0b56c57f87021ed941642e35177b.jsonld","https://obis.org/dataset/70696afb-3f91-422e-a5a9-b42136a6b644","identifiersha","2025-04-07 08:24:30+00:00"
"6a050c0e0f4d21042c25fd2f7ad47fb99c9f3100.jsonld","https://obis.org/dataset/e09c824c-cbd8-4529-b382-5306b2b3a875","identifiersha","2025-04-07 08:22:36+00:00"
"6a3ffffa7cc37d3869e6ee77a7b7d0f1180a1cfc.jsonld","https://obis.org/dataset/3fea6e00-cb37-4153-a4c6-9fd9b40d28e7","identifiersha","2025-04-07 08:28:32+00:00"
"6a42816c6eb8f0e3280271457c863c93f5fe7913.jsonld","https://obis.org/dataset/6d36ef86-78fa-4b3f-9e8b-e84eb636cead","identifiersha","2025-04-07 08:25:25+00:00"
"6a4a802454c766089227087e33dd50487c2dbcea.jsonld","https://obis.org/dataset/7cacae49-e435-449e-82ae-9a45f48821ca","identifiersha","2025-04-07 08:25:14+00:00"
"6a4f2ab306729aa23e10f552dd8668635028f6af.jsonld","https://obis.org/dataset/d53e35de-220e-4ce1-b670-41488d89a045","identifiersha","2025-04-07 08:25:03+00:00"
"6a5051cc243f052b1f463b5658e829975fa05a8a.jsonld","https://obis.org/dataset/4deacc8e-fb31-4752-ad5b-9cc050cf247b","identifiersha","2025-04-07 08:28:07+00:00"
"6a5609a005d2219f5ca4c11087d7857c0d3ece63.jsonld","https://obis.org/dataset/f5a932d0-2f65-4ba8-a36e-42eb33be9085","identifiersha","2025-04-07 08:26:24+00:00"
"6a60f3665b67912bddb33561838d1e3e765fd139.jsonld","https://obis.org/dataset/dae95bab-b5f9-479b-9769-b97cf8b1a854","identifiersha","2025-04-07 08:25:39+00:00"
"6a6ffb058d9a1cb5d905b2ea1f9b5f455f97bffa.jsonld","https://obis.org/dataset/0fec3edc-9c21-4757-9c0c-29df0b089b1a","identifiersha","2025-04-07 08:28:18+00:00"
"6a8a528316fd2d67855b678f12e65999106ce765.jsonld","https://obis.org/dataset/762fd79e-61bd-4e03-913c-0582037a46fb","identifiersha","2025-04-07 08:27:06+00:00"
"6a8ee67a212b246a8c917cd6cf42be49f75a13d1.jsonld","https://obis.org/dataset/2fd01957-420e-4f45-8c4b-3bd6ac60f1c4","identifiersha","2025-04-07 08:24:24+00:00"
"6a90d40ac36ca9fc754e05783c791bec8bb12bd5.jsonld","https://obis.org/dataset/8143329b-ae80-4bf3-941f-dad54de1b9c0","identifiersha","2025-04-07 08:24:21+00:00"
"6a9406fabc667151409a708872fc08fc2c881890.jsonld","https://obis.org/dataset/10865a7d-dad6-4f97-bcfc-5ba338927251","identifiersha","2025-04-07 08:25:04+00:00"
"6a9980bc4c1c1a19565f8ae34531d022b5734db6.jsonld","https://obis.org/dataset/53f0f94d-2343-461c-b732-8d8c1b8379b2","identifiersha","2025-04-07 08:27:27+00:00"
"6a9a228bbafc597366a3296e2128d49d58cae903.jsonld","https://obis.org/dataset/56b8f5a4-3912-4be7-9cbe-ef46e3e4946b","identifiersha","2025-04-07 08:22:40+00:00"
"6aa958045348fabb49756b3861ff15d02cf10513.jsonld","https://obis.org/dataset/fbe20230-f4f1-48e7-83ee-4cd3ad15a1db","identifiersha","2025-04-07 08:22:53+00:00"
"6ab81d40632e119df27550670f350ee3cc6a6a8a.jsonld","https://obis.org/dataset/022b265a-9af7-42d2-97a3-23747a6e51c6","identifiersha","2025-04-07 08:25:44+00:00"
"6adeb39175103ff2964a3cd8f7a2d41e42ed3204.jsonld","https://obis.org/dataset/4fdab4b3-63f0-450c-b992-69bd27ded8b8","identifiersha","2025-04-07 08:27:30+00:00"
"6ae95bed575a3691ad9f58e3b3b2dc349d5dbd84.jsonld","https://obis.org/dataset/99cb5f25-9aaa-4c8c-a0f3-43375f183ca2","identifiersha","2025-04-07 08:23:42+00:00"
"6af0286e404c53b29d52a61437b53cc037e44ae7.jsonld","https://obis.org/dataset/6d58ae08-4657-42bc-99fc-61e69278db13","identifiersha","2025-04-07 08:22:47+00:00"
"6b0198579e4902df423dde2688ddab2e72ffe396.jsonld","https://obis.org/dataset/3c11c3ad-c79d-438e-b792-0569b425e9d9","identifiersha","2025-04-07 08:23:59+00:00"
"6b0b3fc48ca8da46e86e47776bb5e69cf44ee3b5.jsonld","https://obis.org/dataset/e64fd081-4b4f-4883-bdfb-10f829816c36","identifiersha","2025-04-07 08:25:24+00:00"
"6b155a1a84e13bf68bda48cca19ce15de6d73dfc.jsonld","https://obis.org/dataset/b5c64caf-3721-4afd-892b-045f3fc7daec","identifiersha","2025-04-07 08:27:58+00:00"
"6b16cf0e90b063e0688dac7e51592a653bf5ef9a.jsonld","https://obis.org/dataset/4aab2474-c06d-4ff7-acb0-3e5f03a3f044","identifiersha","2025-04-07 08:27:05+00:00"
"6b2d1e2dbaccf869aa4df96eaa6eda0348756ab6.jsonld","https://obis.org/dataset/88f8139e-37a7-439a-9de0-10aedd9a75a5","identifiersha","2025-04-07 08:24:04+00:00"
"6b39b676b778c2e9b1b3e3aace881e1f034d0322.jsonld","https://obis.org/dataset/136d1588-128c-4e5f-a0a8-bac1094703fc","identifiersha","2025-04-07 08:25:02+00:00"
"6b3c275e6034d41551ba6ca93e36e42a8604ba80.jsonld","https://obis.org/dataset/6241a7ff-4504-4b98-b64d-ea7b9b5f4f5a","identifiersha","2025-04-07 08:24:59+00:00"
"6b460e91e7d46195560950725930c93675432882.jsonld","https://obis.org/dataset/32948ff1-6f03-4877-b813-4919829bcca3","identifiersha","2025-04-07 08:28:01+00:00"
"6b4e4e5aadb63ab521df4ec5c98404c87fed3ca2.jsonld","https://obis.org/dataset/8ff68783-2213-419f-87c2-4a55f4092094","identifiersha","2025-04-07 08:25:59+00:00"
"6b6399bb7b89207971e71f2919e02eebe0a9b411.jsonld","https://obis.org/dataset/01f35f39-0c59-48de-a9b3-5cdaa050665b","identifiersha","2025-04-07 08:22:33+00:00"
"6b743800ed6d9473623304148226697387f8fbad.jsonld","https://obis.org/dataset/61bf70ac-2ff7-4363-b258-5802c6a5d489","identifiersha","2025-04-07 08:24:41+00:00"
"6b7a1ba52cc5b557763486f14ac9b32c45d6dc3b.jsonld","https://obis.org/dataset/7e99e83d-c34b-442f-877b-bc946faf247b","identifiersha","2025-04-07 08:27:49+00:00"
"6b7b8a0a6bb86d0951d121d41e066cd6eac6ca54.jsonld","https://obis.org/dataset/119099f9-1de1-4f2a-9dc2-d67cb50c521d","identifiersha","2025-04-07 08:25:18+00:00"
"6b88aee2ec5f5a3d8058ce20081ed9b930069c04.jsonld","https://obis.org/dataset/8abea506-c7b5-4b8b-a309-74022cf7c4ee","identifiersha","2025-04-07 08:22:46+00:00"
"6b8b85eba6a16431cc1c495dd9c51d3ff3843192.jsonld","https://obis.org/dataset/df9b9872-1d9a-499d-840b-66178b3bcaac","identifiersha","2025-04-07 08:25:24+00:00"
"6b8eef467cfe6398c62a4525e993d0980539c6a7.jsonld","https://obis.org/dataset/1057a007-c31c-48a3-a6d8-b82450cb93d8","identifiersha","2025-03-24 00:41:57+00:00"
"6b9f568806f42a957b6f04af9e8d69e0aded777b.jsonld","https://obis.org/dataset/10b213e6-a9c4-459e-a40c-ef9edc461b97","identifiersha","2025-04-07 08:23:03+00:00"
"6bafff4248157ce19421372a343fa29d12dc532d.jsonld","https://obis.org/dataset/2fe54fe3-0b93-4023-85c9-5f215294c9f1","identifiersha","2025-04-07 08:28:15+00:00"
"6bb096f67a10d7c6becb488d4e39c67a4806f4ad.jsonld","https://obis.org/dataset/df357e71-f6b0-4dcb-bd41-1bed236c9f30","identifiersha","2025-04-07 08:28:26+00:00"
"6bc322cb92d4dc0f0e1907be333684de8c0e1ee5.jsonld","https://obis.org/dataset/d7b10a4b-e588-4cf6-a5da-3064cab00af4","identifiersha","2025-04-07 08:27:04+00:00"
"6bcbbb851977dcbe9c56083aa982972b095c3cde.jsonld","https://obis.org/dataset/dfe411ef-391f-4a4a-b263-3ae5309427f3","identifiersha","2025-04-07 08:23:32+00:00"
"6bcbd4ae19a8681c12da93426f32ca66ec720e3f.jsonld","https://obis.org/dataset/f99fd3ea-b5a3-4bb9-8b6f-34ebe75652b2","identifiersha","2025-04-07 08:24:52+00:00"
"6bec79f6fd2cf217c548aec56257e238acb9d52f.jsonld","https://obis.org/dataset/4432899b-e6e3-46c2-a2bc-3328ee6a2692","identifiersha","2025-04-07 08:28:27+00:00"
"6bf8f3b3b83b26057d872a61401b36540cfe071c.jsonld","https://obis.org/dataset/abe87777-0f76-4c16-92c3-b8945ef1afb6","identifiersha","2025-04-07 08:26:30+00:00"
"6c049b1328cea1a7f5bf837ba761096fb5ca2f36.jsonld","https://obis.org/dataset/331a27ae-d8e3-451f-a204-c0b2b3edbd86","identifiersha","2025-04-07 08:26:40+00:00"
"6c0d3ff6e1da7b881ed1348f1b641f07a13597ca.jsonld","https://obis.org/dataset/31d93350-097e-456c-8e12-8af658c1107b","identifiersha","2025-04-07 08:24:23+00:00"
"6c158682a51a54826c93c2e329d35e01a31b78c8.jsonld","https://obis.org/dataset/6d5df2d0-f41d-4d92-87c4-8642d5a39cfa","identifiersha","2025-04-07 08:23:45+00:00"
"6c35f020136cbca50a966222ab29c4fa984d8c29.jsonld","https://obis.org/dataset/35425466-4e93-48b8-9e91-b8a76c026ee1","identifiersha","2025-04-07 08:25:27+00:00"
"6c484276fe162fe9b1f136756b2be74895b3aaa5.jsonld","https://obis.org/dataset/b24e217a-6774-4aee-9118-b19b362f7ec5","identifiersha","2025-04-07 08:24:44+00:00"
"6c517954de88c988862d4980714dcb80e584a887.jsonld","https://obis.org/dataset/4b36323a-4e0a-4e0e-a7e4-ad63a7c7c558","identifiersha","2025-04-07 08:27:18+00:00"
"6c614fed5914b7208daace7b7ad1c2a732b86ecd.jsonld","https://obis.org/dataset/3b4e38be-12a5-4201-be05-589dab5168b4","identifiersha","2025-04-07 08:24:12+00:00"
"6c652dc7f0441d52bd1f8077f137a8a7d6368b29.jsonld","https://obis.org/dataset/5c54bc6c-d6c4-4ad8-9341-959a28f33ebb","identifiersha","2025-04-07 08:28:36+00:00"
"6c67c7626bfd2c0f149641858ed0ac05f58e0b29.jsonld","https://obis.org/dataset/0459e8f2-6ad3-47ef-b740-2e7b24d97a72","identifiersha","2025-04-07 08:23:19+00:00"
"6c690bdab5a7292f717e6a9e5fa7fabf461f0807.jsonld","https://obis.org/dataset/0332e1b5-5525-4301-9659-ef3da3e4e2b6","identifiersha","2025-04-07 08:25:27+00:00"
"6c6f6be9d57c9c52dc1438068bae328f7ce2bd0e.jsonld","https://obis.org/dataset/cf2e7bbe-9fe9-4f1f-a71d-e34aedacd0f6","identifiersha","2025-04-07 08:24:18+00:00"
"6c72f4fc2ad939a7c98ee72e9d465df114465f0b.jsonld","https://obis.org/dataset/965ebe62-345b-42ca-bdc1-f1e1dc248e26","identifiersha","2025-04-07 08:25:22+00:00"
"6c7a37e9394ed8320556cd2be4fc083400471213.jsonld","https://obis.org/dataset/93410e9a-ae53-4dde-9ea5-d9b2dae6db22","identifiersha","2025-04-07 08:23:08+00:00"
"6c8374f23fe1b17e9900cea9fbe3f96ad2944473.jsonld","https://obis.org/dataset/f2648939-cd1e-4fe5-ac85-400ed753aa37","identifiersha","2025-04-07 08:26:41+00:00"
"6c83fb4d83e7b596916ce71ff3ee8343133a7993.jsonld","https://obis.org/dataset/a6f8db9e-2794-4260-b7f6-66febc029002","identifiersha","2025-04-07 08:23:46+00:00"
"6ca5d5b19176a3a2c4c6ab96df8be3bf2df72aaf.jsonld","https://obis.org/dataset/ed506f13-4064-49b6-ac48-e9f3860c28ac","identifiersha","2025-04-07 08:23:49+00:00"
"6cb388f5f4e96860b2c772e334fcff579131c457.jsonld","https://obis.org/dataset/96f4a5d3-3e3a-4ccb-8343-b1db99074b1f","identifiersha","2025-04-07 08:25:20+00:00"
"6cb5f9b6a24745fbf98d682d54f8c6b960f505b0.jsonld","https://obis.org/dataset/4b615c83-2350-47e7-ad7f-7c4759d3baf9","identifiersha","2025-04-07 08:23:11+00:00"
"6cec667c645acaedcfb78c004b961d10b895079f.jsonld","https://obis.org/dataset/c28d9e6c-f5fb-482c-b804-2cd4de583884","identifiersha","2025-04-07 08:27:37+00:00"
"6d186e918066e31fa9c9347ea84f0556962ec58b.jsonld","https://obis.org/dataset/604310ab-706b-49b4-84d1-31f0bc578528","identifiersha","2025-04-07 08:25:29+00:00"
"6d1b7fb00014540102be6b4f1a22201d6fcbeb6e.jsonld","https://obis.org/dataset/36be7d35-bc96-4ba1-a27b-0b8a0496741b","identifiersha","2025-04-07 08:25:27+00:00"
"6d3a08e79f6e9ee0644d40a8d56108db6572b285.jsonld","https://obis.org/dataset/3647fa54-d652-4bd6-96a8-011a2a1c78f2","identifiersha","2025-04-07 08:27:25+00:00"
"6d78aecb0f8897c7e3a8d747548df6f08f4c49c0.jsonld","https://obis.org/dataset/634b85c1-3f7e-4648-add0-dae012fa7193","identifiersha","2025-04-07 08:23:01+00:00"
"6d84c4fe524755fac6830aa8fe24645f12baf331.jsonld","https://obis.org/dataset/df2d175e-83d8-438e-99ef-9067ea32275a","identifiersha","2025-04-07 08:24:48+00:00"
"6d897d8ed155f30d88887d3b47246a3c70cbb4a6.jsonld","https://obis.org/dataset/021165f1-0a42-4ae6-a651-c8dda089475a","identifiersha","2025-04-07 08:24:34+00:00"
"6da18152c83652a25c6f6e7a95ca8459bf07f6a3.jsonld","https://obis.org/dataset/371471b0-5d03-4031-a827-4d7b52d34f6f","identifiersha","2025-04-07 08:25:30+00:00"
"6da724402a7f522e7b81d5b74edbe57f47e74a14.jsonld","https://obis.org/dataset/9db24ef5-0c19-4a5b-82a7-be3a31dec4b8","identifiersha","2025-04-07 08:24:30+00:00"
"6db631e92f457511c11463012afa6838fccde86c.jsonld","https://obis.org/dataset/b9a715fe-6f21-4520-a1dd-63715a6afcfd","identifiersha","2025-04-07 08:28:20+00:00"
"6dc56da21402b2da5e0d483cd14fb9aa190b3c36.jsonld","https://obis.org/dataset/48f832cb-d71f-4ba9-b711-3b8c6559f5db","identifiersha","2025-04-07 08:25:00+00:00"
"6ddb9be53e002ca124a01dffd41212cb9db9e3e1.jsonld","https://obis.org/dataset/0f7b0c9c-d77c-4852-9317-6a70c43a8031","identifiersha","2025-04-07 08:24:22+00:00"
"6de7489967914e62118ecf943a8ed26a63793868.jsonld","https://obis.org/dataset/3314a8a6-959d-4c5c-bdad-7b25af714444","identifiersha","2025-04-07 08:27:03+00:00"
"6deda619393d8add9ba80a8a0e7aaab45f1f5a3d.jsonld","https://obis.org/dataset/52bb0807-6b48-4fe7-9f55-9b63d0b3abd3","identifiersha","2025-04-07 08:27:02+00:00"
"6df54dda355d0517f3d14112a65181f4de860e44.jsonld","https://obis.org/dataset/ef21a152-309e-4cc5-86e6-31336f73535c","identifiersha","2025-04-07 08:23:16+00:00"
"6e25022d413ce1c8cad552e96639ea01f34065fc.jsonld","https://obis.org/dataset/252853f3-7f25-4ba6-ad89-29bdde3d484f","identifiersha","2025-04-07 08:22:57+00:00"
"6e276be7e0d956a1366feca5d031b7204623509d.jsonld","https://obis.org/dataset/3143660d-cba5-42fe-b5b1-f998c5dfe2a9","identifiersha","2025-04-07 08:24:04+00:00"
"6e2774e61147606b5fe144bf676935bef4e39a46.jsonld","https://obis.org/dataset/8c9eabd2-e1a1-4a91-b8e2-b66b462c32c9","identifiersha","2025-04-07 08:23:29+00:00"
"6e3ac81e66c465623c2908f067cabac027dd203f.jsonld","https://obis.org/dataset/fe71dfca-03ba-4538-894c-4f4ed49bead0","identifiersha","2025-04-07 08:24:28+00:00"
"6e48755efd87980b6a88b9f083f0748c570e0abf.jsonld","https://obis.org/dataset/ee0db3ee-3f03-47ed-9964-04b57851da89","identifiersha","2025-04-07 08:26:54+00:00"
"6e535db52610d5acced75448635c9f6d46f19c42.jsonld","https://obis.org/dataset/7e92433a-d086-4527-ab2b-3af86bcbd083","identifiersha","2025-04-07 08:23:57+00:00"
"6e57c0f816a5d56deaa1a72605ca1b5b45a0ec72.jsonld","https://obis.org/dataset/36fcf898-ebc2-493b-aa8b-9f864ffe5494","identifiersha","2025-04-07 08:23:27+00:00"
"6e580a5f61d2547a95389b03bbaf7aeaeae27c4b.jsonld","https://obis.org/dataset/ba067ba9-a3f2-40ca-a5fb-963bc9441211","identifiersha","2025-04-07 08:23:11+00:00"
"6e5d37e0ff459ce6343f343946307bf13a0bae94.jsonld","https://obis.org/dataset/8ea9987a-3557-47da-9a13-26daf897fcdb","identifiersha","2025-04-07 08:25:29+00:00"
"6e65b7c66042477f552db21b9caf6a48c0054c26.jsonld","https://obis.org/dataset/dde3f81b-dc2f-4fb0-92de-a56fcdf6c63d","identifiersha","2025-04-07 08:26:49+00:00"
"6e6641e75a74e8ad8a7a0bee3838746a4b866fdf.jsonld","https://obis.org/dataset/15efe174-2943-4915-b36e-7af39c873951","identifiersha","2025-04-07 08:26:20+00:00"
"6e6e8f0a28ed427b934910cbf0379c44fea26404.jsonld","https://obis.org/dataset/299c01aa-bcb7-428f-bbf5-445eb07737f3","identifiersha","2025-04-07 08:23:23+00:00"
"6e715671b0cb0485f66706515ca0d01fa9217b59.jsonld","https://obis.org/dataset/cc744101-0484-47ce-8ab4-7bdb750bedbc","identifiersha","2025-04-07 08:24:58+00:00"
"6e78b76f6459b619dc7d54086fa453063b1af98b.jsonld","https://obis.org/dataset/f62024d7-1126-41a8-8dde-ff257d232c4d","identifiersha","2025-04-07 08:22:40+00:00"
"6e8b6171537eb3a582742897d99049882c3751f8.jsonld","https://obis.org/dataset/107c1c73-0814-4e63-870c-91b73a349490","identifiersha","2025-04-07 08:26:50+00:00"
"6e91a50525023f90af627f56a891c5c7262fc606.jsonld","https://obis.org/dataset/0f7da8fd-0fb7-47a6-b3a8-10e54caaa6de","identifiersha","2025-04-07 08:28:10+00:00"
"6e9a437d1e27f133c39e6c6561b06f2bbacf9f43.jsonld","https://obis.org/dataset/946a04da-69e3-4255-8dcd-13b5a70b6152","identifiersha","2025-04-07 08:27:28+00:00"
"6ea49dd42162892ff2823802402410bb0afe67b3.jsonld","https://obis.org/dataset/bc8a1d7f-d394-4cb4-9b32-12f4cf12e930","identifiersha","2025-04-07 08:25:39+00:00"
"6eba3023a0bee3fd8923068de4a54266758b4955.jsonld","https://obis.org/dataset/c44c75e9-c974-4931-ab3e-cc61726a2275","identifiersha","2025-04-07 08:24:04+00:00"
"6ed12437b5c6c6da67c1740c0ce37953a9a346fa.jsonld","https://obis.org/dataset/9646a810-f892-4eaf-aa83-a858eb70f709","identifiersha","2025-04-07 08:27:11+00:00"
"6ed8fb5c52e2fe680b3416ee3ea29d4e49961f3a.jsonld","https://obis.org/dataset/d4f63b6f-8273-459a-be51-347abae76a63","identifiersha","2025-04-07 08:25:08+00:00"
"6eda2ad444326dd258f1b4ec0e836ebe9193312c.jsonld","https://obis.org/dataset/1a747856-0ab2-4685-8c54-946d4c6b009f","identifiersha","2025-04-07 08:27:31+00:00"
"6ee7fa98581d5748e40da11d928bc0283787f3a6.jsonld","https://obis.org/dataset/ce304b1c-98d7-4897-a263-f4fa87aba7de","identifiersha","2025-04-07 08:25:54+00:00"
"6efc4359afcd3f7122c5d397fa1b0e5fae3e5833.jsonld","https://obis.org/dataset/873ef09c-82b6-4d92-bc91-252c11f5e97d","identifiersha","2025-04-07 08:23:45+00:00"
"6f06d7b75b9e968a8a3b9184460750f984039f36.jsonld","https://obis.org/dataset/331985c9-7727-4044-9a80-1880aca0f564","identifiersha","2025-04-07 08:28:22+00:00"
"6f0b98eabbd2c1ade94b97a4464aa1b3f1b3701e.jsonld","https://obis.org/dataset/e8f05a82-4242-404a-a58c-bbfa89a6efe9","identifiersha","2025-04-07 08:24:56+00:00"
"6f164ff6a49f8ce3a2c99079a6355aa6f3397c82.jsonld","https://obis.org/dataset/eae87607-a740-4f85-abf8-2af89764355b","identifiersha","2025-04-07 08:23:15+00:00"
"6f1f2bdf31362aba76f14e47b6af326cb5927b58.jsonld","https://obis.org/dataset/aa862352-9523-44fd-9578-3978cf3cfb27","identifiersha","2025-04-07 08:23:39+00:00"
"6f1f4102ce047e0692968f1767ad40218f62f094.jsonld","https://obis.org/dataset/344cf0a8-e322-44e8-8d57-0f6ec795b6ca","identifiersha","2025-04-07 08:27:28+00:00"
"6f251c0e8266196491d008b2a6960b5fcbc364ce.jsonld","https://obis.org/dataset/d3f7166f-ba4e-45f6-a60f-77a15b04b4de","identifiersha","2025-04-07 08:26:19+00:00"
"6f254336541d63d84c2a3d78d592be75ad28421d.jsonld","https://obis.org/dataset/63187f4a-1af9-4611-8f05-e806676ab55b","identifiersha","2025-04-07 08:22:40+00:00"
"6f4497585a6bd4bbe6f9e26dbbb48e618d42a68d.jsonld","https://obis.org/dataset/b74b429a-4052-4f5b-bff3-fe0b5a2e8669","identifiersha","2025-04-07 08:22:43+00:00"
"6f528a533af0ba978b1ca7bb8e7fc58bd0d0588d.jsonld","https://obis.org/dataset/f61ec56a-9295-4224-9f70-67a058837ed5","identifiersha","2025-04-07 08:27:22+00:00"
"6f5516002e9b7ebccba69db3f3ba80ed6371ee4b.jsonld","https://obis.org/dataset/fbf4cb59-cef3-43be-b0ab-0dbab5f51740","identifiersha","2025-04-07 08:22:46+00:00"
"6f5ce239a336a1b76e49ac330a9f0a4d48661b05.jsonld","https://obis.org/dataset/7eee0f1c-5afc-4135-94df-f3ecb169fa38","identifiersha","2025-04-07 08:24:49+00:00"
"6f5d71e1617a535e78aad8db2fdd230a132c4322.jsonld","https://obis.org/dataset/a2b49315-1475-4c96-b07c-638595781fa8","identifiersha","2025-04-07 08:27:25+00:00"
"6f5fc194f65948d3914653227154399e3788932f.jsonld","https://obis.org/dataset/98c3e560-cb7c-4ed2-b17a-0f71f9f2ee57","identifiersha","2025-04-07 08:25:53+00:00"
"6f6328fc504d94615f155257ed90476b332e5ca2.jsonld","https://obis.org/dataset/f6cb151d-372e-42cf-bd38-dc82fa7e4f48","identifiersha","2025-04-07 08:24:13+00:00"
"6f6d126a9be817dd5c53ee6ac1ebbda738ab239a.jsonld","https://obis.org/dataset/9366ea38-e45d-4ade-9d21-3c95183f4772","identifiersha","2025-04-07 08:25:03+00:00"
"6f7e8bddd1d75844641789a7bba6daa1022a4cd4.jsonld","https://obis.org/dataset/cd2c5b16-acb4-48e8-8ece-b43951077721","identifiersha","2025-04-07 08:27:04+00:00"
"6f84ecaac1ce1467558784e5f00d003180d136f2.jsonld","https://obis.org/dataset/e6b54a48-48f8-47ae-9b71-f439e1f0aa6f","identifiersha","2025-04-07 08:23:26+00:00"
"6f85db5019598ce5b321a1c96118da4d74709746.jsonld","https://obis.org/dataset/b1f8bc4c-5427-40c8-8728-aad4d463b944","identifiersha","2025-04-07 08:24:21+00:00"
"6f954fb3bd76d10fe966d51165efd6c400ca55fa.jsonld","https://obis.org/dataset/d7c2b12a-0a12-4b16-8bfe-79fabde4cb8c","identifiersha","2025-04-07 08:24:51+00:00"
"6fa936be88a140c95282d2d487dacd83a8e0e3d1.jsonld","https://obis.org/dataset/a0c77508-4641-43f2-b194-cab3386d9e02","identifiersha","2025-04-07 08:24:45+00:00"
"6fb2c7eb9a5e318d1dc64e800e83442efea2e413.jsonld","https://obis.org/dataset/a3e4bd6a-d99a-4eaf-9aef-d197929bf66b","identifiersha","2025-04-07 08:22:53+00:00"
"6fc90e711cef2cf0059090f0a0ba66eb9a3271d5.jsonld","https://obis.org/dataset/e977981a-6af0-4ca8-b048-e375c9f5606a","identifiersha","2025-04-07 08:26:59+00:00"
"6fd83400ae3daa594f16dd3af2d1be5512ad1d87.jsonld","https://obis.org/dataset/534558e7-765f-40e2-89bd-dfc4cda06e0c","identifiersha","2025-04-07 08:28:02+00:00"
"6fdd241707530c931f80d0b25f9b726e89cf7746.jsonld","https://obis.org/dataset/724484cc-5474-4d78-8c84-507f23ad40be","identifiersha","2025-04-07 08:28:07+00:00"
"6fe72506ca5ed34eb3d920a074dbfd3a4ed27747.jsonld","https://obis.org/dataset/12e17f1b-d8fb-4d7f-adfe-a393d24e4477","identifiersha","2025-04-07 08:24:37+00:00"
"6fed397a58032d17665ae667eb80861868c47a44.jsonld","https://obis.org/dataset/d6c9c8a2-af55-4b86-949d-970d1daf1bb1","identifiersha","2025-04-07 08:27:56+00:00"
"6fee40d5f840488fec484f5a15be8e4518e88af6.jsonld","https://obis.org/dataset/df50aca5-a1f9-4ffd-800d-6e6aa24240e8","identifiersha","2025-04-07 08:27:02+00:00"
"700d5c5746383f9447723e400c7c4e7864db25fa.jsonld","https://obis.org/dataset/eb3974a6-8be3-43f5-bb04-1fc6b637d48a","identifiersha","2025-04-07 08:25:26+00:00"
"700f23147c3f7f1c41cbd324f3820589c4f62abc.jsonld","https://obis.org/dataset/537dfd5d-4233-46de-8dc7-88bd5eca7057","identifiersha","2025-04-07 08:26:01+00:00"
"7023c0ed21a0c749b3683a00a94873e18be70faf.jsonld","https://obis.org/dataset/d2caf73d-7e52-4113-b2f6-b89b439a9a2f","identifiersha","2025-04-07 08:22:28+00:00"
"70269bafb24021f385adaf6492a08ee735986004.jsonld","https://obis.org/dataset/feb3d6a4-39b2-4d91-85eb-e7e98782c80a","identifiersha","2025-04-07 08:25:09+00:00"
"70527062380541e3f89611cbce2f986aabced57c.jsonld","https://obis.org/dataset/b99fe048-7da1-4558-a118-c98c213f4fde","identifiersha","2025-03-24 00:41:53+00:00"
"705c7e05d3ee95231cc82ba473d0968f039a395a.jsonld","https://obis.org/dataset/cd1f299a-929a-4a51-b59e-bd5417d65d9c","identifiersha","2025-04-07 08:26:15+00:00"
"70636e97bccb541fce4730681651b2c4fe7b6965.jsonld","https://obis.org/dataset/23edb7d9-db57-4898-9a8e-5e866b46de56","identifiersha","2025-04-07 08:27:22+00:00"
"7068ef61ecd52f8c5621d2bfa660ae72a9cd1fc5.jsonld","https://obis.org/dataset/21c4fa9f-5e99-4532-bfd0-4c7271048154","identifiersha","2025-04-07 08:25:31+00:00"
"706ed895e8c69846ffef98409e001b77bce09cd3.jsonld","https://obis.org/dataset/f065a5ee-545d-47e0-9a24-c49518c333f9","identifiersha","2025-04-07 08:28:08+00:00"
"707562258b0d319439c37e1411d4033daa844894.jsonld","https://obis.org/dataset/adaebaa5-073a-4902-b723-b7446195c310","identifiersha","2025-04-07 08:27:22+00:00"
"70791ddf9346de90e8740fd9c39f6032408d4c45.jsonld","https://obis.org/dataset/12f19598-cd7a-4b6e-a26a-633a338606e2","identifiersha","2025-04-07 08:22:45+00:00"
"70912a39b248dd13ea4484b42ef70accaa42ed6a.jsonld","https://obis.org/dataset/a4b730f1-5434-4c62-a1cb-466e4b95b647","identifiersha","2025-04-07 08:27:51+00:00"
"70aae4d5a2e7c544040f6d8d388541529fcfa44c.jsonld","https://obis.org/dataset/ca7dda23-37b1-4a9c-af4c-2ae26e7ac26b","identifiersha","2025-04-07 08:26:34+00:00"
"70ac754256a0945c51c1d1d73169b6a6d3c9e0f4.jsonld","https://obis.org/dataset/49f9f9c0-b660-4a1f-9226-ee156bb0f8ee","identifiersha","2025-04-07 08:25:23+00:00"
"70aee7f610dba8f1f8100ca7ba0db4bf9cba4f9b.jsonld","https://obis.org/dataset/7a76d006-081e-4d2f-b9f4-7a248794ecce","identifiersha","2025-04-07 08:28:01+00:00"
"70bbd4eb86fe7a8e39edfcc9179738e50e1fe3ed.jsonld","https://obis.org/dataset/f9ba22a9-4d2f-4edb-ab06-5e2cac3a73d0","identifiersha","2025-04-07 08:25:09+00:00"
"70bfc9301e8fba5f186cea546ae9ceb002591d93.jsonld","https://obis.org/dataset/b8617377-eb1c-4db2-baa6-8788a632e810","identifiersha","2025-04-07 08:22:53+00:00"
"70ca7e0e35906fcbed1ee92f8d185efc4a54055e.jsonld","https://obis.org/dataset/46494f1d-4f49-4ef0-ad10-ab09a8544b84","identifiersha","2025-04-07 08:28:25+00:00"
"70d877fbc4dc1b2ac7986bb07642866dd9ef20a3.jsonld","https://obis.org/dataset/bd967b0f-b665-4e07-9739-cae14726dc40","identifiersha","2025-04-07 08:27:07+00:00"
"70e1cf361af36858705808743a2c071380320d5e.jsonld","https://obis.org/dataset/b9786aec-1ac1-4803-b8d5-50ca7b9e87b4","identifiersha","2025-04-07 08:28:29+00:00"
"7108bdfb85eca02ab4b77cb579d29b253030a437.jsonld","https://obis.org/dataset/ab7ed9c6-1ca4-4c65-9b2d-f05ea35a42b2","identifiersha","2025-04-07 08:26:57+00:00"
"710901471b248a2269f563621b7dda65cb37bd81.jsonld","https://obis.org/dataset/38235f13-d31b-43cf-b4c2-a21adbf69f90","identifiersha","2025-04-07 08:25:12+00:00"
"710a8e084957253bcd35e2227f284e600b6631db.jsonld","https://obis.org/dataset/2c8cc767-4ec9-49bd-814f-0e275f09b3c4","identifiersha","2025-04-07 08:26:14+00:00"
"71164b42a5f1b4b00bf4cdc1070c1d698520a4f2.jsonld","https://obis.org/dataset/47edd1a2-96f0-4aa5-99ab-69dc0bab3297","identifiersha","2025-04-07 08:26:45+00:00"
"711a72091dfa3e2cafa147d7e98b99e89a414677.jsonld","https://obis.org/dataset/1618356f-0f62-4cbb-9252-005120e31fb0","identifiersha","2025-04-07 08:25:13+00:00"
"7126a1d3813f877a9ae28fccb1d7c491f8159fa5.jsonld","https://obis.org/dataset/8325de11-105e-4637-b557-136c0c3c3d71","identifiersha","2025-04-07 08:27:55+00:00"
"7131345775f451da5ee8cefa4a36a0d502e9e03d.jsonld","https://obis.org/dataset/2fa1dbf1-026d-455d-a775-04db6f4de33f","identifiersha","2025-04-07 08:27:17+00:00"
"713a829c9ffa8b9f8b7232cab229c3e146d9885f.jsonld","https://obis.org/dataset/f329c69c-6e07-4ad6-bf7c-f8dfe1a0a212","identifiersha","2025-04-07 08:25:20+00:00"
"713f363d3e6aa0f8b48721fa0dffbc922c273034.jsonld","https://obis.org/dataset/7ca26f19-09ce-4bb4-8f92-405bdb835f25","identifiersha","2025-04-07 08:23:27+00:00"
"714f5a391613a10fdd61f044194dcc5e440ef5e2.jsonld","https://obis.org/dataset/3a0479b0-1dcc-4026-a02e-2672a0181fe7","identifiersha","2025-04-07 08:23:12+00:00"
"7159705270abaa954322d305078ef4a2dfcc3605.jsonld","https://obis.org/dataset/b7ec83f0-1245-45c5-bc6d-a6c863059e52","identifiersha","2025-04-07 08:24:38+00:00"
"715a7a74128fe93e6f54c2cfdf0b6511e9d972ce.jsonld","https://obis.org/dataset/8955f733-5af7-4eb2-a369-7d6e83f40a12","identifiersha","2025-04-07 08:25:22+00:00"
"716a1f57d8025edba23c2edd13c8a99076fa9c44.jsonld","https://obis.org/dataset/e78a27e9-0313-4b13-83b3-4ef9d125ddb4","identifiersha","2025-04-07 08:28:32+00:00"
"7183bf4941956151d79d052461aa73cc020c7d21.jsonld","https://obis.org/dataset/45ace68f-cb1a-49b5-8ac8-33edd19b46cf","identifiersha","2025-04-07 08:28:38+00:00"
"718688bae512e81e53e22a0debe0ed693a6a2a26.jsonld","https://obis.org/dataset/bec3943a-22e5-422d-9d12-7bf754119f64","identifiersha","2025-04-07 08:27:44+00:00"
"7198b6d5f735530badda1917cded3301e0c39a01.jsonld","https://obis.org/dataset/aa32f563-b2ea-471b-bca1-5410a17ca607","identifiersha","2025-04-07 08:23:56+00:00"
"71998475dad05d8fd6b996443e681ac613780e0c.jsonld","https://obis.org/dataset/e5ba539d-923f-42f6-9daf-2d36a7dfe13e","identifiersha","2025-04-07 08:25:48+00:00"
"71b64d4b75efcf2dce89afa6bf3f2245a9406a03.jsonld","https://obis.org/dataset/809cd2f2-61a2-4fb8-bb62-295e0db2c6a2","identifiersha","2025-04-07 08:23:27+00:00"
"71b8b686113ec18a8e34977eddcd305da83bfed5.jsonld","https://obis.org/dataset/d28c14f4-1e78-4519-8b13-2948d5ec7d6f","identifiersha","2025-04-07 08:28:21+00:00"
"71cd65a89554a5970dc8f5cc8e09e21bed3dc42b.jsonld","https://obis.org/dataset/769730e3-b6e0-454b-9850-74d02c8dc448","identifiersha","2025-04-07 08:27:18+00:00"
"71da6d66728497288840d7bac506d04021033e2d.jsonld","https://obis.org/dataset/132ab7ea-1b4b-46ea-8f5f-6b8da98db2be","identifiersha","2025-04-07 08:22:50+00:00"
"71dbf120d82074585d8d82059d5d68cf9ca1cbba.jsonld","https://obis.org/dataset/fc9c5ad0-b75b-4f1a-8c6a-c0cceb0621c3","identifiersha","2025-04-07 08:26:43+00:00"
"71deb86154a4d61b5da7db94196b0f9bc9991a7e.jsonld","https://obis.org/dataset/511a64f5-54c0-4ccf-8c80-b7adbd5adff5","identifiersha","2025-04-07 08:23:17+00:00"
"71f3b05a7c8a814d06cfe30ccd614ef92cdfc642.jsonld","https://obis.org/dataset/65a0186a-57d4-46b5-a7bc-4614bc6c36f4","identifiersha","2025-04-07 08:24:38+00:00"
"71fa37ef37e4a24c4750f958d75d41f49d860e31.jsonld","https://obis.org/dataset/a7f45f2b-b9a7-4295-ac4e-4854a3533fbb","identifiersha","2025-04-07 08:27:02+00:00"
"71fda11997110ebce49101b3c5e98b6c8132e668.jsonld","https://obis.org/dataset/d87007d2-8d53-4c79-93ff-5ebafebbe6bb","identifiersha","2025-04-07 08:27:58+00:00"
"72053b8d60d2a377e7172b41c509360a9111b84f.jsonld","https://obis.org/dataset/5de439e1-5fc1-4570-8c36-ac3e3b2c20fd","identifiersha","2025-04-07 08:22:56+00:00"
"720eb0366887c2b490f118410414ef637a1cb28d.jsonld","https://obis.org/dataset/323dc231-2981-4667-9c33-d0816d6102cd","identifiersha","2025-04-07 08:26:47+00:00"
"724fba795c0d650250a6fdcf7eeb823c68cc1b4e.jsonld","https://obis.org/dataset/e8aac3a4-19e4-4940-88d5-f5364c26e1ff","identifiersha","2025-04-07 08:25:39+00:00"
"7258de5c30a645d964cf4e3a9a77828ffea6fcee.jsonld","https://obis.org/dataset/e95090cb-47c7-4789-81ed-e6714095def3","identifiersha","2025-04-07 08:27:20+00:00"
"725a559e7075cbf113f94310ae018551d7f94cc3.jsonld","https://obis.org/dataset/f9a6159e-d03b-45f2-a44a-eafb791e5987","identifiersha","2025-04-07 08:22:37+00:00"
"7261d1862dbcd1b07bd4a4ed88e0def2a463cf5a.jsonld","https://obis.org/dataset/de87c3a3-cf49-42a3-8fb5-049447a1e4ef","identifiersha","2025-04-07 08:23:08+00:00"
"7276e4999f6fd5c3144683ee839b0a110b7452da.jsonld","https://obis.org/dataset/0375e5b1-66e6-4864-9912-dcb37fa87791","identifiersha","2025-04-07 08:28:30+00:00"
"727715bb51f8651cdd52446d46dbdd48bde43a09.jsonld","https://obis.org/dataset/267e9dab-455d-4d87-9653-f85dd5367836","identifiersha","2025-04-07 08:26:03+00:00"
"7284d92a77008d4ae5a1bd1620ccc4b45def85fc.jsonld","https://obis.org/dataset/c56bd06c-f51e-4506-9239-584938c0c880","identifiersha","2025-04-07 08:22:51+00:00"
"728fc97fd996f64a7d7731faf0805663715119ea.jsonld","https://obis.org/dataset/ae4957e2-db31-4b45-908d-68f9c82322ac","identifiersha","2025-04-07 08:24:49+00:00"
"7298515cd7138bf5db39487d5e6ea41f812de7ea.jsonld","https://obis.org/dataset/d0f701be-3a76-4016-a9db-ac167a4dcae9","identifiersha","2025-04-07 08:26:31+00:00"
"72cab549b0c2b9380df29f2a021964d8aa8a95f3.jsonld","https://obis.org/dataset/c85bb3e7-7d29-4b10-ba49-1fd452bdc8a1","identifiersha","2025-04-07 08:27:26+00:00"
"72d7cbcbcf47126647f8d3b0d4d1bdf3b23ce540.jsonld","https://obis.org/dataset/23ba1623-a8c1-4bde-b3b0-912aa5cca885","identifiersha","2025-04-07 08:27:57+00:00"
"72de68ec739de152787b71573af9db0c282d03bf.jsonld","https://obis.org/dataset/e9cc1925-cca9-4324-af17-8abc2b89e336","identifiersha","2025-04-07 08:27:41+00:00"
"72edee092c4e87cd60d42f584f8bf4c779fd7801.jsonld","https://obis.org/dataset/005577bc-da03-42c0-99d1-97b5e48cd06a","identifiersha","2025-04-07 08:24:25+00:00"
"72f34283fbf533f934ca80d810d2cc336b17ddf1.jsonld","https://obis.org/dataset/dfd165db-836d-4426-bb24-53db9b6927ff","identifiersha","2025-04-07 08:24:46+00:00"
"72f8894ce3f24f9235bac6301046f8100c513ea6.jsonld","https://obis.org/dataset/409ce59b-e26f-4196-be98-d79a52c8bf76","identifiersha","2025-04-07 08:26:03+00:00"
"72fa9d922871d83e74177a26d7ef6a676e67af4f.jsonld","https://obis.org/dataset/62342863-a113-4634-855b-0ea7f30d74a0","identifiersha","2025-04-07 08:27:31+00:00"
"7301fe8cd2afc8d4f7c9d5d5a7a6b4b981a89bc0.jsonld","https://obis.org/dataset/f0ffb4eb-0d9e-4bad-a455-9e585e102cf9","identifiersha","2025-04-07 08:24:10+00:00"
"7317321c244a921280df74215db139053272c412.jsonld","https://obis.org/dataset/98a42fe7-b1a2-4e1c-9ebd-782bbcb4f739","identifiersha","2025-04-07 08:25:59+00:00"
"731ef085d02ea98e6641f773762f64189a5355b0.jsonld","https://obis.org/dataset/d37b3700-a6ba-4523-ac99-4de795ca61e7","identifiersha","2025-04-07 08:23:56+00:00"
"732c2a7e659b51b3e110f455cf6e40a5e65b3c03.jsonld","https://obis.org/dataset/4d6e4425-ca39-42b6-ad14-0a928c30e8f4","identifiersha","2025-04-07 08:27:56+00:00"
"733dbfc7abaafb92681d408e29d6c78eef62cb1a.jsonld","https://obis.org/dataset/87c3a8bf-1b80-49ae-a994-91533c6c6907","identifiersha","2025-04-07 08:22:59+00:00"
"733f23dfccf3c5166266444bd958e2d0ed5d7e98.jsonld","https://obis.org/dataset/89a0b418-4ac3-495f-8657-ee3c0d1765f3","identifiersha","2025-04-07 08:28:36+00:00"
"735db3f3f50568f1ad3ece28731e161dfb422165.jsonld","https://obis.org/dataset/79d8f8fd-171d-4c98-9170-39dcf9f4a178","identifiersha","2025-04-07 08:23:27+00:00"
"736c3a3cdc5ff587b3579871d9569089294dca86.jsonld","https://obis.org/dataset/bbe008e3-5ecb-4e1f-8d4d-571d35fc0b9d","identifiersha","2025-04-07 08:27:15+00:00"
"736ef1287b2c61bf3c5137c0173f5bdba3a23fa5.jsonld","https://obis.org/dataset/cf30012c-72dd-4a95-8076-d556c5773dfb","identifiersha","2025-04-07 08:23:41+00:00"
"7372290fd8af3c6250f18a84e871eb3440e10e83.jsonld","https://obis.org/dataset/e437e667-a179-451d-87ba-96ea827dba9f","identifiersha","2025-04-07 08:22:44+00:00"
"737498b785953d4e16901375ce4f4ab9bb17f9c4.jsonld","https://obis.org/dataset/5fa93408-14e2-4c94-ab39-8c87ffb07c71","identifiersha","2025-04-07 08:26:27+00:00"
"737bad30cd72b5c417a911d29397e405703be7bb.jsonld","https://obis.org/dataset/10d996d9-55d4-4906-8717-c36a614eb38d","identifiersha","2025-04-07 08:26:19+00:00"
"73875bf32d135b3df5759f2b462de12ac60d29bc.jsonld","https://obis.org/dataset/33811271-c13e-4969-b224-fce89d341536","identifiersha","2025-04-07 08:26:38+00:00"
"7398204ef3ebfda911cae28bcc9ee98c461d38cd.jsonld","https://obis.org/dataset/6b28884d-c25e-4c0f-acf9-28eb17804ec5","identifiersha","2025-04-07 08:26:46+00:00"
"739c3267d85f0969b3edfb1296f6712ddd89e021.jsonld","https://obis.org/dataset/9d7d536d-fe9e-4e05-911e-3ec60e182ce0","identifiersha","2025-04-07 08:24:35+00:00"
"73a8578e3957a65783a7171601c48af39504e828.jsonld","https://obis.org/dataset/0e4e4700-5e70-48b1-b100-d6b05888dfa9","identifiersha","2025-04-07 08:22:51+00:00"
"73b316a8c2c0a721fd9b36f4f75294113cee1d88.jsonld","https://obis.org/dataset/21ef2ac4-3dd3-42b3-9f62-36f28b7962e8","identifiersha","2025-04-07 08:27:51+00:00"
"73b6460814673b6ca1b9e082734c81c4ec19bbd9.jsonld","https://obis.org/dataset/f3416b37-508f-45f0-a91f-165800611f4d","identifiersha","2025-04-07 08:22:59+00:00"
"73cb9ccbe8c02bed2b3edb3346adecb52a077f5c.jsonld","https://obis.org/dataset/3c1de937-e3b2-45ee-aa74-2c74f958d72d","identifiersha","2025-04-07 08:22:27+00:00"
"73cd28478e0ef0bc040c967ac8f8fc210addf9cb.jsonld","https://obis.org/dataset/6d779f97-bec5-40fd-ab17-2686bedf7df6","identifiersha","2025-04-07 08:23:59+00:00"
"73d28833f2f970eda24ee5ac5cafa2a146abc5d6.jsonld","https://obis.org/dataset/997b2d2e-3a69-4406-a757-a22f8cc7c21a","identifiersha","2025-04-07 08:25:53+00:00"
"73d64dcac99be60925452a71bcae4b3cb4bbf59a.jsonld","https://obis.org/dataset/4135dae1-350c-4002-b123-014833048fe2","identifiersha","2025-04-07 08:28:35+00:00"
"73d69c80840ca51767ecc49c3980ff78f1e72e48.jsonld","https://obis.org/dataset/86d39e10-0f55-4a24-a5af-e19d750e44bb","identifiersha","2025-04-07 08:26:34+00:00"
"73e60b8939df0e8c3172efd80060f7a185e833b0.jsonld","https://obis.org/dataset/284eecaf-b3d1-4d8e-9768-c9c01ce294e2","identifiersha","2025-04-07 08:25:00+00:00"
"7416858dc2d12b6958de915eef4281f9cb4d619f.jsonld","https://obis.org/dataset/16434578-ebf7-4bcc-a776-508ffece76de","identifiersha","2025-04-07 08:23:57+00:00"
"741e129ebb3a6e2db4c4d4ca17e9a8bcdace8af5.jsonld","https://obis.org/dataset/159421b6-a764-4af1-9cc3-bc652dbeb12e","identifiersha","2025-04-07 08:23:25+00:00"
"742e307cbc7f2e0d9ed565c713c6be1e75955c8b.jsonld","https://obis.org/dataset/68ec64c5-78a0-4d51-a4ae-1e35d1896efb","identifiersha","2025-04-07 08:25:30+00:00"
"743c32a3400c2f8fb07b961a996d4d04f8125581.jsonld","https://obis.org/dataset/ab739816-4077-4067-8f2e-00b9c41f8ddb","identifiersha","2025-04-07 08:23:33+00:00"
"743e22ad200f29079281188b7467bf6e4569e2c0.jsonld","https://obis.org/dataset/cb7c69bd-b062-45e1-b67b-fa214332bb39","identifiersha","2025-04-07 08:22:41+00:00"
"743ef10adfdc89341690dd47e07ee1c167b31eee.jsonld","https://obis.org/dataset/d2fac851-9710-4c5c-99bb-5e59c875214d","identifiersha","2025-04-07 08:25:46+00:00"
"744b47af9359ce2465b9b0a89d0f1f92034fad00.jsonld","https://obis.org/dataset/31526716-5b6e-4854-93e1-8f7a1410bb81","identifiersha","2025-04-07 08:23:26+00:00"
"74516df81663562f37facb958a94e07e1cee4b13.jsonld","https://obis.org/dataset/8a636641-2452-4851-be79-099635ef9e90","identifiersha","2025-04-07 08:26:30+00:00"
"746d4b325b92e1fc228112edaf08fb863421147a.jsonld","https://obis.org/dataset/969cc685-b8dd-40ac-9419-7ec65a50820c","identifiersha","2025-04-07 08:24:40+00:00"
"74706c1fadc7c9aa31f23369a9bf34ff7452af09.jsonld","https://obis.org/dataset/b2ca08e7-2b85-46e6-98ac-ac14a52853a3","identifiersha","2025-04-07 08:25:11+00:00"
"7481c13a6d68d75fe882c7da17edee0d3f437f11.jsonld","https://obis.org/dataset/3f2b79b2-4c4e-4f12-ab2c-91b874646384","identifiersha","2025-04-07 08:23:30+00:00"
"7483713c7ade7646f25aa918c53488b2fc35dbb6.jsonld","https://obis.org/dataset/f3ca5aff-aed4-48d2-8ed0-c46de9e766c1","identifiersha","2025-04-07 08:28:16+00:00"
"74895797b657360b6dbdee732c87e09a4b9a191a.jsonld","https://obis.org/dataset/b9915edd-16b0-4aa9-9a0d-3d14574cfb61","identifiersha","2025-04-07 08:22:32+00:00"
"74abd2ec262b31f11667d8fe934c58ddca8f6fa0.jsonld","https://obis.org/dataset/f6318aea-2f31-48b4-a2c5-b599f2c8f602","identifiersha","2025-04-07 08:24:49+00:00"
"74b089bd81299f6a52b3aee48259c044cf61c2f0.jsonld","https://obis.org/dataset/9818d42f-87ed-4bea-95bf-dac9226f3748","identifiersha","2025-04-07 08:25:04+00:00"
"74bbb09ebdf59e279987e42038e3aca83650f2c6.jsonld","https://obis.org/dataset/2c30e8ee-3068-437c-bf94-499e06cdd4e4","identifiersha","2025-04-07 08:23:34+00:00"
"74c8fd722164f8eb70e0fdbdd3371f4917529ffd.jsonld","https://obis.org/dataset/a1679ed2-a2b3-41ab-ad18-982c361328cd","identifiersha","2025-04-07 08:26:50+00:00"
"74deaae50e8d2d6e54a2703b48abc5f1d2b67b5d.jsonld","https://obis.org/dataset/e18538d7-87e2-470d-8848-7a6b76394bde","identifiersha","2025-04-07 08:25:33+00:00"
"74e78400f845dd739f5282fab2fc914fdeeb28d5.jsonld","https://obis.org/dataset/f26bf69d-d23d-4da5-851b-e7ee79da6cf0","identifiersha","2025-04-07 08:27:35+00:00"
"74fb5c3f85ed0c46fda149a121d1ac6226f2255f.jsonld","https://obis.org/dataset/00270451-7b60-4a6d-9741-dd102a6c5f3c","identifiersha","2025-04-07 08:23:31+00:00"
"74ffe1c9545072e0adb73b7fbae968357fec99c0.jsonld","https://obis.org/dataset/914b873d-6280-45e3-909c-b8bc93124355","identifiersha","2025-04-07 08:28:35+00:00"
"7501b7d3c97fcaff74097b1fa37b97f2af80f77c.jsonld","https://obis.org/dataset/677cbeca-903e-4a9d-bdf2-11184ad0c201","identifiersha","2025-04-07 08:25:48+00:00"
"75022f5636d056266de08db0cac7fb2433691fce.jsonld","https://obis.org/dataset/3aa23743-5491-481b-9a70-42a537b61ed2","identifiersha","2025-04-07 08:22:58+00:00"
"750ff2231f1ee137f2997011027cdc2c52501a84.jsonld","https://obis.org/dataset/90d8bc63-5336-443f-b47d-a3f0c8e99d73","identifiersha","2025-04-07 08:24:12+00:00"
"751238cafcf190cbffb8fb8d5664950194e446ee.jsonld","https://obis.org/dataset/a83f51ec-8a37-4aa7-9e43-88390dcda6e3","identifiersha","2025-04-07 08:25:52+00:00"
"7536d914818cd1888445250d9778c833fdae559e.jsonld","https://obis.org/dataset/5ca0222f-2f0b-46b5-91c2-f91dde770486","identifiersha","2025-04-07 08:27:13+00:00"
"7539b55fb4ec37813556a1d43a1c3a0bc58df51d.jsonld","https://obis.org/dataset/08a645b0-1947-4168-b628-405cdb8e54fc","identifiersha","2025-04-07 08:24:00+00:00"
"754646b6a6b5f8d809128562574b8ca3e6b21f7f.jsonld","https://obis.org/dataset/a77de2cc-0e3f-485b-8c87-eb0545423957","identifiersha","2025-04-07 08:24:20+00:00"
"7568aa0cd15156f4ca117d877002aafeed881eff.jsonld","https://obis.org/dataset/459f1903-4f5b-409c-a7b9-2ab99692d2f9","identifiersha","2025-04-07 08:25:33+00:00"
"758c3291461f4646c731d81075d84a222576a686.jsonld","https://obis.org/dataset/b06015c1-d2fe-4a20-8325-1a500857bec7","identifiersha","2025-04-07 08:27:45+00:00"
"759ae5d3e0d511134c11aad200cad99f77542f19.jsonld","https://obis.org/dataset/bd657dbe-cc8f-4a89-85a5-c62d185ba4b2","identifiersha","2025-04-07 08:25:06+00:00"
"75bb8b4762a736ba983c79b5c3279f726e0d78a0.jsonld","https://obis.org/dataset/7b411a8c-1b9e-44c5-b8d3-cd614281c032","identifiersha","2025-04-07 08:22:57+00:00"
"75cc30124ec065cb224217f893386663848ce9a7.jsonld","https://obis.org/dataset/a7c96474-3f59-4901-81da-8370557d51d4","identifiersha","2025-04-07 08:24:56+00:00"
"75d58dfd58c326158183050ce6dae915a47d717a.jsonld","https://obis.org/dataset/8e386c28-fcf0-40b1-ae53-4b43bba1569e","identifiersha","2025-04-07 08:25:49+00:00"
"75db7c5d9f3f643c034172e2cd6135081240ec9a.jsonld","https://obis.org/dataset/812dc3ff-645a-465e-81db-b99a5a882237","identifiersha","2025-04-07 08:25:48+00:00"
"75e2da42bee1b7ce6943dd5c883a31826b9ab505.jsonld","https://obis.org/dataset/b863740b-755c-4ba3-ba0b-8ce30b80f0ec","identifiersha","2025-04-07 08:23:01+00:00"
"75fed578ea26cf09a2e830a84e8ec6b84132f7ab.jsonld","https://obis.org/dataset/0ef62745-06f7-4251-9eb9-cccf8ed5dc2b","identifiersha","2025-04-07 08:24:09+00:00"
"7611a3681faf5bab04efced5b0c5e13c321fa5a3.jsonld","https://obis.org/dataset/8206a7ff-46fd-434d-82a2-d5b63c8e73ec","identifiersha","2025-04-07 08:25:06+00:00"
"761f38dbe97bcf47151f8768297893d87009436b.jsonld","https://obis.org/dataset/c5f0846d-a31c-4e4d-b1d2-6da882f23694","identifiersha","2025-04-07 08:23:19+00:00"
"7629ebc10133114bee04d0a363fcc2ce3566ce5f.jsonld","https://obis.org/dataset/81259aaa-dc2e-4caf-aa4a-bf9c48258f2a","identifiersha","2025-04-07 08:25:04+00:00"
"762e94feae85ef355f2929d98dda2a4d9b84e3e7.jsonld","https://obis.org/dataset/1d8163c2-52e2-4c35-ba5e-f2887d21783e","identifiersha","2025-04-07 08:27:06+00:00"
"763045c376a61d0a354017b5040fb19146e7ea2a.jsonld","https://obis.org/dataset/1ce93cac-77b6-43d8-ab05-5d0bac2fcd71","identifiersha","2025-04-07 08:25:12+00:00"
"76331e7054f736df16f6ed6f3aae7cf72789e590.jsonld","https://obis.org/dataset/c1181498-9389-4962-b98b-bf5d7a5fb7cd","identifiersha","2025-04-07 08:23:32+00:00"
"76422fe53c407150f1597e03714f7b87a53f7fd2.jsonld","https://obis.org/dataset/7980442b-9f1f-416a-8c61-d58b03a7a61e","identifiersha","2025-04-07 08:23:42+00:00"
"764b74f7f43673a78dcbecdf367ffa36721cd43f.jsonld","https://obis.org/dataset/220431d9-a6de-4e0c-839d-dc155dd70044","identifiersha","2025-04-07 08:26:44+00:00"
"765724748ec1baa25e1cffbf3741fd0ed9f5da08.jsonld","https://obis.org/dataset/1b37891a-9d12-4f54-a4fc-6d5dd5dd92b3","identifiersha","2025-04-07 08:26:20+00:00"
"7657811ace671c4b4d1debd15fd28bd2e74838f4.jsonld","https://obis.org/dataset/e6efac0e-b4e4-4306-9d1c-a8c991d92dff","identifiersha","2025-04-07 08:23:43+00:00"
"767fe5101541fdce0a5b5433a549488d855e02dd.jsonld","https://obis.org/dataset/0c18f785-83d2-490e-949d-aeb7dabeda91","identifiersha","2025-04-07 08:28:11+00:00"
"7697cf7ffcc4b69318df87a7b59107591b9ed67b.jsonld","https://obis.org/dataset/f9ba22a9-4d2f-4edb-ab06-5e2cac3a73d0","identifiersha","2025-03-24 00:34:30+00:00"
"76ae67b3516357fc6cf80a357b7f99ee62665cea.jsonld","https://obis.org/dataset/06a2ecf5-c1cc-422b-8a94-137995e97f7c","identifiersha","2025-04-07 08:25:53+00:00"
"76ba48cef2ada414a4ee23e222f77fcc50237cb9.jsonld","https://obis.org/dataset/0264be1a-9d3f-495d-afcb-ac22718a70ce","identifiersha","2025-04-07 08:22:30+00:00"
"76d1efaa7e43340ae9cf4a26b71690080aaf4eec.jsonld","https://obis.org/dataset/35ff1bf4-f4ba-4a8d-bdac-3891b2191ddb","identifiersha","2025-04-07 08:28:38+00:00"
"76d9b0bca4ab961af30750198dda0e7c9a4bc7f7.jsonld","https://obis.org/dataset/95dcd908-a6b9-4422-a441-42caa46724f5","identifiersha","2025-04-07 08:22:55+00:00"
"76daa72f449bc8d3444b6b405cef334e8f5d40f3.jsonld","https://obis.org/dataset/696d20b7-1cf8-4b81-b57c-6c99acf772d5","identifiersha","2025-04-07 08:23:27+00:00"
"76e1c1f31977af5ea98984b2fc083421948cdb2a.jsonld","https://obis.org/dataset/cbd631ea-c8ff-419f-8340-b29c7fdc416a","identifiersha","2025-04-07 08:23:15+00:00"
"76f544043b750907223368212903f6244e6874fd.jsonld","https://obis.org/dataset/ea657bb8-e39a-4020-9903-652c2b08c3f2","identifiersha","2025-04-07 08:28:28+00:00"
"7708d0bbcf70e3ccb6eb7448366618d4b866d623.jsonld","https://obis.org/dataset/76e20e5d-0bbc-4a0f-90c7-598a3edd4258","identifiersha","2025-04-07 08:23:03+00:00"
"770aa48d1cd0deceee2153abf45561ab708c9712.jsonld","https://obis.org/dataset/280ba323-9960-45e4-a902-c4ceb9357664","identifiersha","2025-04-07 08:23:32+00:00"
"771b49f60d50ef495194bf36c0e872ad641805cd.jsonld","https://obis.org/dataset/a09d8958-bce0-408c-b031-109e43b8bed0","identifiersha","2025-04-07 08:27:58+00:00"
"7721df2cc728cb39adbb3c30a9bb3988b5dbe601.jsonld","https://obis.org/dataset/88c9a4f5-0c51-4cdf-8734-77d3d6aa934f","identifiersha","2025-04-07 08:26:14+00:00"
"7731000d3a798d7f6e84a866dfc649a2ea99afb9.jsonld","https://obis.org/dataset/dae283ff-1835-465c-b058-fa6417d0ff2d","identifiersha","2025-04-07 08:26:21+00:00"
"77430a8aec2f6627466c66629c899aa968853dad.jsonld","https://obis.org/dataset/6d8250cf-c845-44fe-ac7d-e795c844dc15","identifiersha","2025-04-07 08:25:21+00:00"
"77690b4f607c4e8724dea848cca1f0dbc4f77285.jsonld","https://obis.org/dataset/b1363fbb-afec-4dc7-85b6-39b8a5ebb55c","identifiersha","2025-04-07 08:23:03+00:00"
"776f1e8ba5a558a28d11b13563c42f4f718ec55c.jsonld","https://obis.org/dataset/414edb1f-7883-4052-85e4-398884f0faa6","identifiersha","2025-04-07 08:26:53+00:00"
"77703457db724e2213371da34b8d9c95e6d60861.jsonld","https://obis.org/dataset/b4df9b6f-a7cc-4b5f-808e-0016f0582a00","identifiersha","2025-04-07 08:26:38+00:00"
"77747ed00d1f639e1a33488a58bb41ad2d6d85ac.jsonld","https://obis.org/dataset/f3d7798e-7bf2-4b85-8ed4-18f2c1849d7d","identifiersha","2025-04-07 08:24:01+00:00"
"7795c2afc38b8ae04600978c0ab4590f4f22bb80.jsonld","https://obis.org/dataset/8faf0e94-1c0e-479d-942c-7f21a4c0a5b4","identifiersha","2025-04-07 08:22:54+00:00"
"77998a778ce2302f086159bfcc84628cbd6ae54a.jsonld","https://obis.org/dataset/d17e4cae-baf5-4f8b-980f-aa6806f070e2","identifiersha","2025-04-07 08:22:28+00:00"
"77a6222abed4360b7a74255b5d0b05ea7a73d678.jsonld","https://obis.org/dataset/528fe00d-8ca0-4c32-b6b2-fe72b05d9a6e","identifiersha","2025-04-07 08:22:59+00:00"
"77ae7acf516d688e89faa0ba38786ea53850246d.jsonld","https://obis.org/dataset/e6513ed4-0c07-400c-8ec4-9b54b664cdb8","identifiersha","2025-04-07 08:25:02+00:00"
"77b1bac1612672755dd7817c3cb3990a560a0fcc.jsonld","https://obis.org/dataset/f5196f0a-8431-4722-8f10-bd0459f83cbe","identifiersha","2025-04-07 08:23:47+00:00"
"77b5fe7127c7724e4190478e4ae42507e25a8772.jsonld","https://obis.org/dataset/0a6c216b-0abe-44d2-a45c-43d9611e2a03","identifiersha","2025-04-07 08:23:09+00:00"
"77b93ba0bdcce39eda593c71001fa81ab53b0b00.jsonld","https://obis.org/dataset/be7a16ea-3e22-4365-b066-a0e96c52d2a6","identifiersha","2025-04-07 08:26:09+00:00"
"77c2903bc936db363c2c806642dbc9bbbb62fc97.jsonld","https://obis.org/dataset/d9d4a8bd-a571-4081-bec9-75a7d9108b0d","identifiersha","2025-04-07 08:25:47+00:00"
"77c4fdf2c56cbdd25ac056f9af5031da09214c8d.jsonld","https://obis.org/dataset/b77e7c2e-d796-478a-b110-8a647a887a4a","identifiersha","2025-04-07 08:25:33+00:00"
"77c62469d0559bc91b18452778c04462b332d2dc.jsonld","https://obis.org/dataset/59adfb34-11d3-4931-8cd2-7baad526b364","identifiersha","2025-04-07 08:28:14+00:00"
"77c6b66d7d85525d731d0a9c6adee48d64fb10e0.jsonld","https://obis.org/dataset/ea340301-ce77-46bb-a0e2-8121e97ac784","identifiersha","2025-04-07 08:28:33+00:00"
"77cd279dc7f436f168f303604e527d215b8e433b.jsonld","https://obis.org/dataset/48202606-f758-4974-ab2b-57aa154190e3","identifiersha","2025-04-07 08:27:23+00:00"
"77cdf26f583b96d10a45027cf0a34cb76c0c3220.jsonld","https://obis.org/dataset/f3f38f7e-d905-4c59-a574-a2809ce8f118","identifiersha","2025-04-07 08:27:54+00:00"
"77d01b6f2bc8ff8db82699ce9d33826276d4d89a.jsonld","https://obis.org/dataset/36fbd7d5-f381-4303-b5b3-890c0c99b6f1","identifiersha","2025-04-07 08:24:00+00:00"
"77d24bd955ab04d334837a5a5f35d76976bdee7f.jsonld","https://obis.org/dataset/50b1b06d-f311-43f2-ad72-c7f05a9c1771","identifiersha","2025-04-07 08:22:46+00:00"
"77e9316c07416ff304a7cb14df73f7b7eb120fe1.jsonld","https://obis.org/dataset/a9a3bdc6-209f-4c66-aafd-ce5271cb63b3","identifiersha","2025-04-07 08:22:27+00:00"
"77fd969816e6135bb1cd94641e366f8b3528fac9.jsonld","https://obis.org/dataset/6bf16e2d-8564-4a2a-b2eb-d1c9954658c0","identifiersha","2025-04-07 08:23:08+00:00"
"78030f0575cec963d8d4e5c7bb6a9f39517e1ba0.jsonld","https://obis.org/dataset/e8b9abeb-787f-461f-ad0c-36ddaa489b04","identifiersha","2025-04-07 08:26:41+00:00"
"780c06e8b1d27e58fd709419c33a32bc66dbf8b1.jsonld","https://obis.org/dataset/046f49f7-1607-42c7-930b-cf2d450333b7","identifiersha","2025-04-07 08:22:54+00:00"
"78123c81ca7db1d60973d1af8180c7d00493de7b.jsonld","https://obis.org/dataset/6b96b0c8-ae95-4ad4-b8cb-5c1a706cf7aa","identifiersha","2025-04-07 08:26:15+00:00"
"781912b0bc5a14c798ecb7c200b4a38e7065c464.jsonld","https://obis.org/dataset/b5a87aef-6084-44b5-9c04-ca3b8454f44f","identifiersha","2025-04-07 08:25:41+00:00"
"7836b627701fa4b17b43bda318986309939485d5.jsonld","https://obis.org/dataset/9e3dea3d-6b47-4564-8616-14d54ffc153f","identifiersha","2025-04-07 08:25:28+00:00"
"784c2f91ede72040c88294919999202cf0b9fc2f.jsonld","https://obis.org/dataset/664a06a6-addd-4001-9d1f-dd967953f8ba","identifiersha","2025-04-07 08:24:43+00:00"
"78516058ca933697f9d309751fe9f6281ff74304.jsonld","https://obis.org/dataset/a047f4a5-e900-435b-8582-c7c8bf73b8ce","identifiersha","2025-04-07 08:25:52+00:00"
"785535118a3cf451ae3d52fcd19262af0ee72b35.jsonld","https://obis.org/dataset/885a485e-cfde-40a4-bd0c-1bb7d0e94478","identifiersha","2025-04-07 08:28:07+00:00"
"785d1f2a41366861199c35a51cff9d809b25c705.jsonld","https://obis.org/dataset/82ffb702-cecf-41dc-9314-649c08051ec1","identifiersha","2025-04-07 08:24:30+00:00"
"785e93639401c6675f81ec502991a241172426c2.jsonld","https://obis.org/dataset/58a383eb-59c1-4023-b5f1-251bf89512c0","identifiersha","2025-04-07 08:24:42+00:00"
"787467b504bea99f46d0b9bc3eaeff36d5793b73.jsonld","https://obis.org/dataset/d94cf346-7aa9-466c-8b21-6a435e634897","identifiersha","2025-03-24 00:43:09+00:00"
"787af9caf00434761f4ce4fa958c38c52b694173.jsonld","https://obis.org/dataset/e2f42da0-3dc1-49b0-8fd2-6bcc08d47925","identifiersha","2025-04-07 08:26:37+00:00"
"787df0018cf05b22fbd0a6957c9a64fce0091959.jsonld","https://obis.org/dataset/52589ec3-90ff-45a4-b718-57739f03bf83","identifiersha","2025-04-07 08:25:15+00:00"
"7887600bb31cf4e58816a0098ca3d75ff00365f1.jsonld","https://obis.org/dataset/e0844e44-621c-4c02-bb07-3cd413ea9f55","identifiersha","2025-04-07 08:27:42+00:00"
"788c261a830d5fca2d432dbdf7531f0190a02f85.jsonld","https://obis.org/dataset/3ff82f02-aefe-45bb-a37e-3035394b3e56","identifiersha","2025-04-07 08:23:01+00:00"
"78936a2abca130be49ad1ffc2a5191feb815b5d8.jsonld","https://obis.org/dataset/b9bfb219-1d5c-450e-9b26-fd377aee8561","identifiersha","2025-04-07 08:27:08+00:00"
"7895749fb6042a6dad2561cf43036fdb781a800e.jsonld","https://obis.org/dataset/3c4d7f67-7883-45fa-ba49-3bdd84be01fe","identifiersha","2025-04-07 08:23:24+00:00"
"789d4b26cf3c3d7c6ad7d3b12f215efb976f3884.jsonld","https://obis.org/dataset/fbea11b1-c8f7-4c87-bd35-1a6bcd2ffaff","identifiersha","2025-04-07 08:27:11+00:00"
"78a2c5951d46b8abcb4db362224ec072a5f8f2a9.jsonld","https://obis.org/dataset/f98d4727-6271-4b36-8267-aff010d76ebe","identifiersha","2025-04-07 08:28:30+00:00"
"78a6cc0962cbc7a943a3ffb06250a2e8e4f0483b.jsonld","https://obis.org/dataset/8e323d59-ae6c-4b62-840e-8f6eb68e40ed","identifiersha","2025-04-07 08:22:56+00:00"
"78baa6ad7d5c39af6ebe52682523b81af7633b63.jsonld","https://obis.org/dataset/7c3596a7-6709-48db-aeb8-111ab2ea6c6c","identifiersha","2025-04-07 08:25:59+00:00"
"78c48b0aa25f50371e82c08eaad3ab4da4f7e5bc.jsonld","https://obis.org/dataset/34988250-4f32-463c-ae8e-ccffcd87604c","identifiersha","2025-04-07 08:24:38+00:00"
"78d52735f027a789f66351c34045613e69b26d91.jsonld","https://obis.org/dataset/b7f063aa-6b3e-472e-916a-b88d7fea3d9d","identifiersha","2025-04-07 08:25:01+00:00"
"78e172efd571bc78c6d8d36022ed6569bbe79b24.jsonld","https://obis.org/dataset/bf59afa5-5d44-420f-9100-5767a08a73d7","identifiersha","2025-04-07 08:27:20+00:00"
"78e33234c2ce094df4cf9ae4e298d58eba609d62.jsonld","https://obis.org/dataset/080e18ef-3c4f-4c20-b6c7-31e84f0da6e0","identifiersha","2025-04-07 08:28:15+00:00"
"78e34902f143ad04a8f1ea265126f571416fe039.jsonld","https://obis.org/dataset/5ef55cd8-05a1-4569-8e17-ceb224e40f59","identifiersha","2025-04-07 08:26:14+00:00"
"78f1670841054e47e969acfbfce3699671759224.jsonld","https://obis.org/dataset/3a96af4e-7031-4797-a247-bfc9dc74a89a","identifiersha","2025-04-07 08:25:33+00:00"
"78f2e3e5e44c20d9181562c3ab3b6f7a7005d3ca.jsonld","https://obis.org/dataset/b6bf510a-81ea-43ef-b9c5-dc0e8aac24be","identifiersha","2025-04-07 08:28:33+00:00"
"79090f6548a291274a81b09a9fd41159c370c893.jsonld","https://obis.org/dataset/65f7c77e-3ed5-4d87-85d2-8543aded2bf9","identifiersha","2025-04-07 08:24:55+00:00"
"79199212bf8e084697defabef0e058c5b4529184.jsonld","https://obis.org/dataset/9b8fb0ac-3957-4aa0-9361-2435c9c46ef6","identifiersha","2025-04-07 08:26:59+00:00"
"791d5127ea591039c54859bffa985699bc3d145a.jsonld","https://obis.org/dataset/64368de6-9bf2-43e3-9a77-647029b897e6","identifiersha","2025-04-07 08:26:39+00:00"
"7947ebc23d85f93f5deb0f94ef9a16e1db36d3e7.jsonld","https://obis.org/dataset/75da81ec-cdd9-4bbc-aaeb-c499df50fe68","identifiersha","2025-04-07 08:23:58+00:00"
"794e7fc440cb38553a43c86071682bd2570d862d.jsonld","https://obis.org/dataset/fd17342f-b6bb-4294-b0b1-5495f4fcf25c","identifiersha","2025-04-07 08:27:25+00:00"
"795375af4f9c8f8c0e2988355ccab9c6be66a0ef.jsonld","https://obis.org/dataset/4be779b1-f63b-4046-83ee-991d454f1ca5","identifiersha","2025-04-07 08:27:56+00:00"
"7955c40a0d0f1f29c709d31977a7436040f08e03.jsonld","https://obis.org/dataset/5f499a34-f103-4146-bda1-1880fd8dfda0","identifiersha","2025-04-07 08:28:21+00:00"
"7957dd5f02d8c421f8804525f8beed078924f680.jsonld","https://obis.org/dataset/2e773bdf-f845-4876-abd9-39e71f63fbff","identifiersha","2025-04-07 08:25:51+00:00"
"795dd2aa53bb6b4f30fcff4a9cae9ec5aa0a58ce.jsonld","https://obis.org/dataset/b855f876-36b4-4f3d-992e-7425750121e2","identifiersha","2025-04-07 08:23:12+00:00"
"795fbe3de49db4a0696761ea4feabd1692ed8945.jsonld","https://obis.org/dataset/3da73b22-8963-40d6-ad64-05ae19d5f3b9","identifiersha","2025-04-07 08:23:34+00:00"
"796da7dfc6a5155575ff0c442bdc7422d2c878ad.jsonld","https://obis.org/dataset/64645739-c5d3-48ca-b505-91a3fc7bbc9b","identifiersha","2025-04-07 08:25:32+00:00"
"797a517e3fd33eb1260ad4ca04dab1c081334358.jsonld","https://obis.org/dataset/fd7f72a1-32a2-444e-a245-a12b5672da51","identifiersha","2025-04-07 08:24:19+00:00"
"797c136088a4e4983fbb7a68fee0309e488a1921.jsonld","https://obis.org/dataset/9b7acd33-4a40-4043-9383-e8c73b7ed7ba","identifiersha","2025-04-07 08:23:15+00:00"
"798949c17517f0cfa41df0e02e0df77a06e42fa7.jsonld","https://obis.org/dataset/ab737464-f691-4b72-aae2-1bb70411468d","identifiersha","2025-04-07 08:22:57+00:00"
"798fdfffb5e2508994db5ab5a57b8682719f623d.jsonld","https://obis.org/dataset/d11b19e7-4103-4cf5-ad4e-8c6c2cfb2e6d","identifiersha","2025-04-07 08:23:22+00:00"
"7994ea6b6d20d78295696653e7272f06d596cb28.jsonld","https://obis.org/dataset/7fa785bd-da15-43f3-8b74-2ccc76396381","identifiersha","2025-04-07 08:25:25+00:00"
"799c9852b333211edd853de7bf6e02cc7fa70816.jsonld","https://obis.org/dataset/a23d9c9c-c978-4fa5-9e26-47f2d0be34d1","identifiersha","2025-04-07 08:28:25+00:00"
"799e5587d6a2c381ff81f9b7e4765d1d067f1846.jsonld","https://obis.org/dataset/006dcedb-1aa9-40fa-b058-f0ba6a930009","identifiersha","2025-04-07 08:22:51+00:00"
"79a0894bb289e4e5ef752acbb25364480c22f9da.jsonld","https://obis.org/dataset/f8d136bb-2473-4879-a916-da02085f5e09","identifiersha","2025-04-07 08:28:05+00:00"
"79b017bf7b463c9751601f76175ac3be889b42ba.jsonld","https://obis.org/dataset/58692e00-21aa-4c74-87a0-f06bf4610f86","identifiersha","2025-04-07 08:23:41+00:00"
"79c3f4f3aadf07c5deff5f330af487d90e852e24.jsonld","https://obis.org/dataset/063a5fb5-8adc-4c9c-a5ba-53d444b7089f","identifiersha","2025-04-07 08:23:08+00:00"
"79c5ecb2bf8c62c7c0c44f7cc75de0ca94bb9376.jsonld","https://obis.org/dataset/4c35bfd7-961d-4bf5-ba5b-067e4f29e1c6","identifiersha","2025-04-07 08:26:09+00:00"
"79cbb611f954a92ca5c003a8efaeb94c711db471.jsonld","https://obis.org/dataset/f6e5b0ee-d645-40fc-a433-17fd8965c941","identifiersha","2025-04-07 08:22:32+00:00"
"79da990ce7cedee972811c0d2e939d1897085509.jsonld","https://obis.org/dataset/46389886-a09c-4cc4-bd5b-76ada2157a52","identifiersha","2025-03-24 00:28:00+00:00"
"7a0b0ab14a5137457c5ac7ebfc18bab37e536adb.jsonld","https://obis.org/dataset/b663cbb3-6a26-450d-860c-7ae5702a37f7","identifiersha","2025-04-07 08:24:06+00:00"
"7a0d8c01dfe37bd52ed4232ecfc76bc97d818fe9.jsonld","https://obis.org/dataset/857f58ea-6af1-425c-9b35-c01985f95379","identifiersha","2025-04-07 08:26:13+00:00"
"7a0e60bd1133bf42f9beea1db4f3d4f1ee3f8c35.jsonld","https://obis.org/dataset/bb2d69a5-fbd3-440f-a41d-7f989462e743","identifiersha","2025-04-07 08:27:36+00:00"
"7a11c43e2e9625b8d99e13c14b39bffa0482d603.jsonld","https://obis.org/dataset/8347fe7b-a659-458d-8bad-aefc664cb4e1","identifiersha","2025-04-07 08:24:08+00:00"
"7a171d36201dcaa9c4b0967130d798de93cc89cf.jsonld","https://obis.org/dataset/35656466-53a2-42ea-84e7-10c5c8b62025","identifiersha","2025-04-07 08:25:15+00:00"
"7a1d31e70789d3db40c83c7b7b7797b26279b9b7.jsonld","https://obis.org/dataset/f3aaba37-b832-4969-a14a-cc72a6a4bae0","identifiersha","2025-04-07 08:26:35+00:00"
"7a1f0d30d3fb8e10d7321fa8b7348231b379c055.jsonld","https://obis.org/dataset/1a88b55b-84b7-4b22-ba1c-b845a8d73e1a","identifiersha","2025-04-07 08:23:13+00:00"
"7a2212660bcbc1033760d6a30220289217f6ea92.jsonld","https://obis.org/dataset/ab92fefd-8de6-4f37-8493-c1d168c0f10c","identifiersha","2025-04-07 08:27:27+00:00"
"7a2da459831696bffef4e2f689d6059e4c97bf62.jsonld","https://obis.org/dataset/fe122ff7-d413-49ee-b08c-0212e54c9df8","identifiersha","2025-04-07 08:27:52+00:00"
"7a2f03a1128f526581f12cfdca6f20d522a7411c.jsonld","https://obis.org/dataset/19a213dd-e2df-48e1-ad3d-c3ffdba81e18","identifiersha","2025-04-07 08:25:10+00:00"
"7a51b67ff09aaa72264373efc710665ebf6bf190.jsonld","https://obis.org/dataset/5db2ffe4-8764-4647-9271-467192832793","identifiersha","2025-04-07 08:23:11+00:00"
"7a5ecb84f1b66a8f18bd9ecfd60059ee6390753c.jsonld","https://obis.org/dataset/af8c1d46-8090-4dcc-9853-5c9ee8b7a551","identifiersha","2025-04-07 08:24:06+00:00"
"7a69e244669892503f5ff3e7210ee0802af1d0e5.jsonld","https://obis.org/dataset/39b479a3-639e-48d2-9287-cc2580124e11","identifiersha","2025-04-07 08:25:45+00:00"
"7a6d3552acb04aa11c5c3855351b350bb684e6f8.jsonld","https://obis.org/dataset/9391f7b2-9e3d-46d1-afbd-dd092d1de7c9","identifiersha","2025-04-07 08:24:06+00:00"
"7a80185e4ff5c8f85aa8fd9de15ff6b458995b42.jsonld","https://obis.org/dataset/c9ef68c5-b82b-4545-9d7c-aeaebcc5e99f","identifiersha","2025-04-07 08:27:52+00:00"
"7a8aa03d8493851dc9ebbbe0df8b6597941b76ea.jsonld","https://obis.org/dataset/926c3278-ca1a-495b-80d0-fbf494f54699","identifiersha","2025-04-07 08:25:43+00:00"
"7aa0c55d13f9a43fab854e9d4d466e5995473fb4.jsonld","https://obis.org/dataset/1d063315-5a15-4d9d-9a2f-b62ba744198b","identifiersha","2025-04-07 08:24:00+00:00"
"7aa9f37e519688324214a02b9a31a51822826f2e.jsonld","https://obis.org/dataset/afab2616-cc64-45a6-b04c-a5354ddec25e","identifiersha","2024-11-03 14:18:34+00:00"
"7adc5d48b55753459cf28ca2ab7a61f68709b2f3.jsonld","https://obis.org/dataset/18ce9611-da1f-440c-bf66-1509d0ca4cf7","identifiersha","2025-04-07 08:27:14+00:00"
"7adfa9779c6c85955c7ec4d429016745921d4f97.jsonld","https://obis.org/dataset/c21874e7-2e80-4228-8836-c92eae0037a4","identifiersha","2025-04-07 08:25:20+00:00"
"7ae3928ce3e4946ccdec71c646f11771abe9aee8.jsonld","https://obis.org/dataset/9625bb4a-bbbb-4cde-946f-e74f973fdba4","identifiersha","2025-04-07 08:25:31+00:00"
"7af702d71af0275289e3492d6e9f41cc3f1a74ca.jsonld","https://obis.org/dataset/760ec53d-ee7d-4bf9-a575-fb1bc3bf697b","identifiersha","2025-04-07 08:22:54+00:00"
"7b1377b7c2cee7638e51ec43b0112a1aa7d7f457.jsonld","https://obis.org/dataset/d64dc1a6-5670-410e-8bed-1489c03fb016","identifiersha","2025-04-07 08:25:52+00:00"
"7b3094209dd272669bc8eb612d143f5498731b8d.jsonld","https://obis.org/dataset/a56e8bab-4a0e-44c3-b61c-598234479db6","identifiersha","2025-04-07 08:27:52+00:00"
"7b3c5fe34e7d8ad89f487eea7f6e7c43e5de0043.jsonld","https://obis.org/dataset/415fc669-4d0a-4b31-8658-bd16c8f08293","identifiersha","2025-04-07 08:22:53+00:00"
"7b45c7c88255badd69f8f1eae1fe143567497afc.jsonld","https://obis.org/dataset/8c8bacb7-579d-4b3e-abea-d319c59dbc39","identifiersha","2025-04-07 08:28:25+00:00"
"7b51a7076b7236a7dc1590b0ba89f06506686dda.jsonld","https://obis.org/dataset/c43ed461-2b8c-4f6a-9a17-8cc8254db5e1","identifiersha","2025-04-07 08:25:11+00:00"
"7b5228294a41ded2716a7141b929d1f2aab2217a.jsonld","https://obis.org/dataset/40c2d431-9cd1-4c4d-bd00-9a7883ff2577","identifiersha","2025-03-24 00:44:34+00:00"
"7b5d55e69b3c46bf245273a38243313f5c5f48c6.jsonld","https://obis.org/dataset/61275b26-807f-4b5c-9b84-8c0b0ff77822","identifiersha","2025-04-07 08:27:45+00:00"
"7b6ca24e428906c16eff8c7cc1e02aeed9f9cba4.jsonld","https://obis.org/dataset/7d6103bb-50f1-48ce-b248-55aabd818e71","identifiersha","2025-04-07 08:23:49+00:00"
"7b7a38ec3026cd6a3259e7337d35610d3a7d935a.jsonld","https://obis.org/dataset/f11a783e-9ff0-46dc-b7b7-803513b8c12e","identifiersha","2025-03-24 00:44:13+00:00"
"7b96b15f50b5f48534b0c4544237b54219aacb13.jsonld","https://obis.org/dataset/13df6cd5-b38e-46b3-96c3-f86f8c7d378e","identifiersha","2025-04-07 08:28:12+00:00"
"7b9f58f32d393650858ea0f824b045e0938b8379.jsonld","https://obis.org/dataset/f4870a35-b4b5-4cdd-b665-8b7b2d7fc245","identifiersha","2025-04-07 08:26:31+00:00"
"7ba3d1840edd2e34035759b9bd454af7bbf73e6f.jsonld","https://obis.org/dataset/d915a4e2-9263-4bd3-b827-2ebccd293bfb","identifiersha","2025-04-07 08:27:28+00:00"
"7bae9be37a389e3ca3f7ed872fc64a9205bac42e.jsonld","https://obis.org/dataset/1057a007-c31c-48a3-a6d8-b82450cb93d8","identifiersha","2025-04-07 08:27:24+00:00"
"7bdb869559b23febc6bc6e8049229319f87d0eed.jsonld","https://obis.org/dataset/f1ccdf97-4d0b-4821-8661-688a260cadd0","identifiersha","2025-04-07 08:23:51+00:00"
"7bf60b09882ca6926a2571d24defbdf8217b3eae.jsonld","https://obis.org/dataset/67d8ee45-4dcc-4ed2-b855-5bc815a68b69","identifiersha","2025-04-07 08:26:35+00:00"
"7c093a46b32319f7ca8273acb0b1381a1d20934e.jsonld","https://obis.org/dataset/44d02422-9ead-4392-8e0b-39aaefe2ce01","identifiersha","2025-04-07 08:23:29+00:00"
"7c0ee3eef4d094cd557c1e64a61a5195ab47cdff.jsonld","https://obis.org/dataset/e0de7c96-c16f-4815-b4f4-2d2a24e497dc","identifiersha","2025-04-07 08:26:07+00:00"
"7c1239496738abfb237805d0ce1ec8c3b1cd2495.jsonld","https://obis.org/dataset/b08e636b-f5be-4f7f-81db-bdafcdf68e57","identifiersha","2025-04-07 08:22:52+00:00"
"7c17468c8fa5779d1b93e1ee9b781a79d03bc7fe.jsonld","https://obis.org/dataset/2efab3d2-83a8-49a4-bd2d-025434e9df90","identifiersha","2025-04-07 08:25:53+00:00"
"7c2369d0d358a983c10e61a93bf6dbd1d725e5a3.jsonld","https://obis.org/dataset/5c850aae-b242-45aa-9a25-1aaf49ad139d","identifiersha","2025-04-07 08:24:53+00:00"
"7c23ef1f973ed268aea037d5ef8c45ebcf0d01a7.jsonld","https://obis.org/dataset/f306ca42-4493-4bec-b9c9-cf10764a81bd","identifiersha","2025-04-07 08:26:37+00:00"
"7c251195d38b6e5a450ccf57fb268c29ab640b1f.jsonld","https://obis.org/dataset/54bc0e9c-e857-4216-a6ce-46cd6ae58cd7","identifiersha","2025-04-07 08:23:05+00:00"
"7c29287e53b23867e37113a470c46b3cf141c2b8.jsonld","https://obis.org/dataset/dfb911f2-138a-42b4-95d0-37ed041b9490","identifiersha","2025-04-07 08:23:05+00:00"
"7c3fa7161dced12f9eac0b899efed85cea27dbc3.jsonld","https://obis.org/dataset/82b78486-c781-4959-a2ba-7b320606e93f","identifiersha","2025-04-07 08:27:48+00:00"
"7c48d1af44b0db25477ada27eca9ffe865f26454.jsonld","https://obis.org/dataset/55fdf3b0-744a-4a29-a81e-7d9884be1a91","identifiersha","2025-04-07 08:22:37+00:00"
"7c536a36e90a6e70879b0be7a770788dd3b5c459.jsonld","https://obis.org/dataset/b5b9638b-8382-4a0c-9528-a78d3d554dae","identifiersha","2025-04-07 08:22:33+00:00"
"7c5481feb859d161a024ee27a8914d313640e6ed.jsonld","https://obis.org/dataset/51741432-1e25-4d11-ae72-d5dbcc6282cc","identifiersha","2025-04-07 08:26:56+00:00"
"7c61837a94231e929da24e6cfb301848b9db43bf.jsonld","https://obis.org/dataset/8fbf53ba-500f-4c9d-8b70-c7e0ad483291","identifiersha","2025-04-07 08:23:25+00:00"
"7c6c5177141b58fe356339d5aa3268f8fc63be44.jsonld","https://obis.org/dataset/c0bf85d7-a728-452d-9762-877ad6240a8f","identifiersha","2025-04-07 08:22:39+00:00"
"7c6d7c53492678276cf5e81b4f2d02c4eb363904.jsonld","https://obis.org/dataset/5ed4177f-5460-45c0-83cf-a98b1c5a8410","identifiersha","2025-04-07 08:28:39+00:00"
"7c8957cd889ee08f94407ddccb73dc0029094ec3.jsonld","https://obis.org/dataset/efb1d61c-6de4-489a-bcb0-3dc17ddc2778","identifiersha","2024-11-03 14:19:02+00:00"
"7c9e5c972b45d8f746098d2079da4ae259ecb0e3.jsonld","https://obis.org/dataset/fd1d4384-f317-47ee-aa8c-c20347bae849","identifiersha","2025-04-07 08:23:44+00:00"
"7ca2739320e293201fdba8e2dd83471663d95ffb.jsonld","https://obis.org/dataset/2b9cb8eb-c018-47cc-bb55-759d0d3a47cc","identifiersha","2025-04-07 08:26:21+00:00"
"7ca5db0f4e3b0a4c7c7064ccb33018a262445017.jsonld","https://obis.org/dataset/5b7fb48c-80ce-4126-bf4d-8b68e1862139","identifiersha","2025-04-07 08:22:36+00:00"
"7ca6207954337ee79670098ba7fec64cc44036a6.jsonld","https://obis.org/dataset/c129e329-280d-4490-a8ff-df8322269229","identifiersha","2025-04-07 08:27:49+00:00"
"7cb86edef7233b18cf74f92b3e959aeaff530087.jsonld","https://obis.org/dataset/798d34a8-1593-4543-886b-a72df94844b1","identifiersha","2025-04-07 08:26:14+00:00"
"7cbc7419644f7df672a45f0e7440e5bc8e42c2e6.jsonld","https://obis.org/dataset/a0d5f629-c546-4126-95b8-14d8bc831d20","identifiersha","2025-04-07 08:22:48+00:00"
"7cbd1399d1235adbb76eb21787b4366ffc75c90c.jsonld","https://obis.org/dataset/4caa7639-9c5e-4c63-9266-5f83b416ad9e","identifiersha","2025-04-07 08:23:36+00:00"
"7cc223a2f948ee639def81f9e4855a36109ced4c.jsonld","https://obis.org/dataset/b81e8536-0953-40bf-9d9f-d0a173a34b07","identifiersha","2025-04-07 08:26:49+00:00"
"7cd67430cbe46cd4c9286279c67c35b9a3e40578.jsonld","https://obis.org/dataset/74529ca8-3b99-4ee3-96d6-6318b3969043","identifiersha","2025-04-07 08:24:52+00:00"
"7cdf10e1f635c5000a5d73347a6c25d663e5172b.jsonld","https://obis.org/dataset/a3df054d-aba9-4419-b347-80cf6e497941","identifiersha","2025-03-24 00:34:28+00:00"
"7cfcf0abd23221e8341ab0b2ea3c912a07fe1e8e.jsonld","https://obis.org/dataset/66377f44-d1d0-49e7-b40d-0e2e92f7af45","identifiersha","2025-04-07 08:24:59+00:00"
"7cffeb789b2cac2aa960571bfd42202516c96754.jsonld","https://obis.org/dataset/99214340-d443-46de-b037-c34082d55e26","identifiersha","2025-04-07 08:28:35+00:00"
"7d0e2ac2b3cf396c5eacc6f7217000167e37f0a9.jsonld","https://obis.org/dataset/46d695ea-ee18-4e39-a4ee-81065beab06b","identifiersha","2025-04-07 08:25:32+00:00"
"7d15e4905ee49e8661ae73daf8ac39be76868e27.jsonld","https://obis.org/dataset/f2dc0b36-35a4-4d2c-903a-294528d569b6","identifiersha","2025-04-07 08:28:02+00:00"
"7d1992ffee6040ce902709f30ad1a98e4cf62a55.jsonld","https://obis.org/dataset/2dffebfc-8132-445e-a127-3a360208a7b3","identifiersha","2025-04-07 08:26:33+00:00"
"7d2ba12c74ef29c80eb1b83e819cfe09f7942cc4.jsonld","https://obis.org/dataset/e2c4a839-89b5-484f-a63c-df89c2f9f974","identifiersha","2025-04-07 08:22:25+00:00"
"7d42d4fe12127ab372c1a67f39d4dbdb493d1b27.jsonld","https://obis.org/dataset/9f230540-1b97-44a6-b8cb-02a7b66a8b26","identifiersha","2025-04-07 08:27:38+00:00"
"7d4347a1f89d1964ea0665eeaab85e9e3ae6a0e6.jsonld","https://obis.org/dataset/ab908e10-4c36-4c26-8218-4a9a939578d9","identifiersha","2025-04-07 08:24:14+00:00"
"7d4c9ec8a42c18f608ced2895ddd13e77259b474.jsonld","https://obis.org/dataset/7ba62633-cd9b-436b-b70d-14b671235221","identifiersha","2025-04-07 08:26:17+00:00"
"7d569c3e9ba35db5861f8463a98e9a2d6bcdd775.jsonld","https://obis.org/dataset/90ccc542-bcc7-4c73-976c-5c7cbc9c859e","identifiersha","2025-04-07 08:24:32+00:00"
"7d71eebaa24561a2d4d229643b431df27b7f5af0.jsonld","https://obis.org/dataset/30edf9c3-1466-4a25-bdc3-e88a9c4d3b2d","identifiersha","2025-04-07 08:24:55+00:00"
"7d735134acbdfce138d2d190a53744e8a74b4afc.jsonld","https://obis.org/dataset/1c731670-f1bd-41e9-915d-2664962d2c3d","identifiersha","2025-04-07 08:24:59+00:00"
"7d76a1ea29e0c5b203ced6cb43f56282ba7ee9af.jsonld","https://obis.org/dataset/3f699014-4818-46d7-9544-e7f32f715400","identifiersha","2025-04-07 08:26:24+00:00"
"7d76fa62eca4ccc7a563bd3fc1724f03b5c34c47.jsonld","https://obis.org/dataset/39482a9d-8fff-460b-94b9-00214f57223c","identifiersha","2025-04-07 08:26:24+00:00"
"7d7da87be62b724ebd1456900df252bbeed78de1.jsonld","https://obis.org/dataset/225fab6f-53ad-43f0-9ae8-abfa65dcaf10","identifiersha","2025-04-07 08:27:32+00:00"
"7d8b8855f75d2398ef2a869a6c9a23190295ac24.jsonld","https://obis.org/dataset/22895f2d-4913-42b9-bce2-213dab1fc8cf","identifiersha","2025-04-07 08:27:31+00:00"
"7d8c778d0f71f3aac81dd22a331087d48f60660a.jsonld","https://obis.org/dataset/9695cec2-07b7-4337-8213-0b2045af5e8f","identifiersha","2025-04-07 08:26:47+00:00"
"7d8ce7a8d7c30807000ba53386ef28f2672c986f.jsonld","https://obis.org/dataset/966c15b3-e0ea-4fa6-8c7b-92955d668bf2","identifiersha","2025-04-07 08:23:59+00:00"
"7d8dad2725a56e9eb95fe98aa329253a36d61185.jsonld","https://obis.org/dataset/63ae7e90-c2c3-411e-b3f0-36de403cae1b","identifiersha","2025-04-07 08:24:06+00:00"
"7d9200f9e1ee4dccb1cb0d823225521c87da55d5.jsonld","https://obis.org/dataset/1dca5f31-812a-491e-abb4-7b2ac1d1fa24","identifiersha","2025-04-07 08:26:11+00:00"
"7d9532964ef5c6d380881984a77a2c4b5b7534f5.jsonld","https://obis.org/dataset/8912bdd9-9948-4cba-a8d8-9091f48b4279","identifiersha","2025-04-07 08:26:38+00:00"
"7d98654fa0ef4922f66e79fae496a2c4693ac33f.jsonld","https://obis.org/dataset/af0e14af-a5d9-4bb8-8357-82b34e6369c8","identifiersha","2025-04-07 08:25:36+00:00"
"7d990834c0594542cb6572be9e78639b8e86f9f3.jsonld","https://obis.org/dataset/58d5dd83-b5b3-4dc8-81c4-8b8a54d59b1a","identifiersha","2025-04-07 08:23:24+00:00"
"7da7cb04ebb6f5f8887c43e1d0a3ab8b06b7b378.jsonld","https://obis.org/dataset/995a6ef6-5c55-4b07-ad4e-d3fa29a2eb47","identifiersha","2025-04-07 08:26:20+00:00"
"7da8cff6961842487aadbd343043672beafd8aed.jsonld","https://obis.org/dataset/6cd6e3b5-c2bd-4987-844b-8775f7bdd33e","identifiersha","2025-03-13 23:02:27+00:00"
"7dbe90322f08ff9e2f66bb18026bb649cd48b834.jsonld","https://obis.org/dataset/af34bdc9-97ec-4641-9edb-3ec987343722","identifiersha","2025-04-07 08:28:39+00:00"
"7dd7020eec89a7f7d52b69b2272c49f32b3253c5.jsonld","https://obis.org/dataset/8c7e46b0-5c47-45c9-b7de-aedda4092ae6","identifiersha","2025-04-07 08:27:41+00:00"
"7de9540a0f27f98dbc20730f1b8c5a6a7c7c9a70.jsonld","https://obis.org/dataset/a449c6d1-7a79-4b84-a31d-028a3a70b0cb","identifiersha","2025-04-07 08:25:35+00:00"
"7dee524ba19e5464e6c6c979d1f11116faea9cdb.jsonld","https://obis.org/dataset/7beefdfd-edad-4f66-bdad-04a43b686a9e","identifiersha","2025-04-07 08:24:19+00:00"
"7df43f661e40770dc8997fdb59d182ce6a1e06d9.jsonld","https://obis.org/dataset/3e846cfb-a53e-4ed8-a623-a207025b3e25","identifiersha","2025-04-07 08:28:26+00:00"
"7e074d87d326f2ab647229cfa29a75325a59273c.jsonld","https://obis.org/dataset/9d629feb-ba03-4a83-908c-794d94d30531","identifiersha","2025-04-07 08:23:17+00:00"
"7e0c60124011bc7a83534f11b0f6f50d6706bf2d.jsonld","https://obis.org/dataset/85e944f3-9ae6-42c0-8193-bd5e60727aa6","identifiersha","2025-04-07 08:27:53+00:00"
"7e11b22bf105e6c65ffeee00829c0660879b9d3a.jsonld","https://obis.org/dataset/5b9d8c82-3fdf-4aa3-8eaf-5399902a84ef","identifiersha","2025-04-07 08:22:34+00:00"
"7e1227d6a5d4b75dcf9a9e0d24915f692f5bf237.jsonld","https://obis.org/dataset/47f49eb5-bd17-45e8-8e66-94c72bde031a","identifiersha","2025-04-07 08:24:25+00:00"
"7e1d274a321fcaf886e21c75019b29435f470c8b.jsonld","https://obis.org/dataset/47e57568-0855-4a90-8fb8-3ecfd8a476a4","identifiersha","2025-04-07 08:25:55+00:00"
"7e22294f13fd3a86cc81feaddfeb204a79146bc8.jsonld","https://obis.org/dataset/f1e773cb-e896-45b0-8a1e-faded8facb33","identifiersha","2025-04-07 08:27:31+00:00"
"7e247904b8c1815e2e651546e0ef65b20dd98efa.jsonld","https://obis.org/dataset/7e858a58-79b7-4b8b-a010-55ec7192ab29","identifiersha","2025-04-07 08:25:01+00:00"
"7e286c93732e068a67488e52607fd32bcade1fed.jsonld","https://obis.org/dataset/23c06d38-07cb-40a6-aa00-b878f1bcae94","identifiersha","2025-04-07 08:25:52+00:00"
"7e32e822af26c2db57434be19e357c52b10573a2.jsonld","https://obis.org/dataset/ede28193-f60c-45d0-bc17-6a71fcdb3d42","identifiersha","2025-04-07 08:27:30+00:00"
"7e3c9e907af147ab6a05f2c5c79dfd39a36df166.jsonld","https://obis.org/dataset/948851ff-3387-45dc-a97b-87f381dbacbe","identifiersha","2025-04-07 08:28:03+00:00"
"7e46660f335f2fcb7868322a39528757fda4c53f.jsonld","https://obis.org/dataset/de1b9e9a-d29a-4052-8706-29849dc7a8f3","identifiersha","2025-04-07 08:24:24+00:00"
"7e4866755dc221ff9d132bf07bf8d245859932cb.jsonld","https://obis.org/dataset/5d7eaef0-0233-4d2c-a9cc-f4ca4400c011","identifiersha","2025-04-07 08:23:35+00:00"
"7e492d9ff54cf489bfaa5e8e2ac36f0779423227.jsonld","https://obis.org/dataset/ad51890d-cf00-41b7-b37e-a100110ec7b1","identifiersha","2025-04-07 08:25:37+00:00"
"7e4c47fe7c6b6a77c5b35b62ecf4d21586b78e4d.jsonld","https://obis.org/dataset/4fed3d0e-0669-4162-be64-0f3f72e51316","identifiersha","2025-04-07 08:27:39+00:00"
"7e533b5e8c3e792a3bcd078e93db40c895e0d5b8.jsonld","https://obis.org/dataset/b193bbee-f586-48e7-91de-e5915f9fba56","identifiersha","2025-04-07 08:22:58+00:00"
"7e591fb47d6acfa93310334acb9cd6815bfd4897.jsonld","https://obis.org/dataset/919cb343-7b3c-4e03-afe2-8a580589a332","identifiersha","2025-04-07 08:28:29+00:00"
"7e65af531b2955efd9b4c90e2fdbe8cbe32be67e.jsonld","https://obis.org/dataset/2ea246a7-cd94-4c51-9a30-65d0036a660a","identifiersha","2025-04-07 08:23:42+00:00"
"7e6c6e5be8a8beee4a4b1fb140721c831a0fda61.jsonld","https://obis.org/dataset/a17af320-138c-40a7-a9a3-0dde2983b8d1","identifiersha","2024-12-25 09:03:29+00:00"
"7e7e394a9da9552f8154a35f320d7ad804789b76.jsonld","https://obis.org/dataset/9f81074c-9d95-4f6e-9a4b-6da84b6c80a7","identifiersha","2025-04-07 08:28:09+00:00"
"7e867ce1b3729052e90c8ddbd57a31f9057e829e.jsonld","https://obis.org/dataset/49b938b5-2d5a-43c0-92f9-26354f189f82","identifiersha","2025-04-07 08:23:50+00:00"
"7e9ff684bc8384005fe668e7ad8a0a1ee9eb75ab.jsonld","https://obis.org/dataset/3d326792-206e-4a4d-aaa5-b9b3a41281f0","identifiersha","2025-04-07 08:28:26+00:00"
"7ead7833b0654f2f0bff1b3f65822a594e5314ed.jsonld","https://obis.org/dataset/e77f1b7f-aa81-4e0c-8e88-8ac436453d7f","identifiersha","2025-04-07 08:25:26+00:00"
"7eb00bb1025dbd877bc7b2962b11bb3ff32205b0.jsonld","https://obis.org/dataset/d0ff251e-b059-470e-88b6-aefa546f6ddf","identifiersha","2025-04-07 08:25:55+00:00"
"7ebc6648aa92f17d6e02a089701b318bdf7eecb8.jsonld","https://obis.org/dataset/2fa39932-f47e-4cf5-84f6-91faa404636e","identifiersha","2025-04-07 08:25:31+00:00"
"7ebcb4e8938cf52074c52625a1136ac6637c273c.jsonld","https://obis.org/dataset/de885132-9031-46c4-aec2-d532237c5da9","identifiersha","2025-04-07 08:22:57+00:00"
"7ebd19ec7e2578b252b3c4db037b9f88c7f1864a.jsonld","https://obis.org/dataset/059f5fef-917c-450a-9a3f-ed93eddc853f","identifiersha","2025-04-07 08:26:33+00:00"
"7ebefb489cbb49788d5e0b8ea62199690bdc116a.jsonld","https://obis.org/dataset/0291d647-fea2-4c10-a84f-149649e6f79c","identifiersha","2025-04-07 08:25:13+00:00"
"7ec382d898e2c122d0163475d36d04e8c3a0dafc.jsonld","https://obis.org/dataset/dcdd92ac-9187-4d20-a45d-668799649770","identifiersha","2025-04-07 08:26:38+00:00"
"7eceda056400a06e18a4145263189d427fee7b42.jsonld","https://obis.org/dataset/cbb0b14b-27f9-4b4d-a650-e55bdb322a7f","identifiersha","2025-04-07 08:22:43+00:00"
"7ed56549ba15b1f9a7fb9629dad5a25a1ef76c72.jsonld","https://obis.org/dataset/0bf88234-3f7f-4744-8663-40e647b950f8","identifiersha","2025-04-07 08:23:42+00:00"
"7ed7afdd299b02e72a6f8fb5215d2e608b8d8ad9.jsonld","https://obis.org/dataset/1a5aca77-611e-4496-9702-0a938aa27d9c","identifiersha","2025-04-07 08:23:05+00:00"
"7ee266f5653447afec296e7a73f47ac2118c02bc.jsonld","https://obis.org/dataset/bc004aa7-fb6f-433f-a783-5c05b4e2cd15","identifiersha","2025-04-07 08:24:53+00:00"
"7ee7c21afe27e7c279353fc7170e6753c8fc6eb0.jsonld","https://obis.org/dataset/81ffade5-ab7f-47ae-9609-a7d0df46b5de","identifiersha","2025-04-07 08:26:51+00:00"
"7ee849cf7bbc0edcfb2401d6080de0670bd07826.jsonld","https://obis.org/dataset/0a7878bd-6b37-4846-a402-5c1ffc6495fa","identifiersha","2025-04-07 08:28:11+00:00"
"7ef443234389954ae7c74908145985dbb2a78252.jsonld","https://obis.org/dataset/40ef4d1c-0410-4933-a266-b8412f9266ad","identifiersha","2025-04-07 08:28:33+00:00"
"7f05ffc8664be760571ff2675c65290cedd74f18.jsonld","https://obis.org/dataset/d3949eb1-ad8f-44fc-8e44-46c5f138126f","identifiersha","2025-04-07 08:23:21+00:00"
"7f0928433395779152859ee92c95b1d5a08665f8.jsonld","https://obis.org/dataset/316c7f45-9808-46e9-afb6-3be3ad861eef","identifiersha","2025-04-07 08:26:14+00:00"
"7f11dd6d15163fdcfa6b05d4a22c9e0862406be6.jsonld","https://obis.org/dataset/e40ceb92-0698-4154-83b7-ea763c61a6cb","identifiersha","2025-04-07 08:23:36+00:00"
"7f1f6dab3f5ef2a359d66c81d1367564aa279d69.jsonld","https://obis.org/dataset/7aee17f1-d6e8-4204-a4b2-eafdf89563cf","identifiersha","2025-04-07 08:22:28+00:00"
"7f2ae22076b01cf4801db137280f1f941b4113e1.jsonld","https://obis.org/dataset/ed5e9990-0225-4437-b25d-047a2b21521c","identifiersha","2025-04-07 08:24:33+00:00"
"7f3be371ac8b40f77928e47850ff72c906511ed5.jsonld","https://obis.org/dataset/9cb316f2-fba6-4d6b-bd38-fe3ce02ced82","identifiersha","2025-04-07 08:26:08+00:00"
"7f51ad5dcfbe32f479221871c3f1637935bec36a.jsonld","https://obis.org/dataset/036dc775-c4d6-4d31-8bfe-2ca66d298b95","identifiersha","2025-04-07 08:26:15+00:00"
"7f624811ab7d3dd04b3ee14343eb75b07a4c092b.jsonld","https://obis.org/dataset/e43766f7-1ecc-4908-a089-488dda737695","identifiersha","2025-04-07 08:26:41+00:00"
"7f7d05c4ff246da2682adebd071c7bf6baab02cc.jsonld","https://obis.org/dataset/3f980ed3-99d1-45b8-a8b8-923c8ac8bf82","identifiersha","2025-04-07 08:26:17+00:00"
"7f99206167810503f422f342230ccc25ae2e8242.jsonld","https://obis.org/dataset/5591f393-fc15-461f-ab1f-da45e72339ee","identifiersha","2025-04-07 08:22:46+00:00"
"7fa64fe0eda9cb762a9dac561038dbb75866a528.jsonld","https://obis.org/dataset/8b18ef25-fe25-45e9-978f-0f4c462ce2f8","identifiersha","2025-04-07 08:25:28+00:00"
"7fb5c33878aec17a36669434f7b200a74b12b485.jsonld","https://obis.org/dataset/a332dcf7-d54f-475b-b6e4-43d1aa05fe9c","identifiersha","2025-04-07 08:27:06+00:00"
"7fb7d5553932f0cd3d3acf4e2a36e914c835c8d0.jsonld","https://obis.org/dataset/a85edab7-cd3f-43ae-b491-37ab2e7edf5a","identifiersha","2025-04-07 08:23:13+00:00"
"7fbfc39f5fd275f360ccb54a05d62f5aa2de38aa.jsonld","https://obis.org/dataset/a4742f1e-c0e3-43a4-8787-6e0e53975248","identifiersha","2025-04-07 08:25:01+00:00"
"7fc5c21c6dcf82c0483bd5b8eb2352ea42e09e78.jsonld","https://obis.org/dataset/46c52e34-73b7-45e6-a2ac-742e4c2058c5","identifiersha","2025-04-07 08:22:26+00:00"
"7fce0fedbd06477931c0ec30706af0d8f78b5179.jsonld","https://obis.org/dataset/28184ad6-79c2-4568-9b2e-ac695f2b7c51","identifiersha","2025-04-07 08:28:28+00:00"
"7fd3aa91ac1b8c22028b6c8cba2b76d7b4994832.jsonld","https://obis.org/dataset/62e1cf49-f66b-479b-a069-7b5845d4cdde","identifiersha","2025-04-07 08:25:47+00:00"
"7fd3bdf56308b72c9a29a50567913407acaa55cd.jsonld","https://obis.org/dataset/e5947aa3-8d18-425b-958e-36fe264bf2c8","identifiersha","2025-04-07 08:22:34+00:00"
"7fd473e5382d969a631383a5dcc9975f46b63d7d.jsonld","https://obis.org/dataset/6856003b-1899-4a92-be6d-7a8052af5691","identifiersha","2025-04-07 08:26:09+00:00"
"7fd94ea6079aba900086d6e62badc5e0e8c3452a.jsonld","https://obis.org/dataset/50e5cf86-3bb3-4e77-b895-0df2ce025a2e","identifiersha","2025-04-07 08:28:01+00:00"
"7fe94c9a74594d5ac46432a598ba8475124d8ffa.jsonld","https://obis.org/dataset/cbeb596a-613c-4449-a09e-f9a7ea091436","identifiersha","2025-04-07 08:27:42+00:00"
"7ff8bf93d852c293e10af405fa9c1707f88d813b.jsonld","https://obis.org/dataset/f5c2db9c-3aa6-4d6f-a255-d6f6dbd45b30","identifiersha","2025-04-07 08:28:16+00:00"
"7ffdb14a8837690c5e71180e6bc048cdc39d110e.jsonld","https://obis.org/dataset/487b9a1c-e04d-471d-9787-00c869cb726c","identifiersha","2025-04-07 08:26:17+00:00"
"800657c815a096647437cc86e72efefbc5818557.jsonld","https://obis.org/dataset/7f3a491b-9a9a-4329-9fcc-a1bc804cb803","identifiersha","2025-03-24 00:41:52+00:00"
"800bebf290653a54c2c90caf2cafd0fd1bd4ee67.jsonld","https://obis.org/dataset/64d5206e-6823-410a-a327-4913588a251f","identifiersha","2025-04-07 08:28:36+00:00"
"8025884c6e654b16eb28a052f5e940ec4e14bc21.jsonld","https://obis.org/dataset/a2fb6642-bf40-41f7-b5eb-ba769a7be7c9","identifiersha","2025-04-07 08:23:37+00:00"
"803ec8accb4810e601f51dac2f26d5e24bda0deb.jsonld","https://obis.org/dataset/83b20488-0f08-40ab-8d7b-db32216cd80d","identifiersha","2025-04-07 08:27:16+00:00"
"805733cca2c007cd82f73315af58449fc1e5ccc1.jsonld","https://obis.org/dataset/ce753762-62fc-4664-88b5-43c8e917e4ba","identifiersha","2025-04-07 08:26:55+00:00"
"805a0063d5ec4003586360f3debed662563e8581.jsonld","https://obis.org/dataset/ca816ed5-be34-46d6-8e78-9bebcab8451a","identifiersha","2025-04-07 08:23:19+00:00"
"8069e0bfe3bee79de6c11ad0b62f51323f02c340.jsonld","https://obis.org/dataset/03579385-106b-4df9-9b61-393735989db2","identifiersha","2025-04-07 08:24:57+00:00"
"80744d188f252e0e38174b7fc09f0c884662f008.jsonld","https://obis.org/dataset/a1b11fb9-5069-458d-aa7d-86ff92cb645e","identifiersha","2025-04-07 08:27:54+00:00"
"808b6c618942fb57877514a860bbe0af7d612905.jsonld","https://obis.org/dataset/bfe8521d-98ad-4aa0-bbfa-6f77c6cacd9d","identifiersha","2025-04-07 08:24:28+00:00"
"808cf5dbe900c976798a4ae9b13f8d4ca5795d45.jsonld","https://obis.org/dataset/3bf011af-bc57-49c1-a344-284032a9f1f6","identifiersha","2025-04-07 08:22:31+00:00"
"80a667dd7f818fed79916b3112371d0ba11adbc5.jsonld","https://obis.org/dataset/c749607c-f4bb-4301-954c-4ce2a2337a19","identifiersha","2025-04-07 08:27:07+00:00"
"80b195be1b09ac934dff04577e995cdd6a95e0df.jsonld","https://obis.org/dataset/fb3fe774-a1e5-45cd-ab4c-398bf7932a7d","identifiersha","2025-04-07 08:24:05+00:00"
"80b6bec94ace5b51e565fad267b769cd64917963.jsonld","https://obis.org/dataset/7c72e285-f524-4676-9f90-b81eae70b256","identifiersha","2025-04-07 08:27:17+00:00"
"80d19b2ee30e3b767cace63bd32d5319f90d6cf1.jsonld","https://obis.org/dataset/cec1a388-fde3-4cf4-9cba-22419f0fa5e8","identifiersha","2025-04-07 08:26:25+00:00"
"80d8bc5883a447df3e23edbb50ae4b1aa10ab861.jsonld","https://obis.org/dataset/63bee1c5-104d-4fd2-a9f6-3cff23338b7c","identifiersha","2025-04-07 08:26:52+00:00"
"80e5512b222c1c4ebe0cf3d2770fb50ba3867478.jsonld","https://obis.org/dataset/537e69ef-fc0e-4540-a5ca-3be884fa44f3","identifiersha","2025-04-07 08:24:35+00:00"
"80f56f79b90c62d37fe52b8de9bca8a0568c85ed.jsonld","https://obis.org/dataset/fda2c3e6-27ed-49f7-a108-3c05b0b653fb","identifiersha","2025-04-07 08:26:01+00:00"
"812b19672e782103985833d6c500d9406f54fd5f.jsonld","https://obis.org/dataset/346f3d7a-e03b-42a0-b297-8573cd9f67cc","identifiersha","2025-04-07 08:27:45+00:00"
"813a21836d36f85fc85af4e68954df9783718450.jsonld","https://obis.org/dataset/af375b33-c322-42b8-9799-9ca70f342b64","identifiersha","2025-04-07 08:28:07+00:00"
"81414f58cde3e512ea4b7b7aedcc651dba4b2bc5.jsonld","https://obis.org/dataset/0125fbc4-e9cd-4f8b-b155-bd9356b7fda0","identifiersha","2025-04-07 08:23:48+00:00"
"814542b65b170192a637c9da2a3c2f92af8e257b.jsonld","https://obis.org/dataset/2727dda4-ce0b-4b8a-9bbc-664b519e55c6","identifiersha","2025-04-07 08:27:39+00:00"
"8146198143f6c74c5c5c686c2b9b831cf7bdef9e.jsonld","https://obis.org/dataset/a410a638-2b80-4f66-a0e3-87b9cb280423","identifiersha","2025-03-24 00:42:08+00:00"
"814e40a535bf0f1d948a2dab6723f862139677f3.jsonld","https://obis.org/dataset/c8d477f9-1df5-4515-a402-02c15b9113db","identifiersha","2025-04-07 08:27:47+00:00"
"815429c9400e574cbc1bdd57c266567810bc2e99.jsonld","https://obis.org/dataset/48511e24-ebd0-42b3-b967-0e154fb2c537","identifiersha","2025-04-07 08:25:12+00:00"
"816195929b51977d5ed57a016f7d5e5fdfbf749a.jsonld","https://obis.org/dataset/5a929c97-0c37-471f-ab24-bdbbe792f61b","identifiersha","2025-04-07 08:23:48+00:00"
"8171b42fbc60480ba968d68387eca4675586cc00.jsonld","https://obis.org/dataset/741bd97e-9d11-4afb-976e-40e5732ef382","identifiersha","2025-04-07 08:27:20+00:00"
"817df87f57d9a218ab057618ce5a6ebd126dda03.jsonld","https://obis.org/dataset/d2df1c14-912e-4f8b-b1aa-2877cc0f4793","identifiersha","2025-04-07 08:22:45+00:00"
"8187a6efa1055f28e3228dfe78c7715870009c66.jsonld","https://obis.org/dataset/a18f9433-63cc-4d93-89af-2fb77c324225","identifiersha","2025-04-07 08:24:08+00:00"
"818db523773590c63af68a79e04192d10a15401a.jsonld","https://obis.org/dataset/143984ec-ceaa-4344-bf95-7bbe2fd14c5c","identifiersha","2025-04-07 08:27:10+00:00"
"8199b3726a04d56bc57626d3e6325108f8af246a.jsonld","https://obis.org/dataset/04741378-3eb3-4674-8ac6-298643ec3ba4","identifiersha","2025-04-07 08:26:26+00:00"
"81a0f5373d1dbdb205cf817ec9ac7dfabb11caa1.jsonld","https://obis.org/dataset/78541fb8-936c-4fda-9b06-3831f61a2b43","identifiersha","2025-04-07 08:22:38+00:00"
"81bc3f5a290a5b41252609c85eb79831caf124fb.jsonld","https://obis.org/dataset/3ac81162-1804-43c4-b766-aabe2abcc572","identifiersha","2025-04-07 08:24:44+00:00"
"81bd9f1f2719a02a8f96ad0c43b73e132a602d37.jsonld","https://obis.org/dataset/e9afe342-1654-4600-beaf-b96307ae0728","identifiersha","2025-04-07 08:26:36+00:00"
"81c9948fdbf5458e2a4329b85bf7b35a1e030865.jsonld","https://obis.org/dataset/33452cc4-13c7-4355-894f-4a8833302841","identifiersha","2025-04-07 08:23:53+00:00"
"81d3a320277e3acaf1d2f0b75956b905c0382562.jsonld","https://obis.org/dataset/ac2d9d3a-7d85-4b76-b68c-519559d59c63","identifiersha","2025-04-07 08:24:22+00:00"
"81d4f0b8a7a71d2b4d0e5152cdfa9f4cd598d18c.jsonld","https://obis.org/dataset/9da3adbe-be36-4dc2-bc7a-3f3fbc98de80","identifiersha","2025-04-07 08:23:14+00:00"
"81d5e16c3d3c4b7b29d96716beadd282578418d8.jsonld","https://obis.org/dataset/d95b71f8-ccfd-4d0d-b276-aa8a2c3d3034","identifiersha","2025-04-07 08:25:18+00:00"
"81e62811a85e33cb2c16e066875c478a0c288a1f.jsonld","https://obis.org/dataset/6a74cd8c-19c7-42dd-88c5-b0906b02455f","identifiersha","2025-04-07 08:27:52+00:00"
"81fcd8d7dbf588b4f239cffabe11f650a29fcb4c.jsonld","https://obis.org/dataset/2102c55e-588b-4c35-96c7-822fd50c3437","identifiersha","2025-04-07 08:23:03+00:00"
"8203ecebf81467f360ddb114e61e5bbd6cea0435.jsonld","https://obis.org/dataset/49c38017-decf-4e04-8c1a-0a54fd3fa0e9","identifiersha","2025-04-07 08:25:44+00:00"
"822446c01083d6ac2dcddeddbbebe2b15d4f66eb.jsonld","https://obis.org/dataset/b57da4f6-58ad-4f0b-be57-69fe7c0d8a6c","identifiersha","2025-04-07 08:26:51+00:00"
"8232cf325e3ae45c1e172b6bd03bbdc55a0e62ba.jsonld","https://obis.org/dataset/d568d82f-618b-4e5a-a824-cc0280827d77","identifiersha","2025-04-07 08:22:28+00:00"
"82376746f3dc0787230a67262bb0e44c8d17b80c.jsonld","https://obis.org/dataset/a0aab0e0-797c-4186-b184-804dc79ed934","identifiersha","2025-04-07 08:26:40+00:00"
"8238fa866bc32287d3bf97a6b1f07a430cb7c531.jsonld","https://obis.org/dataset/bbf10b27-f6f8-4258-a07b-9e764bd511f6","identifiersha","2025-04-07 08:23:08+00:00"
"8256703622a600cd8e1bd9400202e0c2ce7a94a8.jsonld","https://obis.org/dataset/fc9c2fcc-42ca-4cf2-95a7-e45cf1f0a5de","identifiersha","2025-04-07 08:22:29+00:00"
"825a10efafdace52996b879b4f7b3950b3772580.jsonld","https://obis.org/dataset/2fb3a045-f8f7-4dc1-93c2-7ce9ec98abe7","identifiersha","2025-04-07 08:26:19+00:00"
"825b13d7028c516dafdf2ad68c8d028fee0badf5.jsonld","https://obis.org/dataset/8d59cdce-1791-417d-abbc-400de4cc63ec","identifiersha","2025-04-07 08:26:57+00:00"
"82672ba2d162dffe31e30f92825336ae99be033f.jsonld","https://obis.org/dataset/71de1ad2-6785-40e9-976b-a1e607ae27ce","identifiersha","2025-04-07 08:24:56+00:00"
"8281701b36ccc7b2a4b1946f0edbf08496a9adc2.jsonld","https://obis.org/dataset/7140a522-1379-452e-a8a7-8841a96fe656","identifiersha","2025-04-07 08:23:04+00:00"
"8285908cf23f222f3879058b70729042278b123b.jsonld","https://obis.org/dataset/f9676f6f-2d00-4c1c-bb4b-fba2f44acdb3","identifiersha","2025-04-07 08:24:48+00:00"
"82a2a6bf89694983deb77efa4dbe9bba0190b79d.jsonld","https://obis.org/dataset/1bc133cb-1063-4e07-b3dc-1ad71303a9d1","identifiersha","2025-04-07 08:28:01+00:00"
"82c8eedf811897a6a404137a23f0b1514c5579e9.jsonld","https://obis.org/dataset/f138375c-ff8f-46ad-9157-88819b357734","identifiersha","2025-04-07 08:24:24+00:00"
"82ef7d005a294e8eae6a829aadbf604427b83702.jsonld","https://obis.org/dataset/1ddd1411-59fc-4fcb-8d31-4f3248feecf1","identifiersha","2025-04-07 08:24:24+00:00"
"82f44483288a0d1903f7bbb01ad6bcdd6af43066.jsonld","https://obis.org/dataset/371c5dea-b5d9-4a94-85f3-309b7ff99bf9","identifiersha","2025-04-07 08:24:56+00:00"
"82f4e8b339e6df98b033a6eb2b6a1210ad6dd464.jsonld","https://obis.org/dataset/f070f89a-2688-4c00-a5a4-8d997277c791","identifiersha","2025-04-07 08:26:35+00:00"
"8303e07b24d4141e3b262707e5f452440df62386.jsonld","https://obis.org/dataset/a35e13ec-1b51-4763-bf99-9f6d3a6e6bef","identifiersha","2025-04-07 08:27:56+00:00"
"8304493231a36e6470b1bdf6c210e31f3f5725bb.jsonld","https://obis.org/dataset/1f7f1e21-e96c-4ede-bdd6-0b5e79959eeb","identifiersha","2025-04-07 08:26:29+00:00"
"8304a63149e11246bfa31ed02a7bd20bd5b21bfc.jsonld","https://obis.org/dataset/18e4fa5b-5f92-4e09-957b-b242003287e9","identifiersha","2025-04-07 08:23:57+00:00"
"830a7e3e653e3588d30eae0c0c3f1fa687d6316a.jsonld","https://obis.org/dataset/b4668bbe-4b5f-412a-ae1f-1dae3dedb38a","identifiersha","2025-04-07 08:22:31+00:00"
"8317a09792bd5b99124ea8cf05db3f39cb71eeb7.jsonld","https://obis.org/dataset/d9c113a6-44b7-429c-920d-3ee162670c14","identifiersha","2025-04-07 08:28:01+00:00"
"83241c39a6357bdb28d91ba92901ee0afe99cb8c.jsonld","https://obis.org/dataset/89a80ca4-b804-4224-82f3-e3028f1e6720","identifiersha","2025-04-07 08:23:54+00:00"
"833ee24f4178d18506076c33e8b07870c2f45b8c.jsonld","https://obis.org/dataset/52043fc3-6c50-4637-8956-4e3eb0d48257","identifiersha","2025-04-07 08:25:08+00:00"
"83402bc85c42ee22eeb4473680868749fadb5eb3.jsonld","https://obis.org/dataset/0534de9f-141c-4d29-ac83-5a0615729c36","identifiersha","2025-03-24 00:38:53+00:00"
"8345fff376378ecce04d1defee5c4731cb443fca.jsonld","https://obis.org/dataset/609bf553-520a-4c2f-916c-679cb49b8c85","identifiersha","2025-04-07 08:23:19+00:00"
"8347ab38b9b594a6c31eaee1de57d1b2ab9d8cfa.jsonld","https://obis.org/dataset/2e653f52-25c7-4f72-9674-fa75ec5dca51","identifiersha","2025-04-07 08:22:51+00:00"
"8351dc646418804f75b909540f30d408f110371a.jsonld","https://obis.org/dataset/c46f24d7-4dc7-48e1-922a-fc34b66e9ccc","identifiersha","2025-04-07 08:24:17+00:00"
"835c785d0243e5f54ef792d6b976503cbf5b6621.jsonld","https://obis.org/dataset/afcb0d1d-36e2-43d8-a551-4c81fc0b4ee9","identifiersha","2025-04-07 08:27:41+00:00"
"8368284556b2182b9e6563668e3de5f1a18fbfe1.jsonld","https://obis.org/dataset/9d2f7b40-7028-432f-b022-52d6e2f6a47f","identifiersha","2025-04-07 08:25:16+00:00"
"8369ed9136bd5cfcb757e0b9d5ed713b730158dd.jsonld","https://obis.org/dataset/b2d5f13a-85e6-43dc-bf19-789c40de19ff","identifiersha","2025-03-24 00:40:20+00:00"
"836febedc90d4e8741b4648f355a6b4f48951369.jsonld","https://obis.org/dataset/ca3abe4d-379e-4d65-a90f-8c5514491972","identifiersha","2025-04-07 08:27:12+00:00"
"837ff4a9b081686ffbbbd636a774b1c1cf30eb8c.jsonld","https://obis.org/dataset/06bff0de-1ed7-460e-bfc4-25e020c8886b","identifiersha","2025-04-07 08:27:50+00:00"
"8381e42dab887af40ae2b2e27b14fd874119156a.jsonld","https://obis.org/dataset/85006b5f-8fcd-49a3-9030-1d29852da278","identifiersha","2025-04-07 08:22:47+00:00"
"83b11b73b6b5886e84c541559bf6d14334189fff.jsonld","https://obis.org/dataset/c9bf012b-0e7b-44fc-b2af-d036da49489f","identifiersha","2025-04-07 08:23:47+00:00"
"83bd536778fabd62b78cc3fa670d2aeec748d256.jsonld","https://obis.org/dataset/58420107-111e-41f9-bcb7-d8abd65a7c1b","identifiersha","2025-04-07 08:22:30+00:00"
"83d745142fa8b46d17ce2b28ebc81f2b65356e83.jsonld","https://obis.org/dataset/1764b492-c904-456e-bcf6-bedffc86a10b","identifiersha","2025-04-07 08:23:55+00:00"
"83e2749e2cef0d8bec1da3df192986c3edec4d57.jsonld","https://obis.org/dataset/228907b6-5fd9-40ac-95ab-13f6730db8ac","identifiersha","2025-04-07 08:24:17+00:00"
"83ebf4fbea33fcb23950407e2aa4f6a1515cf14f.jsonld","https://obis.org/dataset/c634ccb4-2c2b-4e9a-a1c3-556977ec2bb5","identifiersha","2025-04-07 08:25:55+00:00"
"83ec8e1a9f65053c8f4557659775e041c50fa8ba.jsonld","https://obis.org/dataset/79eef699-a43d-42a0-9ca2-8430d3333f69","identifiersha","2025-04-07 08:27:30+00:00"
"83eea857229ff7530867c66029459731cf95951a.jsonld","https://obis.org/dataset/6bcb07d5-b0e7-4ab0-b0ab-739e0b04356c","identifiersha","2025-04-07 08:24:58+00:00"
"83f54e5dec94d8f85a62086754c43d8767633430.jsonld","https://obis.org/dataset/fbaa637c-cf4a-4ad4-b6d2-a420ffadd238","identifiersha","2025-04-07 08:27:44+00:00"
"8405eed5bcdf96cf2c5a16e41dfeef5d7fec5492.jsonld","https://obis.org/dataset/efd1806d-a466-49dc-9ce9-0417afba9127","identifiersha","2025-04-07 08:28:02+00:00"
"8417956d7c7df564c7f49425679c801e6c7c3012.jsonld","https://obis.org/dataset/0851e908-5b4c-4bb4-961f-de4204099573","identifiersha","2025-04-07 08:27:43+00:00"
"844bcf3154eb3dc7507f60f99f3c1010b5d14522.jsonld","https://obis.org/dataset/5b6251f6-a7a5-4dc9-994d-c9504b54776f","identifiersha","2025-04-07 08:23:13+00:00"
"846dfc4f10c4cb629b3b336b784a31c1e32adbaa.jsonld","https://obis.org/dataset/81877dae-94bd-42ee-8754-17e91dc7c1db","identifiersha","2025-04-07 08:28:32+00:00"
"847a792d3ba4614f0143e91cb2b00de1834ddba6.jsonld","https://obis.org/dataset/25dbed10-9d0e-4f91-b915-1d66114a2aab","identifiersha","2025-04-07 08:26:29+00:00"
"848491b7e8dfe0c56d4e0e6711b1a8e9186071ea.jsonld","https://obis.org/dataset/c1cb71f2-31a1-4343-b82c-3e36171f498c","identifiersha","2025-04-07 08:23:25+00:00"
"8497cba92516cbd74a8adad401dabceab2cc375a.jsonld","https://obis.org/dataset/d3e1e641-b33b-4427-8a5b-d98995c5baf0","identifiersha","2025-04-07 08:27:19+00:00"
"849e20c1b06dcd9ef1707e897b865cd3e9eab6b0.jsonld","https://obis.org/dataset/38ff7735-af52-4605-b0b3-1f064c525c61","identifiersha","2025-04-07 08:26:31+00:00"
"84b0064b96e244d4ede2a2a5db2378652f36d7c6.jsonld","https://obis.org/dataset/8ce1b2a9-5e10-4498-a0b6-ed65bc9f2e26","identifiersha","2025-04-07 08:27:54+00:00"
"84cf0e6e4d748ee683e8d35f971a2abbfa8b32d3.jsonld","https://obis.org/dataset/cb0e688d-4507-4b65-a8ae-9af0c58f8e37","identifiersha","2025-04-07 08:25:08+00:00"
"84dd4054da1fb73601be7183fe2292ac5cdebcaf.jsonld","https://obis.org/dataset/20078fb0-3f5e-4b1f-94d9-e28efe7d3cde","identifiersha","2025-04-07 08:22:42+00:00"
"84dfaf0980094dee9d5eef657585350fb79623b1.jsonld","https://obis.org/dataset/a5ad32e4-c108-45f4-a1da-04b4310b2218","identifiersha","2025-04-07 08:25:31+00:00"
"84e84b3bb3d20df899b8b3009f20cc95ceea4b41.jsonld","https://obis.org/dataset/8612623b-aa64-4105-aaa0-50b9bef135ba","identifiersha","2025-04-07 08:25:36+00:00"
"84ea76c4ef32683cdff57c4988ef7dab134503eb.jsonld","https://obis.org/dataset/b10beac2-4d29-426a-8954-22a2481d932c","identifiersha","2025-04-07 08:26:07+00:00"
"8501b579569991f9615ec17629e246c1726b19f3.jsonld","https://obis.org/dataset/6d4cc1ed-ed0a-4a17-abd3-7daaa8cb3fb0","identifiersha","2025-04-07 08:24:53+00:00"
"850e5c6075a588e824084c2959090170003ac19d.jsonld","https://obis.org/dataset/c0c017bf-f6e1-47ac-921b-906bca270fef","identifiersha","2025-04-07 08:28:35+00:00"
"85174c65035a7ff212d8da1cf54f6eac16ed6c59.jsonld","https://obis.org/dataset/380fe998-3ac8-46b1-add1-ec518e043d63","identifiersha","2025-04-07 08:27:09+00:00"
"852e5e27886ebeae02129f57f9dae76e11aebe59.jsonld","https://obis.org/dataset/9812f083-84a3-4709-9e59-610ff7247fe6","identifiersha","2025-04-07 08:27:12+00:00"
"853cffc270fa9382cbd83206d308e362d91d1b2c.jsonld","https://obis.org/dataset/2e2b587e-6425-4a75-9dd5-c64c43a77dd9","identifiersha","2025-04-07 08:26:41+00:00"
"856fedfc0dd57ecb4658d0e075428e81d527512a.jsonld","https://obis.org/dataset/8935fb89-6494-4829-8b29-09022c3dbc90","identifiersha","2025-04-07 08:27:21+00:00"
"8577df6703d8dd71f1a210824f54be80b1de0f4b.jsonld","https://obis.org/dataset/e5b6a416-39e0-4330-8022-c363ba221f48","identifiersha","2025-04-07 08:23:18+00:00"
"857e368e949189bdc413906b38b5dcde7e037d9a.jsonld","https://obis.org/dataset/a11a7cff-6f7e-4d34-8d39-fc86cb8783db","identifiersha","2025-04-07 08:26:58+00:00"
"858c54a15cf91eee0a143ef493a89e7b84760b04.jsonld","https://obis.org/dataset/c07bd817-b505-4f74-8b01-35889ddb4c18","identifiersha","2025-04-07 08:22:47+00:00"
"858fa6f2e3712b524e04d3ced12e76ab27b18542.jsonld","https://obis.org/dataset/2b047106-47f5-45db-962f-f321924eb25b","identifiersha","2025-04-07 08:24:31+00:00"
"8592c20d90500c6f4ab1471acc0e0fb8bd7ebe84.jsonld","https://obis.org/dataset/22e4d9d4-48bd-439d-a1f4-5056e1e55a5b","identifiersha","2025-04-07 08:28:17+00:00"
"85a4c3c5f995b0b940db875eef7e15b4167f7571.jsonld","https://obis.org/dataset/9d9d0b7f-6bf5-44d3-8591-88d3a39c2f8a","identifiersha","2025-04-07 08:28:00+00:00"
"85c99278731f97a91dff250bfecc9dee10fcffb9.jsonld","https://obis.org/dataset/a9d7a154-28af-41e6-86d8-c4a0421a798c","identifiersha","2025-04-07 08:23:15+00:00"
"85d4698740e5f15136fa8cce65fed63fd2e0d8e9.jsonld","https://obis.org/dataset/2bfe9918-63fa-40ff-89b4-b99d67cb88fb","identifiersha","2025-04-07 08:22:50+00:00"
"85dc898250b53f86463ddbf24f58ef3687a04883.jsonld","https://obis.org/dataset/28ccee1e-8f1a-400b-a112-86536192a402","identifiersha","2025-04-07 08:23:30+00:00"
"85e6c04af63dbbea6553d2d82200d54bf389c804.jsonld","https://obis.org/dataset/238d650e-0f11-4439-b228-87693689676f","identifiersha","2025-04-07 08:26:02+00:00"
"860f76d7a84204fda105844053190f025e8f3bb4.jsonld","https://obis.org/dataset/572b0595-7637-4a54-8141-f6a000b338ae","identifiersha","2025-04-07 08:25:30+00:00"
"8616a391da0e35b9adb5b0e92305849b38a17d53.jsonld","https://obis.org/dataset/fc9cc04c-d9e6-4f5d-ba39-be3113f9f9ce","identifiersha","2025-04-07 08:23:44+00:00"
"863c8bebf8af2bcddf85352b58cb4f30d5f79700.jsonld","https://obis.org/dataset/d774bf96-c1a7-4711-9f99-e5e588c429c0","identifiersha","2025-04-07 08:27:27+00:00"
"86639a28bc8ec58c72aeda0944d4e1756bca322b.jsonld","https://obis.org/dataset/496f8c69-942b-4ee0-9e1b-b2a1b1f272e4","identifiersha","2025-04-07 08:23:50+00:00"
"86659920ace3623b71d50b3146a43616755da73d.jsonld","https://obis.org/dataset/5bf31864-f4f6-4986-a2c5-1a0e5e9d9e26","identifiersha","2025-04-07 08:23:29+00:00"
"8667c6b89ca6553fccf6eba3ab7a0c6f9828a681.jsonld","https://obis.org/dataset/33d12256-d7a4-4570-b5b9-683b724e2b4a","identifiersha","2025-04-07 08:24:55+00:00"
"866ea050eae43adb18eed67718c8ea107b1b09b8.jsonld","https://obis.org/dataset/767e6320-6d7f-449e-ace5-d586c3c17c9c","identifiersha","2025-04-07 08:24:16+00:00"
"8670c527de381b8b5f3296a3c82d777d21ac33f4.jsonld","https://obis.org/dataset/c59556bc-2e5c-4c57-be1d-646477e75287","identifiersha","2025-04-07 08:28:08+00:00"
"8692d0a7f4af0c374201e2b3209a6f0e77ebe722.jsonld","https://obis.org/dataset/7a58ffd1-09d6-48a6-ba0b-07b8c4d474ca","identifiersha","2025-04-07 08:23:06+00:00"
"86a044e9a63e618c1a66cb2f65d932612a6af39f.jsonld","https://obis.org/dataset/5783eb41-8787-415f-beb8-178fa05684ef","identifiersha","2025-04-07 08:26:40+00:00"
"86a27385f9b327df9c9bf7945faa2e9cd06f7995.jsonld","https://obis.org/dataset/a17af320-138c-40a7-a9a3-0dde2983b8d1","identifiersha","2025-04-07 08:23:02+00:00"
"86ab94e9c6366beb79fc6bd8a37d71c8c0fdce15.jsonld","https://obis.org/dataset/5b0af2c6-8260-4d5f-8059-70c74f302423","identifiersha","2025-04-07 08:27:42+00:00"
"86ae08eaa14358531ec4cdfd773abf8300dd9ddd.jsonld","https://obis.org/dataset/a4e04e9d-7212-49d4-8cfa-6ae36d633e77","identifiersha","2025-04-07 08:27:12+00:00"
"86b6ceec16edd5fc7474fd1c4d69413c3d6a7048.jsonld","https://obis.org/dataset/c893d2ee-0197-4b01-bce1-b024a0cc0f25","identifiersha","2025-04-07 08:26:51+00:00"
"86d6616e5785ace7f8699b67dc02a2a38ecd192c.jsonld","https://obis.org/dataset/a464ff9a-9756-49fd-b1ab-e7a7b9c5b95d","identifiersha","2025-04-07 08:28:22+00:00"
"86dff079e6946d01dea597897c01a57669c8679b.jsonld","https://obis.org/dataset/1def293d-1913-4aa7-867d-854de83c3a97","identifiersha","2025-04-07 08:28:15+00:00"
"86e3c71c5eba5ad86d454bbec39772ea01a0852d.jsonld","https://obis.org/dataset/87daad97-8b09-4bf8-a55f-49f987cd85b6","identifiersha","2025-04-07 08:27:25+00:00"
"86e47afecefbedb77b5be46af89ef70bc2b47b2f.jsonld","https://obis.org/dataset/ad253ac6-1ce1-4ac5-9ff1-15b0fbdc4799","identifiersha","2025-04-07 08:28:30+00:00"
"86f5503a15af1d290cf167d889cf61726033295e.jsonld","https://obis.org/dataset/40c2d431-9cd1-4c4d-bd00-9a7883ff2577","identifiersha","2025-04-07 08:28:16+00:00"
"86f57a16d7ef49ac8b79442c7a508cc2cbf67429.jsonld","https://obis.org/dataset/f43c5ff1-6d47-4c2a-948c-9c055036c31d","identifiersha","2025-04-07 08:24:28+00:00"
"870855a50c014f0f49f97ca1691108223c5e1444.jsonld","https://obis.org/dataset/02be4d6c-76fa-410c-8968-49e5110d38b1","identifiersha","2025-04-07 08:27:06+00:00"
"871dd47deee50aa04972de4f2389d0881574bfea.jsonld","https://obis.org/dataset/2e407266-3eab-4d5e-94b6-a759c142d0ff","identifiersha","2025-04-07 08:23:24+00:00"
"871fcfa9f30c429b3f50f1dc40db9462fae61728.jsonld","https://obis.org/dataset/a23440cd-b2b3-4b67-b698-d4b33e43d1d8","identifiersha","2025-04-07 08:25:32+00:00"
"872a6205b9b945112c23880729e7c5c642da66cc.jsonld","https://obis.org/dataset/a608854e-dec6-4157-b599-c4508ab6307a","identifiersha","2025-04-07 08:26:29+00:00"
"874b8a3b9edebd48fee3ad0a1b1710032e79121c.jsonld","https://obis.org/dataset/f0e99359-8893-4733-859c-2d4cdf94e200","identifiersha","2025-04-07 08:27:39+00:00"
"87656a89cb95f3d57b2cf9b6c4091b990b76d822.jsonld","https://obis.org/dataset/1eb751cc-84d3-4db8-9331-2d4b1806cc9f","identifiersha","2025-04-07 08:27:16+00:00"
"876fbfae9fc6bc822dafa05a401664a1c8c245d5.jsonld","https://obis.org/dataset/22aa5133-5670-49a8-b48e-dbfbb56c5d9a","identifiersha","2025-04-07 08:26:58+00:00"
"877127e80a876de4d7a83fb4f16e3ac78b75c7a9.jsonld","https://obis.org/dataset/8363c499-4b22-4691-a9e3-eb517d0aac19","identifiersha","2025-04-07 08:27:37+00:00"
"877ae19576f57502c6b0e9684f88075185d4695c.jsonld","https://obis.org/dataset/0f6c757b-b62e-498b-ae28-a1229ce523fa","identifiersha","2025-04-07 08:23:53+00:00"
"8785aebcce2313e6f5a966f8c53242fef1ff5dd8.jsonld","https://obis.org/dataset/a9848680-b804-455a-b6b5-2c5c1d0dbcde","identifiersha","2025-04-07 08:23:07+00:00"
"8791b78d8bec18d2d3b610ef4ceb7bec709411f0.jsonld","https://obis.org/dataset/0b126e52-8894-4c0c-bda2-bfb32a90ee9a","identifiersha","2025-04-07 08:27:39+00:00"
"879e575a59924ec821987168e4f30ffe4923e177.jsonld","https://obis.org/dataset/078147d3-843b-4a03-97b6-7e71fea816bf","identifiersha","2025-04-07 08:26:19+00:00"
"87a487c2f8aa4c1fd46c70d89cb28abd6e5c8675.jsonld","https://obis.org/dataset/20c623c4-47f0-4082-9557-3ee605ada923","identifiersha","2025-04-07 08:26:11+00:00"
"87a7111dd622671d6ea2a36a8e63008f140fae60.jsonld","https://obis.org/dataset/4b08b140-75c9-47bc-9fae-1a5d3c29817c","identifiersha","2025-04-07 08:25:01+00:00"
"87bf4b5d605235c13bd0cef7c9b9a1be2ae2339f.jsonld","https://obis.org/dataset/cd94ac49-d8f6-4a50-a3ea-82dd8183c154","identifiersha","2025-04-07 08:24:39+00:00"
"87ef91f28c558e8007f4e0a211aa209ed6bd6bf8.jsonld","https://obis.org/dataset/6e930622-4421-41f8-b18b-f8d11dd51e15","identifiersha","2025-04-07 08:25:06+00:00"
"87fb03ecc9a12f5be6b5cd1ee3bfbe487b58e6fe.jsonld","https://obis.org/dataset/e49ef4e6-cf35-4949-932e-c18c20bc5454","identifiersha","2025-04-07 08:27:31+00:00"
"87fd45666630cfba656434dd6e5ee111b0f518b6.jsonld","https://obis.org/dataset/a413df1f-a16e-4384-a846-02650d74eefd","identifiersha","2025-04-07 08:23:28+00:00"
"87fde07eb8a143656107f0e29132c31c878d01cb.jsonld","https://obis.org/dataset/dc3f75bb-b1c4-43b6-87ab-f2b295e0250f","identifiersha","2025-04-07 08:26:52+00:00"
"8811bd3615cbee94fed25aad8356c0afbc0b3ac9.jsonld","https://obis.org/dataset/58a0fdd1-89d4-471a-9d35-c27ffa7fcf86","identifiersha","2025-04-07 08:26:30+00:00"
"8815abd59e8e72e9b975029ad5773860c6b92837.jsonld","https://obis.org/dataset/21d68c64-98ed-4d25-9b8f-400136f25bc1","identifiersha","2025-04-07 08:24:40+00:00"
"881bdcaee5fb5a3bfac384ebfb9a0c18b7a27254.jsonld","https://obis.org/dataset/a6c5a265-a845-4f8c-8759-b47f1fdf8b26","identifiersha","2025-04-07 08:24:07+00:00"
"8820740500978db8dbbc96ce642503a175e725cb.jsonld","https://obis.org/dataset/790f9ddf-433c-4e47-aa6c-ccef0b8634fa","identifiersha","2025-04-07 08:23:22+00:00"
"882618215df180811d775d69bbd96e6d2c5ae20b.jsonld","https://obis.org/dataset/a54a77db-7b42-4101-8d71-1adec3dd4ed5","identifiersha","2025-04-07 08:22:39+00:00"
"8841598f19287cda5efe7de77d7774b3b4fb5ba2.jsonld","https://obis.org/dataset/6d814d91-cb98-4d6b-aae3-998ac7b43d32","identifiersha","2025-04-07 08:25:09+00:00"
"884ae0a31d1985f6b3b4bd120156b04fb525739b.jsonld","https://obis.org/dataset/b189bf53-dd20-4229-b3ab-09d94aa9ce06","identifiersha","2025-04-07 08:24:25+00:00"
"884c80462560f84d0bc73c6d6b46ff76e0024616.jsonld","https://obis.org/dataset/086623ff-31b0-43e8-8886-9f8d890b6632","identifiersha","2025-04-07 08:28:04+00:00"
"885dbb5b2282b0842be3508a10204210f88c8f3e.jsonld","https://obis.org/dataset/8a804e2d-e92f-4e1e-880c-98ffcf16dc01","identifiersha","2025-04-07 08:25:05+00:00"
"8875b5d2a6a0c4478782b5619c347ea6e0111f19.jsonld","https://obis.org/dataset/e6c171ef-b472-4d94-b5ff-59dd10c63a4d","identifiersha","2025-04-07 08:23:40+00:00"
"888cc1fb69960009feed29ebb7a708c8710b7622.jsonld","https://obis.org/dataset/5d41b8a5-6a49-46b9-9031-33b472d16122","identifiersha","2025-04-07 08:24:04+00:00"
"8893ebcd8e747241af2bd0a09b812a21636cfc61.jsonld","https://obis.org/dataset/ebe35c50-d858-48c4-83c1-35e22e695b60","identifiersha","2025-04-07 08:27:37+00:00"
"889414f822a773a8786f04edcfe1bc8896f2151c.jsonld","https://obis.org/dataset/1cfc4d23-9fcd-42b2-95bf-9c4ee9bc50f6","identifiersha","2025-04-07 08:24:28+00:00"
"8895c23d74e49744e41db83b25c8614149a8b83b.jsonld","https://obis.org/dataset/a3df054d-aba9-4419-b347-80cf6e497941","identifiersha","2025-04-07 08:24:34+00:00"
"889a04d7865287f37bc97ddd573af8e154fb98af.jsonld","https://obis.org/dataset/1e00c014-8125-454f-be4d-a2b19e40dcc3","identifiersha","2025-04-07 08:27:26+00:00"
"88a69afda81cd6e9528f6948a9521984373b6a7b.jsonld","https://obis.org/dataset/3ff2ed2e-5376-43a7-a452-8ec7492447e9","identifiersha","2025-04-07 08:26:59+00:00"
"88b6e90dd557a35ddb0223da78151cb9bf7bbeb3.jsonld","https://obis.org/dataset/1f5c0d6a-4018-470d-b6ca-53761e7a98cc","identifiersha","2025-04-07 08:26:55+00:00"
"88baeb74d8bd6a13aa2f681e0495da1f8883b2ce.jsonld","https://obis.org/dataset/bd4ebfab-5ab9-46fc-a8db-01709c2b7464","identifiersha","2025-04-07 08:24:37+00:00"
"88c08c6c115d764886eb32a9babbf8b5d2de69f1.jsonld","https://obis.org/dataset/d6ae6af8-8eac-4fbd-9ce5-b49b1137351c","identifiersha","2025-04-07 08:23:23+00:00"
"88cc7bf8e15af9f4f9cb6bf088b1ce8b95bacce4.jsonld","https://obis.org/dataset/80f2d19f-d8a3-4664-999b-5fde219ddde8","identifiersha","2025-04-07 08:25:57+00:00"
"88df05c33944d860624c9cac8116ef2392540b9b.jsonld","https://obis.org/dataset/7d33ede8-265b-46ea-94a3-c890386e4c00","identifiersha","2025-04-07 08:28:34+00:00"
"88f27b82de63fd475a3e06cc3710386ad117b89c.jsonld","https://obis.org/dataset/8d7207ae-b18f-45ab-9d60-b965a698559a","identifiersha","2025-04-07 08:25:35+00:00"
"88f45420249a369dd78d7e2a6718ac5c387c1547.jsonld","https://obis.org/dataset/7a6e73ff-eeea-449e-95fd-d15e269b230e","identifiersha","2025-04-07 08:26:39+00:00"
"88f598afea2e872d489ee4d1ea0393997a48b628.jsonld","https://obis.org/dataset/baa93c4a-5aba-4464-8f4f-40115021a35d","identifiersha","2025-04-07 08:22:41+00:00"
"88fac5bf62814dac7c5aedbfb06ad80a8610e335.jsonld","https://obis.org/dataset/318ced6a-41c2-4a6e-a270-61c7f342f4ea","identifiersha","2025-04-07 08:24:48+00:00"
"88fbab6d5f0382c11e8615b2a60c4b28cf9b2020.jsonld","https://obis.org/dataset/7745bd8e-45c3-494e-90f9-2f07183e1f0a","identifiersha","2025-04-07 08:24:37+00:00"
"88ffbbe6b599dd7568b14c7719e367cbbd4e826a.jsonld","https://obis.org/dataset/ed5e9990-0225-4437-b25d-047a2b21521c","identifiersha","2025-03-24 00:34:29+00:00"
"8900264c36fbe71e99296ed9859394dc51df1e55.jsonld","https://obis.org/dataset/7b4c18af-49b9-4d33-849f-b2c79a3d8317","identifiersha","2025-04-07 08:27:30+00:00"
"89037d79e0efd3703ad0fdbebce716d83dfba42e.jsonld","https://obis.org/dataset/b11fc5e1-9633-4f11-bc74-c983731666ed","identifiersha","2025-04-07 08:26:47+00:00"
"8909f9da9b3ced1778ef748c156f2ba4501562a6.jsonld","https://obis.org/dataset/9ec2959d-5dbe-4c63-98b7-d69b3667192a","identifiersha","2025-04-07 08:24:33+00:00"
"891205675a1e0c18076c7ca7947646bde9fc6c78.jsonld","https://obis.org/dataset/2e5f81b3-85af-4c61-9ab2-065f4cf1f605","identifiersha","2025-04-07 08:26:36+00:00"
"892f95de90b29eec553b5c52d2a3b1fdb3552e1f.jsonld","https://obis.org/dataset/c7f88ec8-1602-4fa1-83dd-46134d97a136","identifiersha","2025-04-07 08:24:15+00:00"
"8931db5d60c980e67b1089cb444ec49c7a2752df.jsonld","https://obis.org/dataset/c853b8cc-a7b8-40d1-8dcb-4a1457af031c","identifiersha","2025-04-07 08:27:26+00:00"
"8932068a3a5f3f3c683222cec5a20eac6380cf82.jsonld","https://obis.org/dataset/b99fe048-7da1-4558-a118-c98c213f4fde","identifiersha","2025-04-07 08:27:22+00:00"
"8946b743fcb8e55c9254f5ac611142950178239a.jsonld","https://obis.org/dataset/0fd4759b-edc9-4a49-b65a-08b4509c9b90","identifiersha","2025-04-07 08:25:56+00:00"
"8950017b678491cc79819fc80f001c442f9f3a67.jsonld","https://obis.org/dataset/c1393512-e7ba-47a7-8510-03ebe386ddfe","identifiersha","2025-04-07 08:26:47+00:00"
"896aeb80f9b08ce6c9e0542f0d60be332697651e.jsonld","https://obis.org/dataset/18d43d40-7d39-4555-8577-3bc3c7abfda9","identifiersha","2025-04-07 08:28:28+00:00"
"8975a0e86477c4982bce99167760cfcd7156c10c.jsonld","https://obis.org/dataset/1febfcdd-3e1b-46db-b73d-1bbe81ce22a6","identifiersha","2025-04-07 08:23:19+00:00"
"89794a37a05c6b53621e94f4dba2a8dbec585adf.jsonld","https://obis.org/dataset/9d76d971-e594-4aad-a145-d978f302e3af","identifiersha","2025-04-07 08:26:31+00:00"
"897e990a701f997925288047e6ac10a27eae0127.jsonld","https://obis.org/dataset/af047e0f-d9f7-4785-963e-310629a20f52","identifiersha","2025-04-07 08:27:04+00:00"
"89848fee0892a3453dd8e5aeee8ecb762c4065cf.jsonld","https://obis.org/dataset/0001aa41-e3e4-40a0-9193-9a5c81c627bf","identifiersha","2025-04-07 08:25:20+00:00"
"8984d2d3a20df989ce3a5374fe1165aba2640e7f.jsonld","https://obis.org/dataset/a9ce2b1a-ccf5-449b-a17a-cfab796f9e79","identifiersha","2025-04-07 08:24:52+00:00"
"899037a8496a1aeedae8a604817889a1684f95b2.jsonld","https://obis.org/dataset/ebee1566-9492-4aa0-b151-2c4c98092e26","identifiersha","2025-04-07 08:27:32+00:00"
"89a56092023023ee59910038f7dc9d2e586ed528.jsonld","https://obis.org/dataset/9c8dff66-f3a5-4924-9839-d604c91c4cd6","identifiersha","2025-04-07 08:26:28+00:00"
"89a7edf4388a9459737b8b71f18ede32a9124fb3.jsonld","https://obis.org/dataset/3e24d236-a624-4fe6-9dbc-26a0ae71f783","identifiersha","2025-04-07 08:25:04+00:00"
"89a8f2f6b66c10f43c70459813fb8efd36111022.jsonld","https://obis.org/dataset/505f7b0a-f6a0-46be-a867-e74d25b05bd5","identifiersha","2025-04-07 08:26:10+00:00"
"89ae625d836506e765afbf2ecc83d9405040d31c.jsonld","https://obis.org/dataset/e87df918-8c99-4add-909b-3a8364e0b6aa","identifiersha","2025-04-07 08:27:45+00:00"
"89bea108dfdcf7fd233010acb18801f52f205352.jsonld","https://obis.org/dataset/6cc0a703-f124-4170-9bef-f59e07c0a85c","identifiersha","2025-04-07 08:28:17+00:00"
"89d63adc4f2c9b11000e9ade9b094e68ed68e905.jsonld","https://obis.org/dataset/21db04d1-5343-4f3a-8c29-6ec831016a31","identifiersha","2025-04-07 08:24:49+00:00"
"8a0d3e69b5adb11eb1a971b10e984d124edf444b.jsonld","https://obis.org/dataset/c63c3786-55b3-4b16-90df-455d3f759e39","identifiersha","2025-04-07 08:23:32+00:00"
"8a22778c444946219adbd369413e1fa7c96e1694.jsonld","https://obis.org/dataset/88b335cb-7d9f-4bb9-9d0a-839fcc753ea6","identifiersha","2025-04-07 08:26:54+00:00"
"8a35961a17024fdb25837c98496ff9f0a7d6430a.jsonld","https://obis.org/dataset/e2d77cf7-a3c6-4cbe-af9e-b7ad18c7a4f3","identifiersha","2025-04-07 08:27:33+00:00"
"8a3748267cfef02526b43d105b1f740aea6ec852.jsonld","https://obis.org/dataset/63061840-e725-4c74-bdbc-65f31a8e28c8","identifiersha","2025-04-07 08:22:51+00:00"
"8a4415c9575b7e501f9fb34533c54b821584851c.jsonld","https://obis.org/dataset/2c88fa97-db06-4669-b0dc-9690eba73a93","identifiersha","2025-04-07 08:23:46+00:00"
"8a601b66f98b0c1c4698c493f0a84786c068c3f8.jsonld","https://obis.org/dataset/e7f84807-573e-4a3e-b109-f5c1e96e7158","identifiersha","2025-04-07 08:26:11+00:00"
"8a89a53799514ad78bb8a554613d49f722310258.jsonld","https://obis.org/dataset/6b4b369b-d1b5-4718-9713-adef99317cb3","identifiersha","2025-04-07 08:25:17+00:00"
"8aa6d00798b94df04002088959ca05244cd389cf.jsonld","https://obis.org/dataset/9e61307b-c760-469e-bb75-069706e3f790","identifiersha","2025-04-07 08:23:15+00:00"
"8ab7fa1da969123f2900b85f84b6e08840c93483.jsonld","https://obis.org/dataset/d323a6ad-9b69-425e-8c58-a1781efdd00a","identifiersha","2025-04-07 08:24:36+00:00"
"8abcbc8891ef4a1da7af644f0ffcb22c06ff5bd2.jsonld","https://obis.org/dataset/d6661617-6965-4f1f-8a38-71d585443306","identifiersha","2025-04-07 08:26:41+00:00"
"8abf36fd8c633d830ac58d95a37a2c4d01bf3869.jsonld","https://obis.org/dataset/9be884d9-7b21-45fb-b159-ff0286fc9854","identifiersha","2025-04-07 08:27:59+00:00"
"8ac1b85513b230eb8369a7b65f22b371464447a5.jsonld","https://obis.org/dataset/9c3e1803-61db-48fb-94fd-24ea5a17ba8b","identifiersha","2025-04-07 08:25:37+00:00"
"8ada48c1db99b703989a5351db8e982d496ad01a.jsonld","https://obis.org/dataset/769202f5-dfb1-4e47-9286-9412921a3687","identifiersha","2025-04-07 08:27:49+00:00"
"8adaba496cada33c4c78acf336f636dd97965a59.jsonld","https://obis.org/dataset/87ce3660-7fe5-4ce5-8a8b-b818eec9f69d","identifiersha","2025-04-07 08:22:36+00:00"
"8aeb82fd0515f56c273dcab833865744b790a5df.jsonld","https://obis.org/dataset/20b7e66f-c7ee-4904-8a4a-308abda5feaa","identifiersha","2025-04-07 08:28:06+00:00"
"8b01d365f56ff0f5567af2370673e4dbe326f224.jsonld","https://obis.org/dataset/b1ac5f36-3546-4bcf-942c-75032472290d","identifiersha","2025-04-07 08:23:06+00:00"
"8b136dda97d970488cc023c49817183de1fcddec.jsonld","https://obis.org/dataset/c4e73593-607d-4688-9bd7-9234928082b8","identifiersha","2025-04-07 08:25:12+00:00"
"8b1a72b32714015875e3ff74a97a99eb94de7d2b.jsonld","https://obis.org/dataset/5b326f17-8956-4374-b0a9-84b6722ce3bc","identifiersha","2025-04-07 08:24:54+00:00"
"8b1b16a6cefbc52b6ce48a8b6cde4cea47598aca.jsonld","https://obis.org/dataset/c38dc813-38b3-4681-bed0-14cb85d57555","identifiersha","2025-04-07 08:25:47+00:00"
"8b1b5f93216e4a672e6e15261c1a313dd0fad675.jsonld","https://obis.org/dataset/5700fdc3-956f-4e33-903b-e66ba38d980c","identifiersha","2025-04-07 08:25:19+00:00"
"8b20479245af2531e52194c1dc917b256466f475.jsonld","https://obis.org/dataset/b267a13a-f251-4bc8-90cc-5ddbdca96ba8","identifiersha","2025-04-07 08:23:18+00:00"
"8b242420b524f2acc6d5b4f115a76122d9c8490d.jsonld","https://obis.org/dataset/813a1173-f0b6-4494-a706-23d2893101cc","identifiersha","2025-04-07 08:26:42+00:00"
"8b341e32c43c034661a5f4742e568f27931a01cf.jsonld","https://obis.org/dataset/a1b994e5-31b2-45d8-97ef-6b884d812a12","identifiersha","2025-04-07 08:25:07+00:00"
"8b352abe21bc3fb2c4e91a3587da0a432493db0e.jsonld","https://obis.org/dataset/12f5c03c-dfb9-48d0-adf9-e94b5dab00c9","identifiersha","2025-04-07 08:23:26+00:00"
"8b54fc4bf21a68475fb54494e0f381d3799f460e.jsonld","https://obis.org/dataset/5e30b591-d94b-4d98-ae84-4dc6c93541f1","identifiersha","2025-04-07 08:26:52+00:00"
"8b6a9ad07be3fd947010a963f64534cdc548de74.jsonld","https://obis.org/dataset/5df9142f-39ea-4009-bdf8-e706fe32a9f6","identifiersha","2025-04-07 08:23:09+00:00"
"8b6d079461bfcb5fcfaee308b1818aa5d440dfe1.jsonld","https://obis.org/dataset/81933bf6-64fa-433d-9f96-84a30b212c3d","identifiersha","2025-04-07 08:26:59+00:00"
"8b82d528bb778a66cd5cc97c5685ff348205d351.jsonld","https://obis.org/dataset/dcf57651-a262-47db-b934-78a08b76e28f","identifiersha","2025-04-07 08:25:59+00:00"
"8b865d4fe4d8be25d836a49a6ecee75280bbf68f.jsonld","https://obis.org/dataset/20a9662f-75ea-41bb-a9b8-659cc60710c5","identifiersha","2025-04-07 08:26:38+00:00"
"8b8dc3a3b4470c9ec8b4c7e50e6c9c2bbf18c3e2.jsonld","https://obis.org/dataset/1d198847-58cf-4350-9d2c-8c8f611083c4","identifiersha","2025-04-07 08:23:59+00:00"
"8b9446d1a36d073cb55e48ee078cabe3613e098d.jsonld","https://obis.org/dataset/118634ba-3ea3-4b43-8067-083bb1f62ef1","identifiersha","2025-04-07 08:27:13+00:00"
"8badfeca53e3b68f247e83bc9f26ba55d4f5d41b.jsonld","https://obis.org/dataset/fcd80a69-dee2-4489-9de4-517c92403f12","identifiersha","2025-04-07 08:27:40+00:00"
"8bb23c8be5a512fd50fcf1f8dd404da96a305d83.jsonld","https://obis.org/dataset/e57f6ac1-e6ed-4a57-abd9-a400ea0301e6","identifiersha","2025-03-13 22:59:34+00:00"
"8bc18e18aceb071babec3807cf8da82043129132.jsonld","https://obis.org/dataset/f47b3e69-0124-4fb8-b6fd-a655dd2c935a","identifiersha","2025-04-07 08:24:23+00:00"
"8bc3dbb087f75800f3685393d8a52e0d736d340c.jsonld","https://obis.org/dataset/b1c9cbdc-a72e-4fee-80a0-0ce9f9d03336","identifiersha","2025-04-07 08:24:27+00:00"
"8bc9fd9fee82c593813a8c9ba0f3ebbb75425521.jsonld","https://obis.org/dataset/34b300d6-4a7c-47da-a830-58688183431b","identifiersha","2025-04-07 08:26:25+00:00"
"8bd0ba6e3a902000d4660895e6111e43c9c7996b.jsonld","https://obis.org/dataset/3b7223b4-295a-43b6-bea5-82776e7e598f","identifiersha","2025-04-07 08:22:59+00:00"
"8bd77e8d7ff2b3749ce61b1a455ea45c4c295f19.jsonld","https://obis.org/dataset/71b4648d-70b2-4a95-8ac2-02d449fd0777","identifiersha","2025-03-24 00:41:43+00:00"
"8bda56197e3c85bee841125627c9403a9dd4c77a.jsonld","https://obis.org/dataset/c10d5fde-e853-4473-94b3-34b3d0ffab47","identifiersha","2025-04-07 08:26:57+00:00"
"8bdf704b7ff9e09d32e8ee1f1556f7b79bb708a6.jsonld","https://obis.org/dataset/4a0703e0-0fde-49c4-916e-76f14afc4fe4","identifiersha","2025-04-07 08:24:10+00:00"
"8bec842e667a9674de872e763483693591cf6f9a.jsonld","https://obis.org/dataset/20f08cfa-97d1-406b-8723-50075ee006c4","identifiersha","2025-04-07 08:26:36+00:00"
"8bfc4db26d2e15c19ae3091d0e16cf2df63ab5d4.jsonld","https://obis.org/dataset/9243edbf-0c0e-4b95-a181-973223b0c78c","identifiersha","2025-04-07 08:24:36+00:00"
"8c107da2c5152878a0f6ddfa8269c93b450415e9.jsonld","https://obis.org/dataset/eebe44d7-1557-4750-a6c3-b65c734bd149","identifiersha","2025-04-07 08:27:45+00:00"
"8c2aeb6f4999d445138b42dae057784497806754.jsonld","https://obis.org/dataset/16c29553-c90b-4865-8d45-55de3286b4e0","identifiersha","2025-04-07 08:23:04+00:00"
"8c434593eb8f3f60465066ba16b937608e3aae0f.jsonld","https://obis.org/dataset/6b840ea9-9d8f-47a9-b164-c482ae9770f1","identifiersha","2025-04-07 08:28:22+00:00"
"8c4c9d3917755c5fd7fa1dac393262ef68e4aefd.jsonld","https://obis.org/dataset/b1e300c3-67e1-4de1-b6d1-467f10acb2ad","identifiersha","2025-04-07 08:27:03+00:00"
"8c4dd24885d5c46c3414c2f6db5ff2ee5fe25d89.jsonld","https://obis.org/dataset/de7f2687-89b7-4725-9579-ca2a0fbef6bc","identifiersha","2025-04-07 08:27:24+00:00"
"8c52be864703d55bcfd2ffe815bc731ec8d4e014.jsonld","https://obis.org/dataset/ecb2f86b-2a27-490e-9ebc-f35284e76095","identifiersha","2025-04-07 08:28:37+00:00"
"8c5c2650e3beddf74ac94de1a2bf24b8a75f966a.jsonld","https://obis.org/dataset/f372359d-0928-4ecb-97cc-6379854395c5","identifiersha","2025-04-07 08:24:24+00:00"
"8c6d560b8a9a525eb72f91cd26e9f09ddfabca5f.jsonld","https://obis.org/dataset/e6c60d53-ef6a-4f15-8fe5-96ebbd8d50ae","identifiersha","2025-04-07 08:26:50+00:00"
"8c745c78fbd7e77b41032f5f0c2cc346d66d21a5.jsonld","https://obis.org/dataset/84e8941c-61e1-40ea-bc42-7ca8b8a73cda","identifiersha","2025-04-07 08:26:03+00:00"
"8c8568284be7c0d4ca0e3b043846ace8ca3bf4b9.jsonld","https://obis.org/dataset/3fa25e01-c1e5-4b62-ad3d-a822005013c5","identifiersha","2025-04-07 08:27:48+00:00"
"8c888281b954f39059653cf4825ee06da7522296.jsonld","https://obis.org/dataset/0a39db7b-5797-4488-9970-5123ae7aad48","identifiersha","2025-04-07 08:26:55+00:00"
"8c8a95850ed4e5a992c013abaadefc9c82efb9ce.jsonld","https://obis.org/dataset/e41b934e-93fd-4c1d-8957-a4e9defeb2c4","identifiersha","2025-04-07 08:25:23+00:00"
"8c96beb4157c7544a7ab1d3b1903d764b644ea13.jsonld","https://obis.org/dataset/fff34c63-d718-4ab7-be42-4123e4b4272b","identifiersha","2025-04-07 08:25:31+00:00"
"8cba39066dfc0cee570a5be3ac9e6e7c2edb83ea.jsonld","https://obis.org/dataset/687729d2-ca2c-48b6-946e-38269716dbda","identifiersha","2025-04-07 08:24:36+00:00"
"8cc16b0cb0a6d4831607d74ec3089420aece30b6.jsonld","https://obis.org/dataset/c6074074-a95e-4edf-9e6f-7840583ca717","identifiersha","2025-04-07 08:23:50+00:00"
"8cce0b2a56194f6379959844acd3e01a2b3a43a2.jsonld","https://obis.org/dataset/a809e016-e0b9-4a7b-9c45-a823d587cf9a","identifiersha","2025-04-07 08:25:03+00:00"
"8cd10bbfb81ee725b8a57776adbaf77d41f1d6ad.jsonld","https://obis.org/dataset/ce1d93f3-8b0f-4ee7-9a4d-0393a6ec7fea","identifiersha","2025-04-07 08:22:39+00:00"
"8cd865ab7510dc2961f15f722ca2c9548ca199d3.jsonld","https://obis.org/dataset/7b7233d7-f05a-4563-8834-1153900a966e","identifiersha","2025-04-07 08:26:32+00:00"
"8cda0e5722a06aa776d5a25acd95f135fddfb71b.jsonld","https://obis.org/dataset/956d618f-91dc-4930-a253-cdf80ddb9371","identifiersha","2025-04-07 08:23:10+00:00"
"8ce235ce109163e3012467a4829d2af9b03100ce.jsonld","https://obis.org/dataset/c62f9dc2-39ed-4792-b2a3-ccbac59f00d0","identifiersha","2025-04-07 08:25:05+00:00"
"8ce74d5a02bbc1836a5fa3dcdd42b7391407346d.jsonld","https://obis.org/dataset/a8c7c2d3-533a-4b8f-aff8-a43b8f280a7b","identifiersha","2025-04-07 08:22:30+00:00"
"8ce810b5f31b854f8842e7d2690691d767faf418.jsonld","https://obis.org/dataset/857a8ddb-d144-416e-bc61-5f58280a0a01","identifiersha","2025-04-07 08:25:22+00:00"
"8cf63e0913959a3de2cc3c7c18b1649e98e672ba.jsonld","https://obis.org/dataset/4fb27374-87ed-47b8-9102-bb2ec4cbedf2","identifiersha","2025-04-07 08:25:01+00:00"
"8cfcad5a3be28d67cd8042d28b38c31b247fd1c3.jsonld","https://obis.org/dataset/00f47c38-6233-4d6c-bd93-67a771ab6224","identifiersha","2025-04-07 08:25:45+00:00"
"8d11f7290ef4440ad0211a86aa06b62befa6bd23.jsonld","https://obis.org/dataset/d7fa8364-3a90-4478-8016-6a90d79d66c1","identifiersha","2025-04-07 08:25:32+00:00"
"8d2191155ff825457d44b903cf419e48ae189099.jsonld","https://obis.org/dataset/ba71e4ee-91dc-4bbd-9a79-017330e4553f","identifiersha","2025-04-07 08:24:33+00:00"
"8d21953154e87907afbbf5fd93d8243c841c7d50.jsonld","https://obis.org/dataset/05838ff6-e7e4-4d9b-97ee-789f554ee451","identifiersha","2025-04-07 08:26:25+00:00"
"8d22a9adb06552787aa85b691c7516e49365677c.jsonld","https://obis.org/dataset/c71febef-1155-47c8-a9d1-bc46f911d2e9","identifiersha","2025-04-07 08:24:46+00:00"
"8d6c7067330503218e9621ca4f9fdd569e6a8358.jsonld","https://obis.org/dataset/481da6f1-e7a8-4e09-afdc-05e6fb9ee07e","identifiersha","2025-04-07 08:28:17+00:00"
"8d7345efa25e730cc0cd8b5b74300d1293ecb1aa.jsonld","https://obis.org/dataset/5a804d4e-7393-46ff-971c-0beceba02086","identifiersha","2025-04-07 08:25:17+00:00"
"8d8647a83c4d03fe1c5e502a489fd665102217c1.jsonld","https://obis.org/dataset/43ce2170-7cc5-4ee6-a84b-25d168c8f8e8","identifiersha","2025-03-24 00:45:48+00:00"
"8d991cbad1fe05fe213c5b24e5ae171b9c7cde74.jsonld","https://obis.org/dataset/acf57373-9e2d-4129-87bd-322be96ddfc4","identifiersha","2025-04-07 08:28:33+00:00"
"8da43dd61d9f805229cd01fa0b136049124cbb8e.jsonld","https://obis.org/dataset/8e323d59-ae6c-4b62-840e-8f6eb68e40ed","identifiersha","2025-03-24 00:28:33+00:00"
"8dc2c6e077ecdd192e82ccd83ab4d5e07ba1105f.jsonld","https://obis.org/dataset/0ada9b0c-14f5-4247-881e-9f6f62b2c165","identifiersha","2025-04-07 08:22:54+00:00"
"8dc79876ee99b503bb7c36f8859a0bd4d2bcb241.jsonld","https://obis.org/dataset/0f51da36-df48-4bbe-abe8-d67413f12115","identifiersha","2025-04-07 08:27:56+00:00"
"8dce9e58e19a7fc75eecc45a169d59d98138e19d.jsonld","https://obis.org/dataset/c9aaa0e9-8f6c-4553-a014-a857baba0680","identifiersha","2025-04-07 08:24:16+00:00"
"8dd24e331318004e88098640da041314feaa35b9.jsonld","https://obis.org/dataset/f9ad999f-6460-404f-a594-189bafe3b52d","identifiersha","2025-04-07 08:25:11+00:00"
"8dd908b5f754db31dfa874f45a620d79eaf3e826.jsonld","https://obis.org/dataset/0916e7cb-30ab-4e68-83db-2452af07c095","identifiersha","2025-04-07 08:26:52+00:00"
"8de42a0a0b7e0650662501583aff7b9d6e519309.jsonld","https://obis.org/dataset/a31e1fad-60f1-48a3-b2ef-4b8649a7aa54","identifiersha","2025-04-07 08:27:57+00:00"
"8de94f85c5fad8b12f6e9ec92c0bc3829f5e5c9a.jsonld","https://obis.org/dataset/85cad20d-d596-482e-bb90-7475de8720d7","identifiersha","2025-04-07 08:22:45+00:00"
"8ded55087ad08bd9ed836bdacbf3a21b03afd6c7.jsonld","https://obis.org/dataset/aed9d074-81c3-4a5e-976d-49c974e200e7","identifiersha","2025-04-07 08:27:39+00:00"
"8e0ef1ecf948a51632d9937ac081b0dc316d4b30.jsonld","https://obis.org/dataset/3f845a8d-536a-4630-8d16-31d8ed1e29a6","identifiersha","2025-04-07 08:23:34+00:00"
"8e39bfdfa6bb0838eccf958e3936f12260335d11.jsonld","https://obis.org/dataset/f2266c00-5361-4628-85cb-49b71761606e","identifiersha","2025-04-07 08:26:20+00:00"
"8e3b946c6ed30386518f224088ebb8257cdc654a.jsonld","https://obis.org/dataset/012a6661-c257-4e5a-9057-138ad71071f7","identifiersha","2025-03-24 00:38:57+00:00"
"8e3e7c7cf032b1105f584a950f94dd57cdbaca30.jsonld","https://obis.org/dataset/79669979-78b1-491b-a562-f218806d51a8","identifiersha","2025-04-07 08:25:07+00:00"
"8e5cb62fd1e9f702f9c34d0eea76a0a99ae2217d.jsonld","https://obis.org/dataset/1c4ea934-16af-4be2-a327-a3c2844cd3a1","identifiersha","2025-04-07 08:28:38+00:00"
"8e60542e64f68b6805aa6440adf434f79d33b8f0.jsonld","https://obis.org/dataset/95a44403-6971-49d2-8c48-ea464af97544","identifiersha","2025-04-07 08:25:36+00:00"
"8e64bb4d8a24deb2be2148d4a621288f521a6301.jsonld","https://obis.org/dataset/08bcd088-6573-4778-ba35-b01b89f21fe9","identifiersha","2025-04-07 08:25:35+00:00"
"8e6ac491725974ce07fc87d6e8033c0c3bf39527.jsonld","https://obis.org/dataset/b67c93d9-9625-4b6b-921b-0a81680e8735","identifiersha","2025-04-07 08:24:55+00:00"
"8e79575919b964aec311105d5ba60250cfbbfd00.jsonld","https://obis.org/dataset/fdde5055-44f4-4066-83b6-4c2b00080eaa","identifiersha","2025-04-07 08:26:51+00:00"
"8e79ef2c94d1605e3465c8cf3d8946111fe0107e.jsonld","https://obis.org/dataset/40eaf17b-e6a6-4cce-b22a-21db9c3905e7","identifiersha","2025-04-07 08:23:56+00:00"
"8e7ab93aec5df3954de67fe93196f9c61f9206b6.jsonld","https://obis.org/dataset/6134606f-803c-4363-a498-b459765e7f6b","identifiersha","2025-04-07 08:28:19+00:00"
"8e932116e5a77937a8f1200f1c27326c7dbf56bb.jsonld","https://obis.org/dataset/83eac1c3-e549-4eba-9dad-01d81ba8b94c","identifiersha","2025-04-07 08:23:50+00:00"
"8ea57816c640847071fe8280b90c9727ef0b7d33.jsonld","https://obis.org/dataset/a3bce998-07b5-4e22-b6c1-755b87554947","identifiersha","2025-04-07 08:26:29+00:00"
"8eb70d913ca618297ec6f8e3ae8d80a00815238a.jsonld","https://obis.org/dataset/b3bffa6c-f3b7-4608-ab5e-5126ec6aa603","identifiersha","2025-04-07 08:25:37+00:00"
"8ecb2f17d7d55be1ba216b536d18ad605818fc12.jsonld","https://obis.org/dataset/62440291-a389-4d4d-b7eb-41cca5113633","identifiersha","2025-04-07 08:25:54+00:00"
"8ecc48d99db0c8b9fdbbce6647e55efb36081496.jsonld","https://obis.org/dataset/0aa9762f-8b38-4515-bd49-f287a4feffd5","identifiersha","2025-04-07 08:26:44+00:00"
"8ed3ba3140f9218677459104bfd16e6dfae6ec6e.jsonld","https://obis.org/dataset/678cec8f-e0ae-431e-b836-703a0c1c2c37","identifiersha","2025-04-07 08:25:58+00:00"
"8edaa2071360ce2714b43553937c13fbd54edfde.jsonld","https://obis.org/dataset/1ff8f53b-1a0e-4346-8f51-447a824adacd","identifiersha","2025-04-07 08:27:02+00:00"
"8edb18f075b69465c18d6fd9808dbea3b0710c0f.jsonld","https://obis.org/dataset/dde5f3f6-c18c-4409-9276-d0b2cc8c0aab","identifiersha","2025-04-07 08:28:16+00:00"
"8ee6135476299880f53de4bf94ae866e8e889ce6.jsonld","https://obis.org/dataset/f09349a2-4c84-4a8b-8c06-a6f3f5f5da19","identifiersha","2025-04-07 08:25:40+00:00"
"8ef1a8e6d1d3aceddd16a587789118bf66c389de.jsonld","https://obis.org/dataset/4c9f5c30-1d78-4529-ad1a-bb2c8df04b6d","identifiersha","2025-04-07 08:23:00+00:00"
"8ef1f89dca159feaf224e4d4c574223dc1b55aa5.jsonld","https://obis.org/dataset/b52cf4cf-6222-4318-9e43-355026336e03","identifiersha","2025-04-07 08:22:52+00:00"
"8efb54cedf9aded666a55af2bcc17863001fa345.jsonld","https://obis.org/dataset/e71d452f-615e-4654-b78d-35b8a1d91936","identifiersha","2025-04-07 08:23:39+00:00"
"8f235164cc33731a015de81c9613fe578248dbdc.jsonld","https://obis.org/dataset/ee074a49-8b74-4db0-8c3d-5cd046ec1f44","identifiersha","2025-04-07 08:26:15+00:00"
"8f24963247b4b5f7a496e5a51201a63361adb570.jsonld","https://obis.org/dataset/c5b41db4-b568-4096-8f98-b74ffd615f37","identifiersha","2025-04-07 08:26:34+00:00"
"8f37b8da1800c3f16d3c0557486980defe4e625b.jsonld","https://obis.org/dataset/0e1f23cf-d2de-4adf-9a87-96e6a949fee3","identifiersha","2025-04-07 08:23:41+00:00"
"8f3a7119c6dad5997feb01a80fa52bb75a52b3aa.jsonld","https://obis.org/dataset/aaacf13e-a138-4b75-ba78-0b5136649365","identifiersha","2025-04-07 08:24:50+00:00"
"8f3ba2d8fceb2b07ff0c4e75a5a13b812c6e5f22.jsonld","https://obis.org/dataset/ee52390c-f419-4bf2-94fc-c0dae6834b5e","identifiersha","2025-04-07 08:24:39+00:00"
"8f41d632bd1f8ffebb09c28002662002668acd89.jsonld","https://obis.org/dataset/9a37fc55-1fc8-4c19-b649-10d86c03b7bb","identifiersha","2025-04-07 08:22:34+00:00"
"8f484a9b3c441655e1fcf0bb30f7850a8f0802cd.jsonld","https://obis.org/dataset/59be93d8-af01-4126-9758-0aee975c997a","identifiersha","2025-04-07 08:23:39+00:00"
"8f5ff93f989e894f305b8dbfd56acd5f645cbd2a.jsonld","https://obis.org/dataset/726e33e7-6415-45ae-9d20-7c9a60e01343","identifiersha","2025-04-07 08:23:55+00:00"
"8f6cb75b31575cce377beb3c15bbbc0adab2f4dd.jsonld","https://obis.org/dataset/7e00bbac-3ca0-4c25-a80c-09e0faad1f3b","identifiersha","2025-04-07 08:23:17+00:00"
"8f704f3ba99770aec39467bcf5442276846f3643.jsonld","https://obis.org/dataset/077952ad-0e37-4ae0-80ff-9f9794d597a4","identifiersha","2025-04-07 08:27:44+00:00"
"8f77847b8ab9ff82ee87aecf01cc7f1a4cce4e62.jsonld","https://obis.org/dataset/b91d89db-79d6-4bd3-8470-1b1a5d0dbc4f","identifiersha","2025-04-07 08:24:20+00:00"
"8f7c0814d16808563543d37707cbdae70ecb09be.jsonld","https://obis.org/dataset/3398cf39-62d9-4385-909d-507ce3967ae5","identifiersha","2025-04-07 08:26:53+00:00"
"8f9202fb9e83a9464411e385507773c49c77dd4b.jsonld","https://obis.org/dataset/562af5fe-eb3e-451a-8c1b-fc8165f76da2","identifiersha","2025-04-07 08:25:41+00:00"
"8f95e781ec0c6e7023da61f3b759b04e963453b0.jsonld","https://obis.org/dataset/163b3b00-c6bb-49dd-a990-c3c4f5b1bcc9","identifiersha","2025-04-07 08:26:13+00:00"
"8f9b8eb9b74ad319629a86e63b60771ed659c930.jsonld","https://obis.org/dataset/cfb33cb9-fa1e-427e-9fb4-9e41080d2aac","identifiersha","2025-04-07 08:24:05+00:00"
"8fa806844bb84bf3ce1b8573a6566029210c5d7a.jsonld","https://obis.org/dataset/5ea2b942-eefd-4412-8347-d09c0557c9a3","identifiersha","2025-04-07 08:23:51+00:00"
"8fa8b32c5a4daca8904699cfed9fdf2d43c298ac.jsonld","https://obis.org/dataset/549fa91f-0b54-4f42-afa5-ecb4597c33cc","identifiersha","2025-04-07 08:23:45+00:00"
"8fb238622282757d1aeb3d871b7d29d063bfc619.jsonld","https://obis.org/dataset/919c42be-cfff-4125-a602-1ef00985d795","identifiersha","2025-04-07 08:25:02+00:00"
"8fbc6c9165c37301c118f43058986337b95355a8.jsonld","https://obis.org/dataset/16e83922-555b-47bf-8c67-1171dec70b77","identifiersha","2025-04-07 08:24:39+00:00"
"8fbf3cb54393f7dbc06f8d7714af4009d9fe84e0.jsonld","https://obis.org/dataset/8c411639-176d-490a-b345-017ccfc7f89f","identifiersha","2025-04-07 08:26:08+00:00"
"8fd1ba7b588a261a8b2ecbc7b2c58a52f8971747.jsonld","https://obis.org/dataset/6e0e0919-93c1-48fd-86ad-cf24cf8e6130","identifiersha","2025-04-07 08:27:10+00:00"
"8fd7dcbeb34941769ce84c2b67102efaf0cf2c70.jsonld","https://obis.org/dataset/f7328e9a-79f6-40e1-8805-530c1e61a181","identifiersha","2025-04-07 08:25:14+00:00"
"8fda6a8477fce7d5ce36350267798b2abae6ef34.jsonld","https://obis.org/dataset/2699b851-2631-44a4-b2a2-0095d0d95b66","identifiersha","2025-04-07 08:27:14+00:00"
"8fef37ea74dcd0c1f4dd2f20b20d2a3d39fb931c.jsonld","https://obis.org/dataset/8f3ee0be-a799-40ca-a3ef-868fb6cdc670","identifiersha","2025-04-07 08:24:08+00:00"
"8fffdc004114f80439d66a8832949e01918bd183.jsonld","https://obis.org/dataset/a7841d06-b5da-4e2a-8973-aa1757b3c39a","identifiersha","2025-04-07 08:27:29+00:00"
"9008c8f26a4aea491e3550f9c9c3a2c52f30f112.jsonld","https://obis.org/dataset/8a93d04d-ad46-439a-b264-6aa4bdf4eeb4","identifiersha","2025-04-07 08:24:17+00:00"
"9009e20a4e01f44173596fb112fd454e4d640a1e.jsonld","https://obis.org/dataset/24ab7ecd-9c25-420c-b2a4-5713db884e26","identifiersha","2025-04-07 08:23:55+00:00"
"9011072c584868d8fd293f221684b23ae02cd49c.jsonld","https://obis.org/dataset/f282147d-5689-4da7-a8aa-6aa54c5bb5be","identifiersha","2025-04-07 08:27:32+00:00"
"9018d763de7ed6329a5609a26b5f8e54f95f1cd5.jsonld","https://obis.org/dataset/8b5b2a47-e4ed-4da9-8230-da0783a5e47b","identifiersha","2025-04-07 08:27:06+00:00"
"9024ed066f2227645d1a996153834b8f41b5f9bf.jsonld","https://obis.org/dataset/8f5b49bc-b438-4f4c-972e-a0ae3e7b5665","identifiersha","2025-04-07 08:24:18+00:00"
"902b196633891a1db482d83e4e658f1de5dfa71b.jsonld","https://obis.org/dataset/2c90a322-c002-44a3-a76e-e67d90e76a83","identifiersha","2025-04-07 08:24:03+00:00"
"9031e1500f7057a755f4513b57201971463a9529.jsonld","https://obis.org/dataset/1fc6afc6-f841-40d4-86d7-e3b2d0962b83","identifiersha","2025-04-07 08:24:39+00:00"
"9046a91c5616bc0f5499c73514a2f0022d0f0985.jsonld","https://obis.org/dataset/fd14b25a-9d42-447e-a4ec-e82cc081c9b1","identifiersha","2025-04-07 08:28:16+00:00"
"904b24ddd680b21e1a08a3adf78d4ec964814421.jsonld","https://obis.org/dataset/5901bed2-eb86-4fff-ab36-ad2762307b8f","identifiersha","2025-04-07 08:24:32+00:00"
"904d97df6c8e477dd85e8add3fd1d30ea70e9a51.jsonld","https://obis.org/dataset/05bbc2a5-8065-4599-ad7d-7d0c4a1bfcaa","identifiersha","2025-04-07 08:24:22+00:00"
"904dc7e057966db5857ed644c12022b3542544c7.jsonld","https://obis.org/dataset/ca3d16d7-e6ed-4066-b127-8df4700d160f","identifiersha","2025-04-07 08:24:11+00:00"
"905393a5b178dc0072d1f0fadb0d04ec76188ada.jsonld","https://obis.org/dataset/a4c2547d-11a0-45b1-b7ef-cce9d34ae884","identifiersha","2025-04-07 08:23:33+00:00"
"90539582c131b28221e67d72da69019760166e74.jsonld","https://obis.org/dataset/96c68fd3-790b-418b-9ba1-2b3762f0172b","identifiersha","2025-04-07 08:23:28+00:00"
"905c5cdadd5ddda009c5599cd113727ef39f14f8.jsonld","https://obis.org/dataset/1519005f-c8ca-43ad-85f9-2575d5ecdf82","identifiersha","2025-04-07 08:25:46+00:00"
"905fe8cc947309ff1e24a385adb067b556e3e2b3.jsonld","https://obis.org/dataset/292f775d-c300-4e21-8af2-b3b16a0a0ddc","identifiersha","2025-04-07 08:23:48+00:00"
"9072a03867c44836997228a6e0f187307b96ad80.jsonld","https://obis.org/dataset/e36a9445-2b01-4088-aa33-cf331ae23eaf","identifiersha","2025-04-07 08:23:19+00:00"
"907531f266a589fb8804677ecf68361fab32dcf8.jsonld","https://obis.org/dataset/cc7481dc-a015-46e7-98b6-2ad7374886e6","identifiersha","2025-04-07 08:22:58+00:00"
"9075a72f71396a3ba266a91d0eef2eda2b5f7fdf.jsonld","https://obis.org/dataset/7134d0db-1e2e-4fce-bbef-67a5cfd8d9b4","identifiersha","2025-04-07 08:28:30+00:00"
"907d7c7b0a8710968a2538e9543a018788bb66d8.jsonld","https://obis.org/dataset/b7cdeca9-f3a4-474f-b644-a74f504083bb","identifiersha","2025-04-07 08:24:21+00:00"
"90815e24e87f913a12fd28482e5bf47529ec29ab.jsonld","https://obis.org/dataset/6aba8c7d-3f1c-4676-ad08-a6604b58c9c8","identifiersha","2025-04-07 08:25:01+00:00"
"9082c1280e88b4a6897a1b0dee96fb335e93a6be.jsonld","https://obis.org/dataset/bb8816b5-a2c8-4935-ad98-1f3c58ba9e46","identifiersha","2025-04-07 08:27:29+00:00"
"908be7b167bf93ee8eb762a7de78d759ccd38ef9.jsonld","https://obis.org/dataset/ef5c8ced-4ab9-4f5b-8e42-d1c6604223fa","identifiersha","2025-04-07 08:26:50+00:00"
"909ddc9dca79fe9495e2296782d8ab6bdd01712a.jsonld","https://obis.org/dataset/af201b38-f32e-4213-a901-fe16c5423a2a","identifiersha","2025-04-07 08:23:17+00:00"
"90ab0d90141b5c5170f1e6cec012c83dfa3b4e64.jsonld","https://obis.org/dataset/471fe91a-2d5f-4651-b76b-e1e9cdba9940","identifiersha","2025-04-07 08:22:33+00:00"
"90abef5d2a411aeb41e91caebd1d6ba8dbe83504.jsonld","https://obis.org/dataset/e4a8f544-db4c-423f-a4e4-812785bd1551","identifiersha","2025-04-07 08:22:54+00:00"
"90af0396a78894657a706a666c65793bc41a5900.jsonld","https://obis.org/dataset/d29d7aa5-08e0-4c1f-9b1c-3b46b3b93563","identifiersha","2025-04-07 08:23:52+00:00"
"90cbc612803d5dd689789cf7868a097987097e81.jsonld","https://obis.org/dataset/6ab6d1de-a80e-4677-9d6b-79256800a0e3","identifiersha","2025-04-07 08:27:10+00:00"
"90f957fed441ce9fb8397436f2c356e24e3ab894.jsonld","https://obis.org/dataset/12abc001-a379-497f-9c5c-4548337a564e","identifiersha","2025-04-07 08:26:49+00:00"
"911210f7a26ef2b9c15dcebc8f0262ec8ff51433.jsonld","https://obis.org/dataset/531637ff-203d-447a-8595-519080144a1d","identifiersha","2025-04-07 08:22:41+00:00"
"91169674bc8d4b952aef5ef1a00fe2f8c9b9c4bf.jsonld","https://obis.org/dataset/d979d58a-746a-4e40-a9ca-94c025b5bfe8","identifiersha","2025-04-07 08:23:05+00:00"
"911ce84d21bec0d245689099af81571d68c8d62f.jsonld","https://obis.org/dataset/a4695be4-9914-4cc2-ac24-201bd868db57","identifiersha","2025-04-07 08:24:22+00:00"
"911e0f6a9a597e9f6d016f6d4823216f43a9d201.jsonld","https://obis.org/dataset/cfdfb895-2d65-47ed-bb2e-827cad0350af","identifiersha","2025-04-07 08:25:49+00:00"
"913dba2538e5219c8e305db615393454c3cc6c08.jsonld","https://obis.org/dataset/708c9c68-c16f-4b6b-a6f1-16b73460be5a","identifiersha","2025-04-07 08:28:09+00:00"
"913f4848c3b91e597ee422d62473c9555ab10cfc.jsonld","https://obis.org/dataset/dcb26bfb-e18e-4672-a7ef-07e6f192ed81","identifiersha","2025-04-07 08:26:20+00:00"
"91457e0aa6ba4321c3c252a11d2e643dcda7152d.jsonld","https://obis.org/dataset/742abe79-3fbd-49a1-b5f5-f0934ec6801b","identifiersha","2025-04-07 08:28:37+00:00"
"91673c10def1ae87b5605a59f285039078bf0877.jsonld","https://obis.org/dataset/eb92217b-a966-4bf0-9cb8-0973b1f94831","identifiersha","2025-04-07 08:24:58+00:00"
"917dee20c7829dbf24ee513172a75898e4cf0e90.jsonld","https://obis.org/dataset/2a5084c8-3f7f-4925-a9e8-470940427ce0","identifiersha","2025-04-07 08:26:38+00:00"
"9182a09ed2e5cbe5d4db00f093b76111ae9a80eb.jsonld","https://obis.org/dataset/a520e84c-cee9-4bfc-94f4-1f8863147892","identifiersha","2025-04-07 08:27:59+00:00"
"918745703f11e3c3371e0d6e3ef38aa6d17e3999.jsonld","https://obis.org/dataset/5ac716bb-b51d-4808-9ce2-8aead09bb4d6","identifiersha","2025-04-07 08:24:41+00:00"
"918c8cf5b36a485e39970614ba72fe17c13d86db.jsonld","https://obis.org/dataset/89e23fc8-3f61-4480-9de3-358fe6eefe0b","identifiersha","2025-04-07 08:22:27+00:00"
"9198d9d6e260d0e5dde47c31415a5d88eedda817.jsonld","https://obis.org/dataset/83a31016-4ec5-4928-ba9f-e3a66e8177f0","identifiersha","2025-04-07 08:26:32+00:00"
"91998b3064543f0c5111da76cbf9e384af295a1e.jsonld","https://obis.org/dataset/7b6fa45f-e4fd-4e40-a537-97eb2f63c690","identifiersha","2025-04-07 08:22:25+00:00"
"91a6d5c552e99002b531063ea096a09a79a53cac.jsonld","https://obis.org/dataset/de39d839-f402-4784-8af3-558702eac4ca","identifiersha","2025-04-07 08:27:20+00:00"
"91b5d7ed9352007b20a8c390fe64c61ba052dc95.jsonld","https://obis.org/dataset/4d8f1db5-182b-40a0-b73d-edd8edd50469","identifiersha","2025-04-07 08:23:13+00:00"
"91bfbcb9b92161e150f4ef82317f2d8e2cb032c1.jsonld","https://obis.org/dataset/78f8a00d-57ea-4aca-8d83-0e24fa689625","identifiersha","2025-04-07 08:27:25+00:00"
"91c2a0b1e430dae785082b4f9d0304c8b3c8651a.jsonld","https://obis.org/dataset/34be50d5-1acc-4c51-ae40-aaf4ee2964c9","identifiersha","2025-04-07 08:25:52+00:00"
"91c6f19234ee8fe52aee0ef2cd4bce9cf47db67c.jsonld","https://obis.org/dataset/a96e881a-df75-499f-9057-7a2b85604351","identifiersha","2025-04-07 08:22:45+00:00"
"91d88cfac37f0a6e1a3610144eeb0b5b518e2562.jsonld","https://obis.org/dataset/3e3924b8-8754-433d-8e52-01842d8f04b6","identifiersha","2025-04-07 08:23:43+00:00"
"91dea51ae2524d83cb9534e9f6042a6b31b79e97.jsonld","https://obis.org/dataset/7eb44e64-8515-4c9e-aa7a-03aadbd546b1","identifiersha","2025-04-07 08:27:13+00:00"
"91e5bfd2ed0f7e908f030bb3b24ecf38b0ea5e9c.jsonld","https://obis.org/dataset/f070a9b6-b425-4dae-b7ca-d492b717dcc7","identifiersha","2025-04-07 08:22:57+00:00"
"921622c65107f8f7b3ce2ac74b0d57e97882e5d5.jsonld","https://obis.org/dataset/b4ac3d44-b4bf-49ef-a6e9-e2c02adff2fa","identifiersha","2025-04-07 08:22:40+00:00"
"921625ded1baf13a788fa30fda44e72a997e2ff7.jsonld","https://obis.org/dataset/03b0c6d9-af92-4ea5-a5b5-f0dfd98ed47e","identifiersha","2025-03-24 00:38:11+00:00"
"9218c82eb5458a533bd94b67f5743909ab7ea98b.jsonld","https://obis.org/dataset/d336561d-87fa-484e-95ec-385078233bf3","identifiersha","2025-04-07 08:25:25+00:00"
"922b11d21f2dd1ec33960933be16e5bce8ab9692.jsonld","https://obis.org/dataset/77b8d6e2-7bec-4adf-a3ca-aa10a439e074","identifiersha","2025-04-07 08:25:16+00:00"
"924b0dd1d2c9dfac01c033deae6e5c00f4e73555.jsonld","https://obis.org/dataset/2766a34e-ffd6-4e00-ab02-eccff90ec0ac","identifiersha","2025-04-07 08:25:41+00:00"
"9254ce5e004c4af742405449d77c013b12a82640.jsonld","https://obis.org/dataset/72a4d487-9f84-4240-8a07-615b01904380","identifiersha","2025-04-07 08:23:51+00:00"
"925b174021e627a4b71252b3f7b8b895e3b1f601.jsonld","https://obis.org/dataset/1f8635f6-ed8f-448a-a611-0655910bf596","identifiersha","2025-04-07 08:23:14+00:00"
"925dbe3001784318c6f839b90e924338a833495a.jsonld","https://obis.org/dataset/b780bb8d-653e-470d-bc81-d5a3483c16ca","identifiersha","2025-04-07 08:27:40+00:00"
"92638e8d27ecf0399731deb6d5ee8d7b9bd2cadd.jsonld","https://obis.org/dataset/35068d3b-e448-4a6b-8571-ff81e4d197a4","identifiersha","2025-04-07 08:27:47+00:00"
"926c645af3725a7adf128c9cd4c0524906fd6bf5.jsonld","https://obis.org/dataset/f6605170-7d13-4f65-961f-bd322e848d7f","identifiersha","2025-04-07 08:26:37+00:00"
"9274d71cb7c30fb8c2e7c4623ff8e6f34ca06832.jsonld","https://obis.org/dataset/f8e06264-301f-4623-b960-9b81b0e0c002","identifiersha","2025-04-07 08:28:30+00:00"
"9276f55ad5580712f82e66831d48c9c527cd44e8.jsonld","https://obis.org/dataset/6706430b-da9c-4837-adcb-30bb95b74822","identifiersha","2025-04-07 08:24:18+00:00"
"9292df76c4a4a42c2e91a3edb19f059f1cee7358.jsonld","https://obis.org/dataset/ebee1566-9492-4aa0-b151-2c4c98092e26","identifiersha","2025-03-24 00:42:46+00:00"
"92ad3a20167b6378444c48b8b7cf3d9aa12abf51.jsonld","https://obis.org/dataset/1bd7a1be-e94e-4fdf-93bf-98cbdca9cd2d","identifiersha","2025-04-07 08:26:27+00:00"
"92ad7fb079d76269220bba47c433201638e7eda8.jsonld","https://obis.org/dataset/60229baa-886b-4450-9bb8-339c9a491f7b","identifiersha","2025-04-07 08:24:44+00:00"
"92af1fd2d728adf7b3664874ac338f1a53db1a00.jsonld","https://obis.org/dataset/d1b4b08f-d53c-4d0d-a17e-0649c3d88050","identifiersha","2025-04-07 08:25:55+00:00"
"92bb879594e7c2017a2b38bd931c5bdfa8e3c2f8.jsonld","https://obis.org/dataset/a86b3849-dc24-4058-a8a6-7b6fd55a0151","identifiersha","2025-04-07 08:25:46+00:00"
"92bcb1ca5cfcdd2cfdfa2f3c0fe1f02f94b67f89.jsonld","https://obis.org/dataset/b3e395c5-6a2b-4f81-af8f-05391afb0d26","identifiersha","2025-04-07 08:25:14+00:00"
"92cf1ed0f471eaa28380ee955a2cc16ee954568a.jsonld","https://obis.org/dataset/64798c9f-0a24-4f80-a256-efdb921c59bd","identifiersha","2025-04-07 08:28:30+00:00"
"92cfce27b853428db66370855a1cbc532b7746ad.jsonld","https://obis.org/dataset/e043b505-c1af-45dd-a2e7-96571d7b39d0","identifiersha","2025-04-07 08:25:29+00:00"
"92da73b975a53ce91a2f2598add9d9591b90e7a4.jsonld","https://obis.org/dataset/0c1b716c-e950-40b1-8dc8-2345bb28636d","identifiersha","2025-04-07 08:24:37+00:00"
"92e1f545a71f9887539c9c7fd5d51bd3b4a8caab.jsonld","https://obis.org/dataset/f023a554-d48f-4560-9616-5c6a9321f147","identifiersha","2025-04-07 08:22:27+00:00"
"92e31bd0d76fcb4db4b4c0ff1b36c173b898cd27.jsonld","https://obis.org/dataset/2842f7f1-5480-4b21-bd72-5ca13e91c681","identifiersha","2025-04-07 08:24:06+00:00"
"92ea89e8ec55c706bf54e43ed5a03b1c4c1c4a79.jsonld","https://obis.org/dataset/83502887-3afb-4de4-b98c-33c04dc5450b","identifiersha","2025-04-07 08:27:45+00:00"
"92f6a04bbc1b8898bcab7f392a7420cfa6888c66.jsonld","https://obis.org/dataset/5f39885a-4f4f-4e9d-b70f-764ae24375f6","identifiersha","2025-04-07 08:24:56+00:00"
"92f896fdb72126353adcae9cb66a23e9007feb00.jsonld","https://obis.org/dataset/23b260af-def2-49ae-bfb5-90ac9b4b30c4","identifiersha","2025-04-07 08:24:16+00:00"
"9312011443697154833caed3f5292d7e82b31316.jsonld","https://obis.org/dataset/3c59e9b2-15d1-4b40-80b0-f08d8293d551","identifiersha","2025-04-07 08:27:50+00:00"
"9316c1ec927233ba31275228cb5f389e0ed21eea.jsonld","https://obis.org/dataset/4b8b3141-28a0-46e7-8651-46a786827419","identifiersha","2025-03-24 00:30:34+00:00"
"931b88826fc059a444583cf929b098b8c45ade1c.jsonld","https://obis.org/dataset/dc0024cb-afad-4dea-8779-7c1cf96d83ec","identifiersha","2025-04-07 08:26:13+00:00"
"9335c66d7f1951f9e120e7b0c583d95501833288.jsonld","https://obis.org/dataset/937706ac-33fc-4ec2-862e-76b5838adb41","identifiersha","2025-04-07 08:28:17+00:00"
"9343d4f94e9fa91863515e0e82779b8fe7c2118a.jsonld","https://obis.org/dataset/cb16377b-56a8-4d95-802d-4eec02466773","identifiersha","2025-04-07 08:23:23+00:00"
"93469f0a460aed82ba7dc17fc5c8d061b8cf8f3a.jsonld","https://obis.org/dataset/fecdf302-3e69-43e1-9bf6-77d955416130","identifiersha","2025-04-07 08:26:39+00:00"
"935d74c8b63bfe7606d96017814a8218b641452f.jsonld","https://obis.org/dataset/a0a3811f-4040-4ade-aa01-31c91e915938","identifiersha","2025-04-07 08:23:17+00:00"
"936834edf1db20568f7444099b02d7e03dd5ff82.jsonld","https://obis.org/dataset/e981eab6-f849-4891-8fac-495852829456","identifiersha","2025-04-07 08:22:26+00:00"
"937fbbd47e40e423b6e4177d6cc018a7a9588ad7.jsonld","https://obis.org/dataset/71c18dbe-72a9-42af-8108-4f2799e1c270","identifiersha","2025-04-07 08:24:08+00:00"
"938024cfb5d6b917d878d466f06478463e82de67.jsonld","https://obis.org/dataset/ce258d5f-3097-412a-a969-112f34f9169e","identifiersha","2025-04-07 08:28:31+00:00"
"9384f5992909e2eaec4d37da391b465fb435133f.jsonld","https://obis.org/dataset/3957a166-7b48-4359-b06f-92b65218e829","identifiersha","2025-04-07 08:23:24+00:00"
"9385140aa88f6530d22daaeefed59665e9952de8.jsonld","https://obis.org/dataset/34516d38-6369-4157-86f1-ed3da316cf73","identifiersha","2025-04-07 08:26:13+00:00"
"93a6e6cde05d21cf9811222a7570ca5aef2f790a.jsonld","https://obis.org/dataset/598902d8-e0f8-4391-8323-69c4257e048f","identifiersha","2025-04-07 08:24:02+00:00"
"93acb9b0204d0023dbe599bd8f3eb03e02406ba7.jsonld","https://obis.org/dataset/49d1b62c-124a-4854-b878-b83de130eb23","identifiersha","2025-04-07 08:24:21+00:00"
"93b1e2a0aa557439e7a8cf7b3b89e0321023a544.jsonld","https://obis.org/dataset/cd962c92-1917-40dd-9f82-8e1bf8f22fee","identifiersha","2025-04-07 08:25:38+00:00"
"93b8ed00e44a4cecdf003d9d8c3eee4524056cd9.jsonld","https://obis.org/dataset/b69f0512-c185-4adc-bf8b-0239fab76c69","identifiersha","2025-04-07 08:22:35+00:00"
"93c56a0570d8fcdee1227631336f0f34c5f8ac81.jsonld","https://obis.org/dataset/dccf6113-e39c-4ac4-b35f-e0e84316c491","identifiersha","2025-04-07 08:28:29+00:00"
"93cfdb0a1d92108aa22fca9e605cd2e1f7642701.jsonld","https://obis.org/dataset/27d43f2d-2192-4b5a-a36f-802ffeea3d60","identifiersha","2025-04-07 08:28:13+00:00"
"93e5bb443e3420b133c788ca0378ff9d7f1993ba.jsonld","https://obis.org/dataset/f3ded103-f432-4732-8e95-1d256e0917e1","identifiersha","2025-04-07 08:23:59+00:00"
"93e856ed971a0de59b776c52f3e4ad1c8c1755ba.jsonld","https://obis.org/dataset/51078b37-d4a9-4a1d-9c94-92ee60299a3d","identifiersha","2025-04-07 08:24:38+00:00"
"93eb433488b2d1de610283d30615712d532a6450.jsonld","https://obis.org/dataset/b28611f7-9934-435f-a534-173d098d5860","identifiersha","2025-04-07 08:28:32+00:00"
"93ef430630fcf4f782de17660b0b68458bdfa808.jsonld","https://obis.org/dataset/ad7aad95-2c0f-4057-8900-2796776531ba","identifiersha","2025-04-07 08:26:38+00:00"
"93f04afa50c932cb06f0d5453ce46bceb59173a2.jsonld","https://obis.org/dataset/a1487f09-2095-4a28-8678-dbb622d441e2","identifiersha","2025-04-07 08:28:22+00:00"
"9406f4555d7233752a0c62ac251433690ab20745.jsonld","https://obis.org/dataset/15ab464d-e8d0-47c7-8003-29b88a7a780b","identifiersha","2025-04-07 08:22:43+00:00"
"9417b1ac417fea79034b5d1edf2e212b89ea469b.jsonld","https://obis.org/dataset/b2606b6f-f6d0-47ea-8a56-d086b20c60be","identifiersha","2025-04-07 08:24:29+00:00"
"94272125dd2202167e883a7a4ece9fa87f7e2942.jsonld","https://obis.org/dataset/a646ef47-45d2-489e-9593-a5dfd2173b91","identifiersha","2025-04-07 08:22:59+00:00"
"94360815fbdc1ebf8300cf9e0b964379785d7a91.jsonld","https://obis.org/dataset/bba269b5-ecf9-439b-99b0-c928383a48d9","identifiersha","2025-04-07 08:28:23+00:00"
"94368e734eb30ded6b268ecfdd740862ed35ea3f.jsonld","https://obis.org/dataset/2ef2c30c-5feb-4fa4-8663-171bfda53c39","identifiersha","2025-04-07 08:27:26+00:00"
"943c2faa3c8278c7eba6812d93de461c1bbb19b0.jsonld","https://obis.org/dataset/57137253-09e7-4987-9ef5-36dd03e8b981","identifiersha","2025-04-07 08:23:58+00:00"
"9444032f92b72bffc78315044cefd27b8215d5ab.jsonld","https://obis.org/dataset/034e9fa8-2640-49df-89cc-81590b5d11d2","identifiersha","2025-04-07 08:28:03+00:00"
"9451c634d89498329d48d67184d64454a7d714e0.jsonld","https://obis.org/dataset/127b85e6-bedd-47cb-97f0-fb0f0348b83a","identifiersha","2025-04-07 08:25:54+00:00"
"946e0a705dcf8542099e2b05399587f91efdf264.jsonld","https://obis.org/dataset/5d06526b-cef0-43b8-af17-e6c0867c9fb2","identifiersha","2025-04-07 08:25:36+00:00"
"9472225209fecfab692b629106634fbe4c4b4aa6.jsonld","https://obis.org/dataset/5e6b1ba2-45e0-438a-a3b0-30ce20283679","identifiersha","2025-04-07 08:27:24+00:00"
"9475cdb200b000fa7e881120bb19f36758ba80d8.jsonld","https://obis.org/dataset/c847a122-9aab-4f67-b404-ebbc581fa57a","identifiersha","2025-04-07 08:26:47+00:00"
"947ab6f2bd5f02f5f3464ff925c11ac34650e4f7.jsonld","https://obis.org/dataset/22940bb9-80b7-431b-a3c3-2b937714ddf1","identifiersha","2025-04-07 08:23:12+00:00"
"9480595b2029f1078a378468e4673b727d74d81e.jsonld","https://obis.org/dataset/90455921-40e0-4c52-b40c-dc0992588569","identifiersha","2025-04-07 08:25:10+00:00"
"94a6976e39378cf411e55fd9a6c73ad5efbf8a32.jsonld","https://obis.org/dataset/0ea4bbdc-050a-4329-a21a-002d45b91656","identifiersha","2025-04-07 08:25:21+00:00"
"94accfceb597e967d494598f601ee5167c963d80.jsonld","https://obis.org/dataset/d64c0db0-78b6-4596-890a-97144cfe549e","identifiersha","2025-04-07 08:23:37+00:00"
"94b0efec53646de612a5faff810cd322f96b85dc.jsonld","https://obis.org/dataset/a003e72f-d8e5-4d94-9aed-4bc50862c4ad","identifiersha","2025-04-07 08:25:19+00:00"
"94b47d223d04a7b88cf82147d499a01cd76162cd.jsonld","https://obis.org/dataset/c7407a9c-8adb-4022-91d5-e4abe2ae1be0","identifiersha","2025-04-07 08:24:34+00:00"
"94eca8bc518f97d6d0a5e3158fb8841f77bad9bc.jsonld","https://obis.org/dataset/8439a1e0-4aff-414e-bc43-83e4aa9db08e","identifiersha","2025-04-07 08:26:43+00:00"
"94f67aed87e58dda7aea74290fa84780f6055b85.jsonld","https://obis.org/dataset/5dc02afb-4626-4da5-a9f7-5f016230a060","identifiersha","2025-04-07 08:22:43+00:00"
"950574b0175164ea433147d7e14cebb02b5dd33a.jsonld","https://obis.org/dataset/97da5bf7-5319-40bc-9487-04b882cbaebe","identifiersha","2025-04-07 08:26:04+00:00"
"951a2b4d093581f720926447dcc165799b35b99e.jsonld","https://obis.org/dataset/48f919e0-150b-4c2b-ae4a-745d39dc4f1d","identifiersha","2025-04-07 08:26:06+00:00"
"9522946b1b49104674642aff8112208426a63afd.jsonld","https://obis.org/dataset/cda34487-9dd8-4868-9043-8169088401ab","identifiersha","2025-04-07 08:23:57+00:00"
"95233eb97a132b07d374b8def4173f7c80f9e59e.jsonld","https://obis.org/dataset/82a0b489-1b56-4810-a97c-b2866ca0e901","identifiersha","2025-04-07 08:22:40+00:00"
"952fd981a7bc11b4faca7c6f81f8aafebdc6045b.jsonld","https://obis.org/dataset/85d91292-efc6-4938-b6d4-17131ed4388f","identifiersha","2025-04-07 08:22:50+00:00"
"953abd1ebd1e629c1530eca71e0425a7714e2ae4.jsonld","https://obis.org/dataset/8237effd-7f49-4279-af02-e2b7c1f9c126","identifiersha","2025-04-07 08:26:11+00:00"
"953e5ef6e7d41a9fe7dac09e09753ae1de4a47d9.jsonld","https://obis.org/dataset/0745ae50-49e9-4ec0-b0f0-c8daa4f6abd4","identifiersha","2025-04-07 08:25:43+00:00"
"95470845b5e21cba5d31ba0bd74ee6895db0d43b.jsonld","https://obis.org/dataset/b7469789-6817-49ee-94c3-2fadc1ab0d98","identifiersha","2025-04-07 08:27:56+00:00"
"9549d692d03f1ae6e506973fbe8e0344461895a3.jsonld","https://obis.org/dataset/b7f063aa-6b3e-472e-916a-b88d7fea3d9d","identifiersha","2025-03-24 00:34:51+00:00"
"95528b1c359750645b0d6d2fcc1788fa4effcefe.jsonld","https://obis.org/dataset/22b21edc-6d6c-4d45-846f-27887469f0d3","identifiersha","2025-04-07 08:24:37+00:00"
"95567a7504f1682e698e25ac2286b5c46c3e5733.jsonld","https://obis.org/dataset/1bc07c92-1c04-404e-b7f4-ff497a97dba7","identifiersha","2025-04-07 08:28:13+00:00"
"9564bb0eae087798cc9edbe5a83fa4fd814f4e32.jsonld","https://obis.org/dataset/127e64ba-a186-4d99-aaaa-6c9d21035be3","identifiersha","2025-04-07 08:23:01+00:00"
"957de0dd3d59a697f8a4c5cbf9e31ccc11ac3a60.jsonld","https://obis.org/dataset/732d4a94-cce1-4cdf-a73a-db2e72a25d27","identifiersha","2025-04-07 08:25:32+00:00"
"9593a4a0ab8a3904bd0dbe5d34ee8376713e865d.jsonld","https://obis.org/dataset/1aa7b592-5082-40ec-86ad-db40d8628800","identifiersha","2025-04-07 08:26:53+00:00"
"95bbb46c2ac2af575080cc76a4a477c1e4d87d26.jsonld","https://obis.org/dataset/6df306da-31d0-47f5-bb1b-4b084d03d7f1","identifiersha","2025-04-07 08:25:02+00:00"
"95bbf7065d7067b064c0c30ff1f9fcb62f15be0a.jsonld","https://obis.org/dataset/f9979274-f5c3-4cee-928e-7e77b332546d","identifiersha","2025-04-07 08:24:53+00:00"
"95c3312f22de3a33e78da7211f6370999c49872e.jsonld","https://obis.org/dataset/46d17029-893f-41b9-884e-e5bb791e8423","identifiersha","2025-04-07 08:27:14+00:00"
"95ce99892e7fdc20fde5b99d64140eb65dba6696.jsonld","https://obis.org/dataset/dcb057b5-c33a-4289-b709-2fc75555fcb0","identifiersha","2025-04-07 08:23:03+00:00"
"95e1b1d4b01ed0f6b4ad87d70f6a2026ff62e796.jsonld","https://obis.org/dataset/7f29807d-c940-4136-9ccd-3baa1e7e9bab","identifiersha","2025-04-07 08:22:42+00:00"
"95e6f1c5d6b511502a4aeda57e41cf024b2dba4a.jsonld","https://obis.org/dataset/d26681b3-e066-489d-84c2-9da36a4e0475","identifiersha","2025-04-07 08:28:07+00:00"
"95ee14d046f600fe0bb6f0c958b681d7015cd2e1.jsonld","https://obis.org/dataset/eaa33599-9df1-474a-a434-d6dc157ded7a","identifiersha","2025-04-07 08:26:29+00:00"
"95ff3d6477d43f968c4d3ea7d38096cc73772878.jsonld","https://obis.org/dataset/ed50f3ea-4aed-4438-b66e-0466f44e89b6","identifiersha","2025-04-07 08:28:03+00:00"
"9604f309ad00111d49609e13af40c86354784f4f.jsonld","https://obis.org/dataset/ebebb301-df8c-44ee-b0c3-053ebf381543","identifiersha","2025-04-07 08:26:38+00:00"
"9605caa93bf4a9dd12c5eb754f8381aa302753b4.jsonld","https://obis.org/dataset/6b553f1d-1ed7-4b3c-9236-9f3291cdfd2c","identifiersha","2025-04-07 08:24:32+00:00"
"960bb8888116ddd82c6755b5374cfa0220c7d776.jsonld","https://obis.org/dataset/85459925-17f0-437c-b371-8f3b07976099","identifiersha","2025-04-07 08:25:46+00:00"
"960dc6f4858389076c6b1a68d9cb4ff2ff59c28e.jsonld","https://obis.org/dataset/890296ce-bf63-4656-b8de-dc80d5680c53","identifiersha","2025-04-07 08:22:59+00:00"
"961ae1e74ec8cefc26e0e8b9f8d39c991e5a038f.jsonld","https://obis.org/dataset/b3e19a51-282a-4892-a34b-de30471ef0b1","identifiersha","2025-04-07 08:24:32+00:00"
"963d6fc71580df3de77291d96440ee8be50cd400.jsonld","https://obis.org/dataset/35d91dd7-e255-4ebb-b0a2-83d45f2129c4","identifiersha","2025-04-07 08:25:46+00:00"
"963e1000d5ed460fdb7f29a67936daa2a34c3e0a.jsonld","https://obis.org/dataset/4471a9f6-911c-41ca-bf9d-b3e53c19b747","identifiersha","2025-04-07 08:22:56+00:00"
"967fc11dbbd2d2ae0c4ffa1fac56cc26e71f41c2.jsonld","https://obis.org/dataset/00294bab-d613-458b-8724-6c7be4c42eb8","identifiersha","2025-04-07 08:27:13+00:00"
"969af20a00ac785d4fcf63f410912c50b3346e86.jsonld","https://obis.org/dataset/b46bc466-3cd3-449d-bc47-4f4b7809db06","identifiersha","2025-04-07 08:24:21+00:00"
"969f5edee194b05dd7316cd871f18a29781eae4c.jsonld","https://obis.org/dataset/f4baa4ab-d62a-42a3-82de-5c6a72c97c61","identifiersha","2025-04-07 08:22:44+00:00"
"96af888f6db3d2eb1ee471998f38d20f98fcb867.jsonld","https://obis.org/dataset/4e42d212-8135-4e9c-bd9f-492c5f349f21","identifiersha","2025-04-07 08:25:59+00:00"
"96b03c4e2880ebef61f48dc381bf69bc71326f8b.jsonld","https://obis.org/dataset/19104c99-492b-4f23-a3e9-41e86eaef780","identifiersha","2025-04-07 08:25:42+00:00"
"96bdc0c61c80c6545d5c7b9bbe58a4a236dc741c.jsonld","https://obis.org/dataset/e1d5b8e8-4cff-483a-838e-eb4b5eaffd61","identifiersha","2025-04-07 08:26:36+00:00"
"96d5a8ee63a0a3a0a41662e81413247c6a78f829.jsonld","https://obis.org/dataset/69981465-a3bb-4faf-88cb-0b73ba19b4c6","identifiersha","2025-04-07 08:27:21+00:00"
"96dbfcb061f5e86fd9f72c4bff134555533c53f3.jsonld","https://obis.org/dataset/7ca781bf-163f-4202-86ea-cb9a243d878a","identifiersha","2025-04-07 08:24:58+00:00"
"96f19df0e1f2e3c2b94cbbbef1ea9e8740600f2f.jsonld","https://obis.org/dataset/2ccb0088-8686-428a-a220-903c3ede820f","identifiersha","2025-04-07 08:26:53+00:00"
"9704594ccdab09b32beb8f839d3950fb6de9ad2d.jsonld","https://obis.org/dataset/15f11e0d-44ec-4cb0-97cf-d2098b72e3a7","identifiersha","2025-04-07 08:23:52+00:00"
"9708a3acdacd08bfb89661378c4f70624365fd81.jsonld","https://obis.org/dataset/0e37b028-5871-4a2e-baa1-334aea843147","identifiersha","2025-04-07 08:24:06+00:00"
"971151f7ea9fa188f0bd98137b46cafcbf503700.jsonld","https://obis.org/dataset/d054afae-bb0c-484e-8658-d92b41ff9d7d","identifiersha","2025-04-07 08:22:48+00:00"
"971aac064c9ea5fd7734a87fe69a95cb4d30405c.jsonld","https://obis.org/dataset/0ce9f203-e88a-4067-a914-328f4370eddf","identifiersha","2025-04-07 08:25:47+00:00"
"971d6c402b8d73a22836932fe31bf990dc03d6d3.jsonld","https://obis.org/dataset/f8bba1da-59a0-47f2-8b90-b1b6c7ee684f","identifiersha","2025-04-07 08:23:07+00:00"
"97b797074f0edbd8dbfa564b873414760328764a.jsonld","https://obis.org/dataset/899c1884-4319-402a-81cc-8b3315f6082b","identifiersha","2025-04-07 08:24:48+00:00"
"97b7c3d4fc3b546cf2f67c5b0cbfcd8d57db34fb.jsonld","https://obis.org/dataset/b73452ab-ddbc-4677-acc1-e3bfadff469e","identifiersha","2025-04-07 08:25:06+00:00"
"97c0be21c36fdf62c308bfc9b9a620b1942ed73f.jsonld","https://obis.org/dataset/58aa1bf7-2332-41f2-bc74-0c472094af06","identifiersha","2025-04-07 08:22:42+00:00"
"97c392c4487af6cd18609abcff53ddd696de5892.jsonld","https://obis.org/dataset/9a432a37-d1ec-4f9e-99ed-02168af5c7ee","identifiersha","2025-04-07 08:22:40+00:00"
"97c7fde9ce0f6559bc4178c7069be0af32f1952f.jsonld","https://obis.org/dataset/a56cc5fc-9973-438d-a793-cdfd860bfef7","identifiersha","2025-04-07 08:24:28+00:00"
"97cef23c608d92091839c4223479ee3df708cb01.jsonld","https://obis.org/dataset/8f343c0c-cece-4326-92d6-d2a0ba2a4342","identifiersha","2025-04-07 08:26:26+00:00"
"97d56e662a8c3e1030bb8ea9d3deda86246a3d1c.jsonld","https://obis.org/dataset/ba32788a-2193-4fe9-b252-01822c3dc924","identifiersha","2025-04-07 08:24:12+00:00"
"97ef858c2eba7beea54dde60b77f343373f3c959.jsonld","https://obis.org/dataset/3d97e4e0-07e5-4d31-aa4f-b3a38cb02ddb","identifiersha","2025-04-07 08:27:18+00:00"
"982628d0713a16c13d1e8547a80bcc079865bf44.jsonld","https://obis.org/dataset/0b3b51a1-35e8-424c-a33f-7631d16397fb","identifiersha","2025-04-07 08:22:43+00:00"
"983336f973556f9bcf7e4bca3b4f9c5c142a42dd.jsonld","https://obis.org/dataset/20ba274e-b09a-4c03-a8ae-7d2a30020f70","identifiersha","2025-04-07 08:28:17+00:00"
"9845b92f76cf0aeb5580d6dc6e43257cebe1bfe2.jsonld","https://obis.org/dataset/05fe0873-13d5-485a-a7cc-2f4a90ea6398","identifiersha","2025-04-07 08:22:44+00:00"
"98580aab759a8bacbf56775105679346457cfe56.jsonld","https://obis.org/dataset/947cd13d-3f49-4b8f-9f82-0fc3aadb1b85","identifiersha","2025-04-07 08:25:45+00:00"
"98637d1f4e85e1b5b2298616a8e3947521c4902a.jsonld","https://obis.org/dataset/1d21c746-bd67-4f5f-9306-ada3f4d85f04","identifiersha","2025-04-07 08:27:37+00:00"
"986a9cc9ac9c0f0f04581ab35cf1a3882074873e.jsonld","https://obis.org/dataset/86ed1f5d-e911-4423-b965-8349248dfee2","identifiersha","2025-04-07 08:24:02+00:00"
"986cbdcf7273f13d93a194dec052197ab65ff640.jsonld","https://obis.org/dataset/a51cf5a2-1b8d-45ec-92ac-250836e80b63","identifiersha","2025-04-07 08:25:41+00:00"
"987778290f2872853f63d566dd338731b46dd1e2.jsonld","https://obis.org/dataset/93176681-2727-44f2-9b7b-85aab5ce7912","identifiersha","2025-04-07 08:26:21+00:00"
"987ccd3e0bf34d22d27c18f9668dacef90fa5eb9.jsonld","https://obis.org/dataset/fbe29ea8-7e2f-4f5a-9bf7-e0c7514394a5","identifiersha","2025-04-07 08:23:37+00:00"
"988d8ab886d273b004cc2de7c6bc10da69d6b777.jsonld","https://obis.org/dataset/2677d3c2-d098-430e-bb5f-02c6feaa7c5f","identifiersha","2025-04-07 08:28:29+00:00"
"989b0214dfa2442391512efc3df927204c0bd082.jsonld","https://obis.org/dataset/cf8dde43-858e-4e8a-927f-53c90ab5cd5e","identifiersha","2025-03-24 00:33:45+00:00"
"98a3727c9904151808d640ac433a9b03f3539ab4.jsonld","https://obis.org/dataset/22b92c01-3c91-4e66-a85c-00cb5475a912","identifiersha","2025-04-07 08:25:56+00:00"
"98a7fdd7704cc9bde6150d5ba51f73c3664fce64.jsonld","https://obis.org/dataset/f908d978-1400-446a-8cf0-6784b52b0247","identifiersha","2025-04-07 08:24:09+00:00"
"98b5e2f2bb091602e14ebf197a32c5cf88b2f3a8.jsonld","https://obis.org/dataset/fb346773-5a98-4e9a-8712-24a3a730e0ee","identifiersha","2025-04-07 08:27:14+00:00"
"98c679e0bbaffd70669f244940535f4bc03e2531.jsonld","https://obis.org/dataset/3bc8cc0d-875b-4fdd-bead-bcce8a07ebec","identifiersha","2025-04-07 08:25:25+00:00"
"99097b33a79708008b31794849106ab7946a9222.jsonld","https://obis.org/dataset/61a1cc7e-9fa7-4006-b79e-e04f0c80fb08","identifiersha","2025-04-07 08:24:28+00:00"
"9921ec4c7a0bf523e239610aa1ff311db4f0a248.jsonld","https://obis.org/dataset/62ddad25-2a19-485d-9bae-7eb3a40a71c5","identifiersha","2025-04-07 08:23:35+00:00"
"992217ce292c51375f87a07f059161fc13415f41.jsonld","https://obis.org/dataset/38ad56f4-7743-4fb8-8b98-a2481a0bf54f","identifiersha","2025-04-07 08:25:25+00:00"
"992f1737b8c5449f2004c720979a96c7a9bb94fa.jsonld","https://obis.org/dataset/69d3fc57-a6fa-4ace-a0ad-acd4d2f545e5","identifiersha","2025-04-07 08:28:14+00:00"
"99315594e0d91a10c7256753939d81e6fdb3018a.jsonld","https://obis.org/dataset/60cfb9fb-dbbf-4fcf-86a7-dda5343aadee","identifiersha","2025-04-07 08:23:32+00:00"
"994b14f14379202c8292525f8d1def799eca0d66.jsonld","https://obis.org/dataset/2c001849-8854-43dd-889f-7130f9335dce","identifiersha","2025-04-07 08:23:36+00:00"
"994b8a06b52c20c91d7b7dc230c014135302b03c.jsonld","https://obis.org/dataset/c4c52591-2a57-4d1a-b1ce-e8bd7ba37464","identifiersha","2025-04-07 08:27:40+00:00"
"9960b841888297e51b8c86597b64aa983ffb7a5d.jsonld","https://obis.org/dataset/b8c8ca99-a5f7-411d-a6a5-35eac32f8293","identifiersha","2025-04-07 08:25:24+00:00"
"9970cac26b1d4d6d3fee85b6e832d9e30742f718.jsonld","https://obis.org/dataset/d2acb3d6-c1be-4733-b52f-f7a3e270b0c2","identifiersha","2025-04-07 08:23:32+00:00"
"9973df07fb9cfce4032c9241939e61f9a920de1b.jsonld","https://obis.org/dataset/585a89fa-cfac-4d3a-b5c0-6ba4f7829619","identifiersha","2025-04-07 08:24:27+00:00"
"9987b593f72cbdbab3d74cd22876dade91d7ff48.jsonld","https://obis.org/dataset/2101d4c5-c20b-49c0-a44b-3d6484c4c891","identifiersha","2025-04-07 08:22:41+00:00"
"99a07dff233aafb567c22eb4f6d1d5484d000f8e.jsonld","https://obis.org/dataset/bd02058c-dc7f-49cd-9a45-450e18afa4df","identifiersha","2025-04-07 08:25:08+00:00"
"99a969be98b1b6f00bbdcd78d9c23980cd964d89.jsonld","https://obis.org/dataset/d13ec1f1-d82a-4cdb-92e9-3f2144bf7a2e","identifiersha","2025-04-07 08:22:39+00:00"
"99b0eb306e4402d7ca9d0e30e4d4154ccbfd89e5.jsonld","https://obis.org/dataset/a2c09762-23d3-4322-a910-52bf8a1aa092","identifiersha","2025-04-07 08:22:43+00:00"
"99b2bcd191f7a3aff414899af42f404b80f98876.jsonld","https://obis.org/dataset/927d909a-3357-4ad8-b3b7-87d89ee0335f","identifiersha","2025-04-07 08:24:34+00:00"
"99b4f78f16c01e54b70f49ad4f8f6e6e4a867698.jsonld","https://obis.org/dataset/3e8a8d84-09c1-475f-a172-c4d69af5d2ca","identifiersha","2025-04-07 08:23:56+00:00"
"99bbfe2be2f07c19cc645636452437849ba0132e.jsonld","https://obis.org/dataset/43160982-1b7f-4391-b5c9-10ad9c8385fb","identifiersha","2025-04-07 08:27:00+00:00"
"99bcef0d197971148a5950350b22c9fd832b6258.jsonld","https://obis.org/dataset/cf02753f-b2ef-4620-90f7-7d02eb8aa010","identifiersha","2025-04-07 08:26:26+00:00"
"99db7277a034cb23442ddbf7ddcfe26e6e9b6769.jsonld","https://obis.org/dataset/2cef22a0-a9a0-4732-8e3a-b617dad3b630","identifiersha","2025-04-07 08:28:15+00:00"
"99e43b0dd071322261f10a48f927de851af376e2.jsonld","https://obis.org/dataset/13977fac-0505-4aad-af35-7d1884933d9d","identifiersha","2025-04-07 08:26:25+00:00"
"9a0a316b8b0d35ab19b479fe59ee71adef1b9ad5.jsonld","https://obis.org/dataset/56fbb290-8cd3-4e54-ab3d-ee33106bd773","identifiersha","2025-04-07 08:26:40+00:00"
"9a1039db7191661b7709fac0eee9dfaf9c150921.jsonld","https://obis.org/dataset/68e2bb5f-bb60-402d-b25f-7d5829cc9d2e","identifiersha","2025-04-07 08:26:49+00:00"
"9a12f1f8bea7ac6d43ff5e9a64c13973ae91720c.jsonld","https://obis.org/dataset/53e55f20-ff3a-486e-9636-6ec9f0bb306d","identifiersha","2025-04-07 08:22:59+00:00"
"9a25f6a069ddf32d502606ef8c40c2cd886b4962.jsonld","https://obis.org/dataset/f5005f2d-c05b-436f-9d1a-5dbc186ee4a8","identifiersha","2025-04-07 08:27:01+00:00"
"9a361dd77dc20ff686d61e4e7ae3f4d52d150d3f.jsonld","https://obis.org/dataset/542ff33e-07a8-4a98-b6df-2b5371177f4a","identifiersha","2025-04-07 08:24:31+00:00"
"9a3dee7076c0420ba5690297e5b81be37920706f.jsonld","https://obis.org/dataset/2e9e9830-d7cf-43f3-ba38-12ac06a7c0ba","identifiersha","2025-04-07 08:22:39+00:00"
"9a55ca26bddbf86cf5d941e464ded1e2d5defb9d.jsonld","https://obis.org/dataset/685b3956-c37a-433a-b661-2bb7b11cf9f8","identifiersha","2025-04-07 08:22:48+00:00"
"9a77b00c11b6a115e20f11fb56db4dc01a775673.jsonld","https://obis.org/dataset/77041388-7c78-43a4-905d-2426a2da06ab","identifiersha","2025-04-07 08:23:36+00:00"
"9a7e0133d8ba7ea896306867e430a740c397e009.jsonld","https://obis.org/dataset/8d932eac-5b10-4253-9c8a-31698b1d76eb","identifiersha","2025-04-07 08:27:54+00:00"
"9aa5c17ae6e427864c08c5fee4932f79a6a8001f.jsonld","https://obis.org/dataset/471a8de8-80f8-43f9-9443-88a45712feba","identifiersha","2025-04-07 08:23:28+00:00"
"9ab2c221b845095df9f262228f25a2651e318a6f.jsonld","https://obis.org/dataset/2be28ad4-42ca-4371-b8c6-37f684aca258","identifiersha","2025-04-07 08:22:50+00:00"
"9ab4491cfe8ef67a08f54ad9e7a08dcb6683107d.jsonld","https://obis.org/dataset/a4236fe5-21ab-4faa-9221-ed8c65f92c4d","identifiersha","2025-04-07 08:23:47+00:00"
"9abf4c1f8da67ffa0f4ff16953f3308d194ef7ac.jsonld","https://obis.org/dataset/960af095-723d-45a1-ba60-8b2c69550aa4","identifiersha","2025-04-07 08:28:37+00:00"
"9ad3ce5ab2d84dcf845bf1339f35a266bf90b497.jsonld","https://obis.org/dataset/f9748775-67d9-425c-b934-a38c9ca21611","identifiersha","2025-04-07 08:26:47+00:00"
"9ae54a239ed0d7211007eaf96e81d0922c91a8d4.jsonld","https://obis.org/dataset/b5ed0fbe-5636-48dd-b2c2-ac01e9f63bcb","identifiersha","2025-04-07 08:25:57+00:00"
"9ae6a411b2c81bc76ada2e2aba8bcf4d22505437.jsonld","https://obis.org/dataset/b795fd5d-71ab-413f-9bb6-90d803dce53c","identifiersha","2025-04-07 08:27:23+00:00"
"9afcb0bfbc6a4e56ad1c6b17d07062db2ffdbd66.jsonld","https://obis.org/dataset/0931cc57-5428-407a-9c27-f136147aa9f8","identifiersha","2025-04-07 08:26:59+00:00"
"9b16aad56bf5f1447acbea26727fa3859fa3e4f6.jsonld","https://obis.org/dataset/de0023cb-9de4-4e5a-86bd-e900e400e5d2","identifiersha","2025-04-07 08:26:03+00:00"
"9b1a5c84b81c4c4a7e422d4621607d270e45af50.jsonld","https://obis.org/dataset/8343e123-3d71-4b8e-a112-06fcc27598cc","identifiersha","2025-04-07 08:24:23+00:00"
"9b1e77ac0f276a167bb7008dcee2ab2551b25645.jsonld","https://obis.org/dataset/a74c4b81-bfa2-4714-8d3d-da74177ef1d8","identifiersha","2025-04-07 08:27:39+00:00"
"9b35d87020ab0909647e3d4ab9c9f02af556145d.jsonld","https://obis.org/dataset/950fb702-89b6-4027-b3f5-fe432098c8bf","identifiersha","2025-04-07 08:28:02+00:00"
"9b419cbef27d40fe3a0c3963de2b96aefa071e63.jsonld","https://obis.org/dataset/2ed8adcd-c829-4928-9a3a-804e58830f24","identifiersha","2025-04-07 08:23:54+00:00"
"9b5c1f18bdd8fb7663503e2121f99e8c8c4b69cc.jsonld","https://obis.org/dataset/c7d73f17-6c9f-4213-99f4-5beb7b9dc0a2","identifiersha","2025-04-07 08:27:45+00:00"
"9b5cf6c2c9ffc35a12475d9645d290b691a17b3e.jsonld","https://obis.org/dataset/9ff05ce0-80c9-4517-908e-8b16800f0e7c","identifiersha","2025-04-07 08:26:36+00:00"
"9b755bf0070954bbea6054e16a233c7dd03b7c42.jsonld","https://obis.org/dataset/aac5ca81-638a-4335-9aa7-5c2bda67a362","identifiersha","2025-04-07 08:22:25+00:00"
"9b783dc2f71ce7bee4487a69d3c3651b2bfb782d.jsonld","https://obis.org/dataset/d930d995-828c-4e7b-b591-502a9f8d5905","identifiersha","2025-04-07 08:26:14+00:00"
"9b7ce44fa99ea4be9ede8c3f7eb9a82a016f2e4c.jsonld","https://obis.org/dataset/d5884e1f-2a3c-4ee7-b2d1-f16699dad05a","identifiersha","2025-04-07 08:24:12+00:00"
"9bb322c865a7b5708f74622e349db6d88edfbe08.jsonld","https://obis.org/dataset/ab80663c-0c47-46b2-9a03-2f1404a227b9","identifiersha","2025-04-07 08:24:03+00:00"
"9bba6beebb384f6c4df8d84e8ec61c3cb55a213c.jsonld","https://obis.org/dataset/1a382ca5-c5a9-48c6-a7bc-b44200e9504c","identifiersha","2025-04-07 08:25:43+00:00"
"9bc0ef3dba281b66199f19c9bef0b8a119209a31.jsonld","https://obis.org/dataset/230754a0-ccea-4c10-92a8-568f91d48647","identifiersha","2025-04-07 08:23:14+00:00"
"9bd2a42d54a24de52c14c3f741fdd2ff1812f284.jsonld","https://obis.org/dataset/0a075be8-7a61-46b4-9269-95b20f2e1d8f","identifiersha","2025-04-07 08:26:50+00:00"
"9be23d99f7ac66ee442531a105771f9dbc06fa16.jsonld","https://obis.org/dataset/e839da1a-847c-4a51-9692-b65640e9d51f","identifiersha","2025-04-07 08:23:40+00:00"
"9be98988527f2744d2a414212fcfda5458964990.jsonld","https://obis.org/dataset/f41fa14f-53ae-4b2b-b64f-e8c7cf79eac6","identifiersha","2025-03-24 00:38:06+00:00"
"9bf9cfff60bcbb4917170c26aad10f5615820a0c.jsonld","https://obis.org/dataset/208d760e-7a45-44ce-889e-f2d8b144858a","identifiersha","2025-04-07 08:22:47+00:00"
"9c00120adf00da4e703916a5445a7f5c499c745d.jsonld","https://obis.org/dataset/3a2114c3-dd9a-4b98-b45b-4368852e5696","identifiersha","2025-04-07 08:28:02+00:00"
"9c05f478cbcf20d347bba0e7821d382ec784774b.jsonld","https://obis.org/dataset/fb62aeed-6025-4ee7-8f64-2f89e1d549f2","identifiersha","2025-04-07 08:24:47+00:00"
"9c0a6d998191a8c9412817bda4ab17e799546085.jsonld","https://obis.org/dataset/6843a3c1-b52d-4914-bd2f-b87adfbab2ca","identifiersha","2025-04-07 08:26:35+00:00"
"9c1c58db300cf40f189c709c32db5c66fba457ec.jsonld","https://obis.org/dataset/ab3cb4b7-5d54-4d1a-9be2-93d5efac54f6","identifiersha","2025-04-07 08:26:51+00:00"
"9c2be6a177f344829c03536e5e66a26e9543187d.jsonld","https://obis.org/dataset/22b76e5f-eb93-44db-b03f-eb27604eb1a7","identifiersha","2025-04-07 08:27:07+00:00"
"9c3af1bd9b176a8c9c2840ab8617952972212761.jsonld","https://obis.org/dataset/d2fe1f97-a9a8-4911-bb47-2c764ce64fb0","identifiersha","2025-04-07 08:26:08+00:00"
"9c43215d67f42fc2810810e9638ca83f55b3e9f5.jsonld","https://obis.org/dataset/78987543-213d-464c-9bb0-a1729a91a505","identifiersha","2025-04-07 08:22:56+00:00"
"9c5e4e6465a5b5f82f75b41e8193e4001b40a788.jsonld","https://obis.org/dataset/bc699d5e-059e-4a45-bc0c-18a0faaa295a","identifiersha","2025-04-07 08:23:08+00:00"
"9c5e68d49143fa65dd02b9c172f2f042b7edf940.jsonld","https://obis.org/dataset/6eaeb6ae-7ffa-4bee-8bdf-c638c36e9e31","identifiersha","2025-04-07 08:26:44+00:00"
"9c63e499c32fe9c8be39f450d61e4b4cdb23121f.jsonld","https://obis.org/dataset/dd7b09c3-137c-443d-a145-2401f400c441","identifiersha","2025-04-07 08:23:47+00:00"
"9c66617e3ee5006b8a22a8add79d0a2c72ca47e3.jsonld","https://obis.org/dataset/952c1493-9265-440d-8f6c-882ae12bf33b","identifiersha","2025-04-07 08:27:24+00:00"
"9c6d60f72c41322ed15cd9123583917a95e3a239.jsonld","https://obis.org/dataset/7bb6b967-24e6-48a2-a772-d16b90e47b7d","identifiersha","2025-04-07 08:26:23+00:00"
"9c7a478b0a13c96a45d24a75a42587f9f842a704.jsonld","https://obis.org/dataset/fb7d3788-7747-442c-ab9e-2cfeb4923031","identifiersha","2025-04-07 08:28:29+00:00"
"9c89f887c3bd624857d737d8de51064914f8e40d.jsonld","https://obis.org/dataset/3414e5d2-0f2c-4f89-a50b-1aab835fa863","identifiersha","2025-04-07 08:24:06+00:00"
"9cba82a97e4494b65872fdbdff9e306e9056448a.jsonld","https://obis.org/dataset/207d52a8-6965-4eb1-901f-0d555262344b","identifiersha","2025-04-07 08:28:17+00:00"
"9cdcfb7a0f407d117fa2d00efe1568dda38fcec4.jsonld","https://obis.org/dataset/11bb7544-a878-43f0-ba64-23da0a294e61","identifiersha","2025-04-07 08:27:23+00:00"
"9d1df9a80d1b7a6c3de67b037a6c31a4b4a92550.jsonld","https://obis.org/dataset/98b7293e-6e24-43c8-aac9-8972913008ee","identifiersha","2025-04-07 08:28:00+00:00"
"9d2d29e2178bebec9d1d8974db9e1ab53d40a602.jsonld","https://obis.org/dataset/95555305-3513-4daa-816d-6026e1533e07","identifiersha","2025-04-07 08:23:46+00:00"
"9d30f6ec7166eb7d11cafc4951b00dd2b1831a38.jsonld","https://obis.org/dataset/570b4537-7517-4543-bf45-94740b6c5af3","identifiersha","2025-04-07 08:26:39+00:00"
"9d3c06c3e86338b4b98a8f56778545606c57c756.jsonld","https://obis.org/dataset/b7a81977-c40f-42c0-8453-f4cfb37ca4c8","identifiersha","2025-04-07 08:24:31+00:00"
"9d45b69d2a2ac07d66812d890d1626e5f563030f.jsonld","https://obis.org/dataset/2606c5cb-b926-4c71-be6c-828002941804","identifiersha","2025-04-07 08:28:22+00:00"
"9d563311a87e2342c91e62077b9f285e55a343d1.jsonld","https://obis.org/dataset/4c09efa2-b65a-4f8a-b15c-8772ab9afc81","identifiersha","2025-04-07 08:25:36+00:00"
"9d66fa09090cef9538e6fcd186b69c6b7e3833d0.jsonld","https://obis.org/dataset/5a09b13c-6bab-431d-8de7-c7def1672b06","identifiersha","2025-04-07 08:23:17+00:00"
"9d71afde5351e628506367f14fb8abad95631a0a.jsonld","https://obis.org/dataset/ab79cae6-c394-43d3-b770-4bf1ad446fe7","identifiersha","2025-04-07 08:25:18+00:00"
"9d73710b33d8796d194f9f0b5998dab454088f6c.jsonld","https://obis.org/dataset/9f5b9693-204a-443e-8f8d-476d0bdd853b","identifiersha","2025-04-07 08:22:36+00:00"
"9d7bb35c6c90acce21299e84841b3f219ae1fa32.jsonld","https://obis.org/dataset/3d26a417-cfa1-4306-821d-015840063655","identifiersha","2025-04-07 08:28:18+00:00"
"9d8c034d4de92317c1c8e9205cd950ca79f2d0ba.jsonld","https://obis.org/dataset/e972a6ab-3015-433a-8ad9-705d4939a28f","identifiersha","2025-04-07 08:25:51+00:00"
"9d90990d377a86f3750fe2d096cf28e707597677.jsonld","https://obis.org/dataset/84c603f1-534b-4272-af11-186ef5559ee7","identifiersha","2025-03-24 00:40:24+00:00"
"9da8e4b2fa56683d140042520d3e01c9d8271fa0.jsonld","https://obis.org/dataset/b879bdf7-0eee-48a0-b3e4-2a04f30ae568","identifiersha","2025-04-07 08:23:53+00:00"
"9daa4fcaab2f11cb4d4d816c2095955c1cd88499.jsonld","https://obis.org/dataset/4143a29a-05f7-4b5a-830d-1a48b2b5b4a7","identifiersha","2025-04-07 08:22:53+00:00"
"9db7eb9e6963092de4ca771fa3ea8582326e543a.jsonld","https://obis.org/dataset/4903d162-73ef-4abc-a934-7aae1adf5803","identifiersha","2025-04-07 08:26:01+00:00"
"9dc3637280c8b105d759b35e74642cc0899764bc.jsonld","https://obis.org/dataset/71523a77-bf9f-4b04-b1b4-a246dbe2717c","identifiersha","2025-04-07 08:24:51+00:00"
"9dc6eedfd36d70e00b39fbf4c76e3f1bc1553be0.jsonld","https://obis.org/dataset/32b93d97-38b1-4f58-8b75-0aaf786bf55b","identifiersha","2025-04-07 08:25:46+00:00"
"9dca28394a94863a177688c6a15561114a68170d.jsonld","https://obis.org/dataset/0e0917b7-7e56-4d35-9802-1b09b9e999d2","identifiersha","2025-04-07 08:28:27+00:00"
"9dd71c7bd725775c7fd490389f825d934159bbe9.jsonld","https://obis.org/dataset/15c4b1e8-df15-41b5-b232-ccc8d6186099","identifiersha","2025-04-07 08:28:24+00:00"
"9de46db0c772465e225f4a5a8e76211236a1e856.jsonld","https://obis.org/dataset/8cc6429c-0226-45bd-88df-ffe6a3047bcd","identifiersha","2025-04-07 08:27:10+00:00"
"9dea6a751b7bcb147cadd749eb6ea9a00a040c6a.jsonld","https://obis.org/dataset/f5eb3f1e-d0b9-4878-9082-51986d8f5d85","identifiersha","2025-04-07 08:27:29+00:00"
"9dfa36d2f0d066dbc8dcf9d2388a8ee8dea7cebc.jsonld","https://obis.org/dataset/761fb84e-e185-45b6-a4f3-6a6c5dad8afe","identifiersha","2025-04-07 08:27:27+00:00"
"9dfb6e936607ac9d57bf06a8c2ac1fbda438fd4f.jsonld","https://obis.org/dataset/f5ff2b6d-a217-47ea-bb74-12ed0c75f1b8","identifiersha","2025-04-07 08:26:00+00:00"
"9e01b91e4d28a7373e9c5e243e59afef39520900.jsonld","https://obis.org/dataset/601b9550-48f5-403f-903a-e22712a90d7e","identifiersha","2025-04-07 08:26:05+00:00"
"9e065a90345bfffafecfdf31ea3440656ed6b792.jsonld","https://obis.org/dataset/7e1182b4-6748-4d69-9d80-70580b6e8dc7","identifiersha","2025-04-07 08:26:09+00:00"
"9e07dc068ed4a7bb88abec25c8ec91477da71d65.jsonld","https://obis.org/dataset/9cf15901-4a85-4615-ad2b-038abcfb5bd7","identifiersha","2025-04-07 08:24:13+00:00"
"9e113c6e9be9e16fa7d7e564d7ba85c920f6649b.jsonld","https://obis.org/dataset/f75ab2b5-a9df-4030-9e15-ee3598143887","identifiersha","2025-04-07 08:24:17+00:00"
"9e1b37766405ce9f6b4299d5e84635423b06c58c.jsonld","https://obis.org/dataset/3d08e18e-6146-4e27-ab0e-03504a65cbd4","identifiersha","2025-04-07 08:23:49+00:00"
"9e2f6b758a8325d6545515a9385bde9d4283dde8.jsonld","https://obis.org/dataset/4d406304-70b1-4c6f-b6eb-871d5b757a4f","identifiersha","2025-04-07 08:26:52+00:00"
"9e338e3ae46f77b892271b3d57331be637c023a3.jsonld","https://obis.org/dataset/a4cb7d89-fb0e-45fd-be3f-c111e5c7704c","identifiersha","2025-04-07 08:28:22+00:00"
"9e413e92f5f4ba1f85fd1abbbbf15e2079aacfcb.jsonld","https://obis.org/dataset/50b35c0f-416d-4de2-8284-b57407deaa4e","identifiersha","2025-04-07 08:23:43+00:00"
"9e5153de0100260c75905e9ac0f5a9a9c7ed4080.jsonld","https://obis.org/dataset/5771dcc0-6676-4bc3-a622-1dac9010876f","identifiersha","2025-04-07 08:25:06+00:00"
"9e5420380802d62aafd9c2a05c4d8f35d8086079.jsonld","https://obis.org/dataset/b27cd31d-82b2-4239-b6c9-30f73c312dc8","identifiersha","2025-04-07 08:24:48+00:00"
"9e596a11c1af83315166724bd504ff40c99e5487.jsonld","https://obis.org/dataset/3c3f44b4-5fec-48c6-9f0a-d4329d1cc0fd","identifiersha","2025-04-07 08:22:44+00:00"
"9e5ea9472c9c2d80cf834756d3eac01a07d70aaf.jsonld","https://obis.org/dataset/1c3b71d3-d66c-4aa9-90f4-c10f1f9e9ca0","identifiersha","2025-04-07 08:25:50+00:00"
"9e7863055d8115c506b3a9b6c7e47c4f8316321d.jsonld","https://obis.org/dataset/754347ff-b193-4665-8fc1-9792e3c1da55","identifiersha","2025-04-07 08:25:10+00:00"
"9e9ce48decc4eaa76b9b2cb8e8319f3e5743852d.jsonld","https://obis.org/dataset/03dc7648-e915-45b8-ab5b-b3a16a3664b4","identifiersha","2025-04-07 08:27:23+00:00"
"9ea2dac1638090dab0290f8faec8e5a27b19efab.jsonld","https://obis.org/dataset/2b5f9b56-27bf-4000-8f95-3e6e703c6a85","identifiersha","2025-04-07 08:23:46+00:00"
"9ecc75f4bca729601551a65b7b13f19205ec91bc.jsonld","https://obis.org/dataset/8d908cc6-1dd7-4107-b97d-8fea80a55a50","identifiersha","2025-04-07 08:24:32+00:00"
"9edafb2b8d00bdaeb0512ece00abc04c039fab33.jsonld","https://obis.org/dataset/1ade01a9-a92c-499c-8c6d-0d6a82975894","identifiersha","2025-04-07 08:28:36+00:00"
"9eff59bf4b154608eb18a2d6c1c252c6923375d9.jsonld","https://obis.org/dataset/f46e2ed9-e659-4fc5-b660-7e60ecfaf363","identifiersha","2025-04-07 08:27:21+00:00"
"9f21855f6d44a5885487ffbe50af27d3cf6f9ee2.jsonld","https://obis.org/dataset/07f4c565-2a0d-47c0-bf81-e1f9ce7d3d84","identifiersha","2025-04-07 08:23:54+00:00"
"9f2e1b42ea72fde08a1e7c75cb55fab1d21ebe89.jsonld","https://obis.org/dataset/0c6317fc-ea7c-420f-ab09-80928d564650","identifiersha","2025-04-07 08:25:18+00:00"
"9f3b1e2dfc7c8e73b1b1ef60612f5f4149b355bc.jsonld","https://obis.org/dataset/32685c85-692a-4abd-a041-89825551b957","identifiersha","2025-04-07 08:27:18+00:00"
"9f3c08875f5b8f844e705cd80af1a93447695077.jsonld","https://obis.org/dataset/e3d70328-6875-4fe9-b186-32a5fdd2a18b","identifiersha","2025-04-07 08:24:21+00:00"
"9f4076ef7ac4614a0b87f560f237351393d4e746.jsonld","https://obis.org/dataset/09577388-0ff1-4925-b6bb-4afc575580d3","identifiersha","2025-04-07 08:27:14+00:00"
"9f60092e67b2f809736a8b32e0ff1b522e781993.jsonld","https://obis.org/dataset/688e0dfb-9c19-4a98-b39c-396b9cc2b938","identifiersha","2025-04-07 08:26:05+00:00"
"9f7e94cbe3a9281d8ed6bedb535307067b54243e.jsonld","https://obis.org/dataset/9500b860-c97b-45e7-a3b1-0a8e046b99d0","identifiersha","2025-04-07 08:26:10+00:00"
"9f861064b5ef6f3947e27e67284a356c2d438851.jsonld","https://obis.org/dataset/08d6a561-fe83-47cb-81dd-913353935c18","identifiersha","2025-04-07 08:24:00+00:00"
"9f87d0c7de63fd9b8ea911bef2e104bd90e05e69.jsonld","https://obis.org/dataset/1c0ecae9-eaf1-4b32-9fd9-0b0c6ebf741d","identifiersha","2025-04-07 08:26:05+00:00"
"9fc6cf6f4479f9f3a0a6eb63ecfec1eb7cb54566.jsonld","https://obis.org/dataset/d3e87cba-02d1-4609-8edf-8b5b1109230e","identifiersha","2025-04-07 08:24:00+00:00"
"9fc84e60b7a7fd6790d21f3010e79346e94ad467.jsonld","https://obis.org/dataset/20ed089b-f985-4a2b-9507-7f14945d5c1c","identifiersha","2025-04-07 08:25:39+00:00"
"9fd4f2d3e70f23096a1f0a6b11c0eb9255b9f66a.jsonld","https://obis.org/dataset/e0abae63-ee85-469e-85ee-6eef77750b87","identifiersha","2025-04-07 08:27:38+00:00"
"9fefd9b892384d2fecf80a8983a6e46b5f91edbe.jsonld","https://obis.org/dataset/28b3b579-c7d1-43ad-8cf6-3e5d6b3b2016","identifiersha","2025-04-07 08:22:26+00:00"
"a0025301738aef99c0477357cdea788fc51998f8.jsonld","https://obis.org/dataset/0a92deef-a73d-469b-b3fd-5d3e5f2ba2a0","identifiersha","2025-04-07 08:22:53+00:00"
"a00c937652dde7e54f1c3d40c3f9ae8d0cfff60d.jsonld","https://obis.org/dataset/d640fc44-0c1d-4abf-bf4a-76e7d4897f8f","identifiersha","2025-04-07 08:24:24+00:00"
"a00d5732638e8614bcacd6f3bc2d206434a46f95.jsonld","https://obis.org/dataset/fd2f7640-4095-40d2-92a8-7b4f09006d65","identifiersha","2025-04-07 08:28:21+00:00"
"a01edffbc6410fbe6956c2fc205cb28dfb6526cb.jsonld","https://obis.org/dataset/31931936-77cc-4562-a775-b1553fe7ffe8","identifiersha","2025-04-07 08:23:43+00:00"
"a03ab6bd404f333295fd40550c70fd94256ab36d.jsonld","https://obis.org/dataset/14e60499-f05b-4920-99da-99bbf6f1a0d6","identifiersha","2025-04-07 08:27:06+00:00"
"a05c84249c32c4772314c1e6eb5e85ba8a845ce1.jsonld","https://obis.org/dataset/0afb9d35-96e4-434e-b6ff-6a3e87ffc8c1","identifiersha","2025-04-07 08:25:36+00:00"
"a072c869f497db42ded1aa5fe1ff70924ad270bf.jsonld","https://obis.org/dataset/f2e987fc-8516-46e5-9b9e-8c8761e1f997","identifiersha","2025-04-07 08:23:29+00:00"
"a085a1a15211b63de009d553de0edbc1cf10bca2.jsonld","https://obis.org/dataset/0d4d29ea-c213-47d8-b48e-7ab7ca806290","identifiersha","2025-03-24 00:45:04+00:00"
"a089420d408ee5d2dbdaafe84db98e4f6210439c.jsonld","https://obis.org/dataset/7d06eee7-c86a-4d1d-a635-855d0aeb99e3","identifiersha","2025-04-07 08:26:00+00:00"
"a08eb4e8eb2591c9f0925a2e73015c16a26bd925.jsonld","https://obis.org/dataset/1b3823ad-5fcb-4ac2-be52-fb9ee3658e3f","identifiersha","2025-04-07 08:25:42+00:00"
"a0b6cc6e5b8730b10bcb737eed5947409698b020.jsonld","https://obis.org/dataset/a0bae062-14b9-4ba5-953c-5005483380b4","identifiersha","2025-04-07 08:27:55+00:00"
"a0c0c33f82b421043adfda633126d4ca4b8000be.jsonld","https://obis.org/dataset/a48f40d5-b098-4c5a-b001-2f58fe15bb69","identifiersha","2025-04-07 08:25:43+00:00"
"a0c4172479621eee1cbc5d1148d7770d93bc03be.jsonld","https://obis.org/dataset/47db083c-0937-4b1e-a25f-382a0cadb677","identifiersha","2025-04-07 08:28:10+00:00"
"a0d488857abc4911a4de1792a5126802e6a2a438.jsonld","https://obis.org/dataset/711fa750-5e61-4b3c-a8f1-e5bfd20e47cc","identifiersha","2025-04-07 08:26:12+00:00"
"a0d97067757a417aaa6106f4724ddc666c60c8cd.jsonld","https://obis.org/dataset/d0daddcc-dcb0-4a1d-8a87-3c85c23ab797","identifiersha","2025-04-07 08:27:29+00:00"
"a0e4f8c15fbeea9eab2528bdfaf934346a5a0f36.jsonld","https://obis.org/dataset/583f83ce-4195-46b8-b12b-917f615b6466","identifiersha","2025-04-07 08:28:30+00:00"
"a0e8785a353e628c93148796bdb03af9fe0999ee.jsonld","https://obis.org/dataset/bf2ff431-c12b-40ca-9548-218d248c8daf","identifiersha","2025-04-07 08:25:27+00:00"
"a0fab38fda4a716ab4f4b98a0e4c1a752ed20f3c.jsonld","https://obis.org/dataset/7009824b-b1e4-4a67-9fe7-7ed4cf63cbef","identifiersha","2025-04-07 08:26:53+00:00"
"a109e845810fcf14f43b3c88498fa96dfaf32834.jsonld","https://obis.org/dataset/9c5b3b91-d932-445f-899a-e1446846cdef","identifiersha","2025-04-07 08:25:22+00:00"
"a116c3d5f6dd816dd55262a4bdfe047ac034c9e6.jsonld","https://obis.org/dataset/603686c5-e5ee-431d-9436-b9168acddfe9","identifiersha","2025-04-07 08:28:08+00:00"
"a12680e352d7bde95d0457ed8435f11a4f8cfbb5.jsonld","https://obis.org/dataset/d986fa83-e0b5-428f-a6b3-eee0b58f9a05","identifiersha","2025-04-07 08:27:37+00:00"
"a13cd37ffe49bb9a7d13b85f91c098afd06b2301.jsonld","https://obis.org/dataset/22266114-b626-410a-891e-ff4cd56e4745","identifiersha","2025-04-07 08:27:45+00:00"
"a150debbce6d1409f3557c44a3b7d65266ba34a1.jsonld","https://obis.org/dataset/556edf76-3ef9-49fc-af91-bbcfe5f0da8f","identifiersha","2025-04-07 08:25:09+00:00"
"a15a727e43a49a1a977dda354ebf68f79f55fe0f.jsonld","https://obis.org/dataset/3f14a056-5ed0-47d2-a761-658b901a3f7f","identifiersha","2025-04-07 08:27:33+00:00"
"a166746829f94d34809bc6d5d3c94581e3f723d4.jsonld","https://obis.org/dataset/4b40df27-6421-4503-8206-202d14e686c1","identifiersha","2025-04-07 08:26:06+00:00"
"a17aed91591edfc0419bf94e2b363afbba5136e0.jsonld","https://obis.org/dataset/79636679-30ce-4e22-9e26-d6e2224aa83f","identifiersha","2025-04-07 08:23:22+00:00"
"a180a35ada8563e4837783bac709123931926769.jsonld","https://obis.org/dataset/b0a7add2-dd9e-4020-9ca4-5df048c8f6a2","identifiersha","2025-04-07 08:22:47+00:00"
"a189189d93aab2acd1d1a4a9846b195077e1a1a9.jsonld","https://obis.org/dataset/061760d0-53ed-4e5a-8e94-59100015b28d","identifiersha","2025-04-07 08:27:46+00:00"
"a190de0c3fdb8b703f85cda4f03913ab8f788042.jsonld","https://obis.org/dataset/d9af7411-0841-46b0-b39a-bb233105f3f8","identifiersha","2025-04-07 08:27:53+00:00"
"a1a1cb2e16d1dfe10b8c0e3ef7033c084ace1cf9.jsonld","https://obis.org/dataset/988cd984-9166-44ab-83fb-e98ffe5735ef","identifiersha","2025-04-07 08:26:53+00:00"
"a1a6200e807a52a620a183ce8573ecb2d1293b94.jsonld","https://obis.org/dataset/bdf60768-eed9-4ef1-9eb8-7eccaf36330b","identifiersha","2025-04-07 08:23:21+00:00"
"a1ccb92d2e63ade4512e897dda682ceb1ae73c8a.jsonld","https://obis.org/dataset/0b8facff-924a-449b-bfbc-f3ea52d47cc9","identifiersha","2025-04-07 08:26:12+00:00"
"a1f60f84406f1ebb920799a3649dd4d4f23d431b.jsonld","https://obis.org/dataset/e9d28b60-2fe8-48a4-89ec-a1f3ad46607c","identifiersha","2025-04-07 08:27:08+00:00"
"a1fea52fe259a5814080ac416b374f5a5d8d3017.jsonld","https://obis.org/dataset/1709e714-6737-4a78-a812-696671d4f734","identifiersha","2025-04-07 08:23:44+00:00"
"a2014c97c99812ed7989a39de3be03bb0b01e086.jsonld","https://obis.org/dataset/42da0536-9855-4bb8-b76a-c8bd4b66436c","identifiersha","2025-04-07 08:27:47+00:00"
"a2070271db810e91c4e47f9fff1558034e1270f7.jsonld","https://obis.org/dataset/ba91e513-7bed-4d1a-ba5a-0cd926b76b46","identifiersha","2025-04-07 08:23:02+00:00"
"a208066ee1416fab14ce6cd4036968b84c47feb8.jsonld","https://obis.org/dataset/22f8ef00-82e2-492a-a542-0b012f7d9760","identifiersha","2025-04-07 08:26:36+00:00"
"a20a8c12528ce256107c5400a848c9e320f7a67b.jsonld","https://obis.org/dataset/5aee7565-03ae-4f76-bb0b-6ff34d745d17","identifiersha","2025-04-07 08:27:44+00:00"
"a20e4a9571905ba9d985caf3dd0e6f897040b4cf.jsonld","https://obis.org/dataset/3ce6a98d-9cfa-4157-862f-6244c59e89b9","identifiersha","2025-04-07 08:24:00+00:00"
"a22d790628d161ce6854a5eda3f5d1d19dafbdce.jsonld","https://obis.org/dataset/56ec9691-75c7-4d30-bd66-773e05ca98d8","identifiersha","2025-04-07 08:26:57+00:00"
"a22f8e523b291ecfea06b99de8d45f151d1fabcd.jsonld","https://obis.org/dataset/5ecfbf93-d5f7-4b0f-a766-efd2481a7457","identifiersha","2025-04-07 08:26:00+00:00"
"a23516229ad8159fec858697b7106e1f053b40b5.jsonld","https://obis.org/dataset/b3d7c8de-00f9-431a-aeaf-ff0c2bae84aa","identifiersha","2025-04-07 08:26:37+00:00"
"a23a0f7538baadf563234a6d3f9869947c9678cb.jsonld","https://obis.org/dataset/43e4c2cc-5886-427f-a4a9-d47d2635d246","identifiersha","2025-04-07 08:23:12+00:00"
"a2690b2674cc7be037bb79a331e9b43e6980418f.jsonld","https://obis.org/dataset/7df14e0f-ba9f-468e-a239-0d2032c0676d","identifiersha","2025-04-07 08:24:13+00:00"
"a26917d35e0ae17d00d604eeface3404bcd2104e.jsonld","https://obis.org/dataset/e588e45f-922a-4cc5-a96f-929e3e6623de","identifiersha","2025-04-07 08:24:20+00:00"
"a275cfcabb4de8154aa5418c3ff24f89c0a8aecc.jsonld","https://obis.org/dataset/dcff3bc2-1c46-4fab-9dbf-628550094a30","identifiersha","2025-04-07 08:27:38+00:00"
"a28e06315e68be9e6487e78e481fc7757083a4e0.jsonld","https://obis.org/dataset/1f47f5bb-e00e-4ea3-9790-816b8649696d","identifiersha","2025-04-07 08:25:37+00:00"
"a28e1b22d69d30f884212b9407db6316c0df9844.jsonld","https://obis.org/dataset/54157a1d-470f-42dc-9ef9-99399c3b4818","identifiersha","2025-04-07 08:25:32+00:00"
"a298a995d9386da3801ff2ea147984f025ec3a2b.jsonld","https://obis.org/dataset/8e1a7146-8eba-4c00-8243-88747d75296c","identifiersha","2025-04-07 08:24:21+00:00"
"a2a7dcc813d818ba275095ebba5bb870c71b9d16.jsonld","https://obis.org/dataset/262979e7-0788-4889-9fec-ef2feedff5b2","identifiersha","2025-04-07 08:23:05+00:00"
"a2b48db272d2cf5a6de19f22682fdb3a6a5fea5c.jsonld","https://obis.org/dataset/fa432701-089b-4c20-83fa-860a9d8f3137","identifiersha","2025-04-07 08:27:08+00:00"
"a2bafc7861760fa76a46bf3911daa5ca6774b814.jsonld","https://obis.org/dataset/8e04abe1-117b-4b9d-a488-89a4e8fd8bca","identifiersha","2025-04-07 08:28:20+00:00"
"a2cf971dfcd3ec8a1255e2c9c7ef2e22ae10edcd.jsonld","https://obis.org/dataset/ce92b079-6389-4880-99d8-1a97fb171211","identifiersha","2025-04-07 08:24:53+00:00"
"a2d1259a491c98e91f6dae40ab4ed8d72a11abbd.jsonld","https://obis.org/dataset/1b82f221-a30d-4345-9375-433d5c399e3e","identifiersha","2025-04-07 08:27:45+00:00"
"a2d78204d383e039094da3549830723b6073ce02.jsonld","https://obis.org/dataset/0395930d-6e69-4789-b1d6-da4445d752c3","identifiersha","2025-04-07 08:26:06+00:00"
"a2db6c1f28197d756a5c31f9a97d0d756ffccacf.jsonld","https://obis.org/dataset/a5610a68-0e31-4526-b55f-685fe96ed132","identifiersha","2025-04-07 08:26:58+00:00"
"a2dca174998ac0e48c0cc44c0cee7994bf51470b.jsonld","https://obis.org/dataset/544df27a-216f-4d0d-9cd0-cb19b5088588","identifiersha","2025-04-07 08:28:11+00:00"
"a2dd1debef4218ca3f7718536b48f8d77fd8c829.jsonld","https://obis.org/dataset/276ed073-6021-4436-927a-eeaca637a905","identifiersha","2025-04-07 08:27:23+00:00"
"a2e64bab27a77af33f6fd02918ddf4de190a2cca.jsonld","https://obis.org/dataset/e22b7277-2eb7-4e2f-8111-219ed29174db","identifiersha","2025-04-07 08:24:00+00:00"
"a2ee63aaed1a0d7e8fbfb35ace6d5804f8abd188.jsonld","https://obis.org/dataset/b624e9f7-a5c1-415e-8c91-b4c3ccf1c495","identifiersha","2025-04-07 08:28:17+00:00"
"a30b6d70d7c84981a8f178a21dcf3df2783294ef.jsonld","https://obis.org/dataset/d1c53013-998f-4ee1-8664-7b0d25a2fb8b","identifiersha","2025-04-07 08:25:28+00:00"
"a30d5fdf598f158c9ec5456eca82f7d196ad18c4.jsonld","https://obis.org/dataset/e34900cf-712b-4098-b846-c7cf19628d38","identifiersha","2025-04-07 08:25:56+00:00"
"a3148c68051b1532a67e4c9248f311370572515a.jsonld","https://obis.org/dataset/6140c326-839f-4f4a-ac3f-3ad6acbd2f1d","identifiersha","2025-04-07 08:24:23+00:00"
"a3157cf7940f08ac3b74406c131ebf6ac51dd7c9.jsonld","https://obis.org/dataset/e8899ef5-fce4-40cc-9cae-327fd729e4f4","identifiersha","2025-04-07 08:23:45+00:00"
"a32e9d9280698efd8cf1800c1ab539a3c17be764.jsonld","https://obis.org/dataset/09be818d-531c-4d86-8eba-5db81d42fdba","identifiersha","2025-04-07 08:23:36+00:00"
"a34ec7d9bd0e002710bbbf91f174b186e9f3cff6.jsonld","https://obis.org/dataset/5f3e5f62-89d2-4159-9409-22b39b280349","identifiersha","2025-04-07 08:27:44+00:00"
"a358dee04c33b37e85c6bf363844c096a05139bd.jsonld","https://obis.org/dataset/663dd815-b795-45d3-95e7-04293f7f0b5e","identifiersha","2025-04-07 08:27:03+00:00"
"a36ad181b68250f4e43fa956ef46241f93f883f1.jsonld","https://obis.org/dataset/c3286697-c89b-4f5c-b7c4-d076529bee34","identifiersha","2025-04-07 08:25:22+00:00"
"a38a93d47f6e562c3921d1c4fd161a0d0fda09d2.jsonld","https://obis.org/dataset/1a9a4e57-5a9d-4dfa-af84-900010f64b79","identifiersha","2025-04-07 08:26:30+00:00"
"a3a03b7b94fae2e8a77e156b14e5e74c8db95066.jsonld","https://obis.org/dataset/ff3d65e0-fbb8-40b5-808e-94132dea0e18","identifiersha","2025-04-07 08:24:52+00:00"
"a3a698ec65cb958f26d77274113f9314f62df368.jsonld","https://obis.org/dataset/4f923060-26ae-4ac0-a8a2-0900351b4ea1","identifiersha","2025-04-07 08:25:38+00:00"
"a3ab6fb6073d7aa8456333857d8de752c404565b.jsonld","https://obis.org/dataset/544ffde0-fa23-4185-8a05-eac1d48edbe2","identifiersha","2025-04-07 08:23:46+00:00"
"a3abb7af2527153251780673adf80734dd0bfa78.jsonld","https://obis.org/dataset/2ecb5b5d-bb72-4a69-955c-6477ec86522f","identifiersha","2025-04-07 08:23:16+00:00"
"a3c6a3c80b0082919b9dc99636db390e3b1b75e4.jsonld","https://obis.org/dataset/b015ead3-8088-47fa-a379-2be0e68c378f","identifiersha","2025-04-07 08:26:48+00:00"
"a3c8be686e88e7e5aca325ab2fbf871a0e825d57.jsonld","https://obis.org/dataset/575e393f-4b35-4dc0-8d49-c04e3a9ce5ec","identifiersha","2025-04-07 08:23:13+00:00"
"a3cb41b510a2069d6f515a5196f581d778933c46.jsonld","https://obis.org/dataset/e971710e-054e-43f2-b23c-c149d6c76cb4","identifiersha","2025-04-07 08:22:53+00:00"
"a3d2d51393c787a8f8b97674e2cb34c062e0a024.jsonld","https://obis.org/dataset/20e77c1c-6cbe-43b0-844b-4443fd735853","identifiersha","2025-04-07 08:23:15+00:00"
"a3d93c60ad1c1632a35023d39cf818113de99581.jsonld","https://obis.org/dataset/4cdba1f8-d804-4416-9e3b-dd4539a55369","identifiersha","2025-04-07 08:25:07+00:00"
"a3e123d7f29bc19e331421b04182cb95ca282cc1.jsonld","https://obis.org/dataset/ed985d06-bb86-4737-8ade-197837b0af24","identifiersha","2025-04-07 08:23:29+00:00"
"a3f214bc60085ae5107783b0850875f8cd4561e4.jsonld","https://obis.org/dataset/1ef65960-4f58-426c-870c-5f8767cf7915","identifiersha","2025-04-07 08:27:21+00:00"
"a3f2f0510167242632f55c2d6ad00ccca0ab2d5e.jsonld","https://obis.org/dataset/7e62bacc-f035-4de3-8c4c-d6c872999fa2","identifiersha","2025-04-07 08:28:21+00:00"
"a3fa6abed3ad6ecc99f27d1d8ce57d640a84b284.jsonld","https://obis.org/dataset/2888968e-dc59-4ae4-873b-236b0c7a3e5a","identifiersha","2025-04-07 08:26:43+00:00"
"a41037fb72f6a908bcdde4fcbfb45c5b6e05b45c.jsonld","https://obis.org/dataset/bbf8d1a8-705e-43f7-bdcb-cced8bf4a40c","identifiersha","2025-04-07 08:23:22+00:00"
"a41a16f087d298c2ea004cb42b42d2e33bee36c0.jsonld","https://obis.org/dataset/675bd2af-d797-467f-8fac-25f1b8e3b233","identifiersha","2025-04-07 08:28:24+00:00"
"a41a85636ac2e2878b221ca77f38f88634b35547.jsonld","https://obis.org/dataset/36e6bd0b-d43f-422c-a40b-d7f98295d93b","identifiersha","2025-04-07 08:27:58+00:00"
"a42c42c5d199cd0099ed32232f7d579226219315.jsonld","https://obis.org/dataset/eeb7f0c5-dfe8-4a07-b273-6dc4a634cc14","identifiersha","2025-04-07 08:25:41+00:00"
"a42cb5f5d996423984b20e4487ed0ab9abdd8283.jsonld","https://obis.org/dataset/8609950b-2a54-446b-a2ed-a391374e224d","identifiersha","2025-04-07 08:27:55+00:00"
"a433ad60d9ef1cacd7d07cb4ef3ab3272faf4460.jsonld","https://obis.org/dataset/2c6e60bd-9dbf-48a2-9e9d-f836620ab04e","identifiersha","2025-04-07 08:28:00+00:00"
"a45ad488366c180661d562863831447fab62e04f.jsonld","https://obis.org/dataset/1d7b68ff-72ec-4a3a-b8e5-0e369c9696a3","identifiersha","2025-04-07 08:25:29+00:00"
"a464d295c8138a4ec461af4e27dba8e4b981ee80.jsonld","https://obis.org/dataset/3fa28b9b-9117-4e17-b77d-63de04622f3d","identifiersha","2025-04-07 08:24:35+00:00"
"a469a5a7cb09682de418a8d7bd347a6289034dd1.jsonld","https://obis.org/dataset/14242931-d643-4f29-a505-4d8eab59751b","identifiersha","2025-04-07 08:26:49+00:00"
"a489c480ab19d7fc2f0eaf3b25e3527d6a56e02c.jsonld","https://obis.org/dataset/2f1e09ed-1096-411e-89f4-adca973ffd2f","identifiersha","2025-04-07 08:28:25+00:00"
"a49dd27afd68ba9481ada9988f6d52a7e25db0d0.jsonld","https://obis.org/dataset/5fdc6f5e-6488-4ef0-977b-23bee8d8d2c3","identifiersha","2025-04-07 08:28:18+00:00"
"a49e0b384c6ddf981521254f80d89f08f71c439c.jsonld","https://obis.org/dataset/0ad2b46e-67ff-4f6d-b061-fd3cf4349beb","identifiersha","2025-04-07 08:25:36+00:00"
"a4a47d08ce6136853f533da408561f305da299b3.jsonld","https://obis.org/dataset/338c41fb-0296-4be8-89fe-c5bb1057ef34","identifiersha","2025-04-07 08:26:43+00:00"
"a4abd4c596ae6a0bdc2529e068aa60259d2b0648.jsonld","https://obis.org/dataset/c92f63eb-83b6-40ff-a07c-738c52aae60c","identifiersha","2025-04-07 08:26:13+00:00"
"a4b6d4d4a269c849994f979f4d46958bbd637af3.jsonld","https://obis.org/dataset/6ba29642-f089-4a0e-bf49-787233fc9752","identifiersha","2025-04-07 08:26:44+00:00"
"a4ce519f91f8dba634c81de5f7b325ab07434196.jsonld","https://obis.org/dataset/b233ac34-c478-452b-8b25-4a338b39b9ed","identifiersha","2025-04-07 08:27:55+00:00"
"a4d3841a9b8278c44792a9ad1081acacb1125562.jsonld","https://obis.org/dataset/4b51bef4-e14d-41bb-815b-9c30842956b3","identifiersha","2025-04-07 08:27:26+00:00"
"a4dd66d8a329b4c94d46d66a33d2768210739d26.jsonld","https://obis.org/dataset/22db1028-b084-421d-909b-2b6d5aa510a1","identifiersha","2025-04-07 08:24:15+00:00"
"a4f879960d3d7fa43b54c32a1aa5f964cadf15b2.jsonld","https://obis.org/dataset/e0605487-fa5e-4d65-bd5e-a77ac47817a3","identifiersha","2025-04-07 08:25:43+00:00"
"a50634e07f44c9134e8da9c989fd92edac2219ef.jsonld","https://obis.org/dataset/f9fc671b-8730-49c5-99b9-df2e7b7513d1","identifiersha","2025-04-07 08:26:35+00:00"
"a50b6177677031bc44e5729fe0c1bdc768c8c290.jsonld","https://obis.org/dataset/a4573856-73ef-46a3-8848-8bfecaa4aa7b","identifiersha","2025-04-07 08:26:04+00:00"
"a52cb7db1bac8f9090fe8027f32c5a017e92739f.jsonld","https://obis.org/dataset/b7735837-9add-4b42-be20-f4d4a2e5bf13","identifiersha","2025-04-07 08:27:08+00:00"
"a53c53f41cafa2fc225d600cda6aeba37ffb85fb.jsonld","https://obis.org/dataset/5c3fe655-5c07-402c-a3dc-0c05f0cf3191","identifiersha","2025-04-07 08:27:26+00:00"
"a53e4ecacbdcd72398c203f699727a44f230e03e.jsonld","https://obis.org/dataset/36a3b726-1080-41ae-a401-81ac5a83457e","identifiersha","2025-04-07 08:26:42+00:00"
"a541d1ecd5548ed98bd836e92c146c347eab4799.jsonld","https://obis.org/dataset/d50e0443-4d84-4bd9-a5ad-4d417a7607e2","identifiersha","2025-04-07 08:22:36+00:00"
"a54d7808c40c88d93426a8ebe0bebc65e0730a7d.jsonld","https://obis.org/dataset/1cf6168c-bc76-48b8-af1f-e8237c897e3d","identifiersha","2025-04-07 08:25:05+00:00"
"a55a6c0982e4c58b2c806140ba65e70ebe35a22c.jsonld","https://obis.org/dataset/be839944-11d7-40d9-85af-8f7dd2032e20","identifiersha","2025-04-07 08:24:03+00:00"
"a56f8ab524226d9e280f2cf1440c2f703fa5b9a8.jsonld","https://obis.org/dataset/651931ca-4450-4463-9685-bbe826d62077","identifiersha","2025-04-07 08:25:36+00:00"
"a5782cc6af58892260d05b100a1bc35c6ccb8117.jsonld","https://obis.org/dataset/7eb2ccad-2063-4ea8-b4e3-164dbc852fce","identifiersha","2025-04-07 08:24:44+00:00"
"a5a78cb41e8e10224fc04e45d3c341772154355c.jsonld","https://obis.org/dataset/4a1d7507-1331-4c52-a50f-41b15a6d4af8","identifiersha","2025-04-07 08:27:58+00:00"
"a5ab444fe732725ab1718375774ceeb65a0963e0.jsonld","https://obis.org/dataset/1e84bed3-9b6b-45fa-a861-88aff27258aa","identifiersha","2025-04-07 08:26:22+00:00"
"a5bd9b30bb03048d551bcd9071082808ea8ef85c.jsonld","https://obis.org/dataset/7c014536-0376-4ea7-88fb-9635c353fa6b","identifiersha","2025-04-07 08:28:34+00:00"
"a5cc2ffa17c9aa80edd2c1dbd3dd35401e6b8e1d.jsonld","https://obis.org/dataset/a0eb72f6-797b-43fa-91b4-1dfe6f4d4d2e","identifiersha","2025-04-07 08:25:12+00:00"
"a5d40289b8cbe3842beb6fb9bb0f8ed3e3fb2af5.jsonld","https://obis.org/dataset/6f44d12a-ce3a-4589-9b3a-69234ee207d1","identifiersha","2025-04-07 08:22:54+00:00"
"a5dbace8148a71f3d10a0c4cdef07f31e6527813.jsonld","https://obis.org/dataset/706a6f92-0fe6-44b0-980a-e5e0fa53166f","identifiersha","2025-04-07 08:23:59+00:00"
"a5f351a44c33875c1a7a9cb330b7816ef0cfe5b6.jsonld","https://obis.org/dataset/28994fa2-d07a-45c9-84b7-3fff3d728f4b","identifiersha","2025-04-07 08:22:29+00:00"
"a5f7a1220bb31a0e830e7705dcc234f08268174a.jsonld","https://obis.org/dataset/5d632542-ccd1-4dc0-b84a-22885c0601ee","identifiersha","2025-04-07 08:24:26+00:00"
"a5fb041dfc6cd8efda5064aac1ae05d99e73d5da.jsonld","https://obis.org/dataset/872bb654-ad87-4947-a5e8-bb4f1eec021a","identifiersha","2025-04-07 08:23:40+00:00"
"a601280e65543b9035ef4639e647690d25ae1d97.jsonld","https://obis.org/dataset/32437d2f-4317-4c6f-a1b2-021b99a8e11b","identifiersha","2025-04-07 08:27:21+00:00"
"a60f54cb3977f1222e4ec697ff278e14791056a8.jsonld","https://obis.org/dataset/1d67376b-e6be-4aeb-9c69-707d27cc1261","identifiersha","2025-04-07 08:27:51+00:00"
"a610b91d99b8a50117cda5c7f00dd43211622aae.jsonld","https://obis.org/dataset/197fcb96-e08b-4102-bec1-d179185a86d7","identifiersha","2025-04-07 08:27:34+00:00"
"a611085d655124abba7b00f56c286e3d8001c7fd.jsonld","https://obis.org/dataset/c5e9a66a-2c61-4103-ac70-cb69f5861f47","identifiersha","2025-03-24 00:44:08+00:00"
"a62723b7e74f696d3cc87d7763436563e8bceaaf.jsonld","https://obis.org/dataset/bfe23b3e-fec6-449b-bbce-abd66c46455e","identifiersha","2025-04-07 08:26:20+00:00"
"a62cda9ff8efa39dae4a2f026bf5f6067a7b957d.jsonld","https://obis.org/dataset/f3a31150-a926-4d55-8899-7a5162aa388a","identifiersha","2025-04-07 08:26:04+00:00"
"a6450b9d6f0cc73eef1d8dfde2292749bb4926b2.jsonld","https://obis.org/dataset/3ef6b6d3-3be7-4958-8966-75b32e7d163c","identifiersha","2025-04-07 08:27:00+00:00"
"a65bd49b523e1c23044fc3817fe627aea8b35454.jsonld","https://obis.org/dataset/b8d469aa-36d8-48e4-b9a3-3e532b1fd228","identifiersha","2025-04-07 08:26:46+00:00"
"a65e8e87b37b255e36511ef62ae96f30ba056183.jsonld","https://obis.org/dataset/ab06f0c6-3de3-447a-b339-a8517f2c95ed","identifiersha","2025-04-07 08:24:03+00:00"
"a66ae054015352974a6f2aaa948fc8d4d9f1a03f.jsonld","https://obis.org/dataset/766fd9a5-2fec-4916-b8b0-7d92bbb1d99b","identifiersha","2025-04-07 08:28:13+00:00"
"a67241ffe5064ec4638e074f128b14187933aa0a.jsonld","https://obis.org/dataset/0057d609-3e28-44e0-8abe-f9bcb173aeab","identifiersha","2025-04-07 08:28:24+00:00"
"a67afeb9594d22b6250991c0b62d7e60a6bda2bb.jsonld","https://obis.org/dataset/bc845909-82da-49c1-9f4a-8dc5b073d84d","identifiersha","2025-04-07 08:28:09+00:00"
"a67bdd683378daf64659431b40d90450b4b537f6.jsonld","https://obis.org/dataset/130bab3d-5d88-47ee-b19c-307e8f113ed1","identifiersha","2025-04-07 08:26:21+00:00"
"a6ac46c38375fb01f26f6155965c4ffd78be1237.jsonld","https://obis.org/dataset/1e764c93-ace6-4fe0-874b-4bdcd9e0251f","identifiersha","2025-04-07 08:22:35+00:00"
"a6b06080240eb987f4de183f8d393686a4e902b0.jsonld","https://obis.org/dataset/7e4228e5-a962-4b01-952f-7bf33e213a9c","identifiersha","2025-04-07 08:22:46+00:00"
"a6cb76de0cf0657402c4cdeda6f1e5f4898351a4.jsonld","https://obis.org/dataset/ba04a697-44fb-4464-916c-93383998ced9","identifiersha","2025-04-07 08:28:20+00:00"
"a6cf12c3996a9c3ba6e1ef9f2fc026a4f04e3e8f.jsonld","https://obis.org/dataset/3065848a-4746-4748-ade3-0a706945f9fa","identifiersha","2025-04-07 08:28:06+00:00"
"a6d652e82f4656addc981eda7267258be1e5e0df.jsonld","https://obis.org/dataset/816b26ca-2f49-4d89-ab19-cef288958ebf","identifiersha","2025-04-07 08:27:24+00:00"
"a6df1cb40aa1a0282c75c0f62acef19aee256e7d.jsonld","https://obis.org/dataset/2db91196-579a-4f1f-8f1f-4c24a4b6b2c2","identifiersha","2025-04-07 08:23:10+00:00"
"a6fd9b51aac4ea928b90474166b0ee2a5ef2c457.jsonld","https://obis.org/dataset/7ee5747e-f7c5-44ad-9012-925dd60967aa","identifiersha","2025-04-07 08:22:59+00:00"
"a703ea38f2e5495a862300a34bb3ef5a14d972e4.jsonld","https://obis.org/dataset/d271d27e-4560-4afb-a349-7cfcdce83872","identifiersha","2025-04-07 08:24:13+00:00"
"a70470684574d7526531dc3a5054f9544bebb675.jsonld","https://obis.org/dataset/12a9b8a9-845a-4dba-8f64-6a6fe48cfe44","identifiersha","2025-04-07 08:22:58+00:00"
"a71324bad2a2b20febf3fb7e98e28323cbad9c3f.jsonld","https://obis.org/dataset/6639fa5b-1d59-48fd-a53b-59a3e823fa6f","identifiersha","2025-04-07 08:22:45+00:00"
"a71b53833b76867e40a8983b84ef46dc896aa043.jsonld","https://obis.org/dataset/6cc9c435-4df8-4680-b921-c1733aa03c3a","identifiersha","2025-04-07 08:24:17+00:00"
"a757ffe32f1a833aee40fc484a50307b62da5af7.jsonld","https://obis.org/dataset/b4a5e409-bedd-43a2-835a-b7e374557791","identifiersha","2025-04-07 08:25:18+00:00"
"a762a00cf4d76cb7ebc35f2b015f685ab75b46c5.jsonld","https://obis.org/dataset/be61dad8-c6d9-49fa-a203-91898031c1a2","identifiersha","2025-04-07 08:25:25+00:00"
"a7810364b0942a0822cd910313c6b32d9bee976b.jsonld","https://obis.org/dataset/df70f80f-11c4-44fb-a0d9-5c38fdb168c9","identifiersha","2025-04-07 08:27:23+00:00"
"a79c43a47879025c1e0652569f41d3106654ee50.jsonld","https://obis.org/dataset/72d195ae-dcb9-4bb3-aa4b-1dae298e4250","identifiersha","2025-04-07 08:27:35+00:00"
"a7b3acf46541b2c926e9b2e3ecbeddc34d10df52.jsonld","https://obis.org/dataset/96041282-9386-4a8a-a564-fd753f1222b0","identifiersha","2025-03-24 00:29:15+00:00"
"a7ba19e52221ff03ba2efaa5b7371c5f84c09c5a.jsonld","https://obis.org/dataset/2ac6b17f-3b3a-4e0f-b712-3b640bf79147","identifiersha","2025-04-07 08:22:25+00:00"
"a7c1e88eefe7acdbb52fe4f9f05d132074fe9ac4.jsonld","https://obis.org/dataset/da08b255-ad56-4e0c-8ee1-2c9ce02e3062","identifiersha","2025-04-07 08:27:12+00:00"
"a7c5fca867adc1d77acd05faad707a256f54ad1c.jsonld","https://obis.org/dataset/3ad286a0-0af1-4b5e-980e-2b9b5e336ee2","identifiersha","2025-04-07 08:22:41+00:00"
"a7cf0b266b87aaf0e474b807afef40d2943e7417.jsonld","https://obis.org/dataset/b364da26-0d6a-4ad7-a3bf-c88abc5c1958","identifiersha","2025-04-07 08:26:56+00:00"
"a7d00cd8db8d01b53cfb49142bb9f0f05c0b1899.jsonld","https://obis.org/dataset/c25374a2-fc3a-4dfb-8ecf-e41726d6d0ee","identifiersha","2025-04-07 08:23:18+00:00"
"a7dd0081bfb3421936252e42144bbad07478d5b6.jsonld","https://obis.org/dataset/1996d345-0815-4653-b1d2-20daa293aea1","identifiersha","2025-04-07 08:26:39+00:00"
"a7f6c4d8f251e968c0acb71439cd7055d16e2a2b.jsonld","https://obis.org/dataset/9fe2e775-30d6-4779-9d8c-d31a1ad31fae","identifiersha","2025-04-07 08:27:33+00:00"
"a7f78414519782948a7aed2d7c688bbcd7f67458.jsonld","https://obis.org/dataset/644112a8-149f-40a9-a7bb-9a86263850d9","identifiersha","2025-04-07 08:27:02+00:00"
"a7fb5b027dad40fa367b2a7f3e9fb497df739c14.jsonld","https://obis.org/dataset/256fd492-824a-44a8-9998-4dc911d40680","identifiersha","2025-04-07 08:24:18+00:00"
"a8062f6fcb46d624c4d593cceee9852cfed81a10.jsonld","https://obis.org/dataset/76edeb33-b67a-46d3-b167-3d1364a4bafe","identifiersha","2025-04-07 08:26:43+00:00"
"a8073e5b8733964865a7835c34b6f4de87434ddf.jsonld","https://obis.org/dataset/2b36a3be-6aa4-4873-88b2-4dcd786367a7","identifiersha","2025-04-07 08:24:24+00:00"
"a81e37575b73043f7126bd62081692cfe3f64f00.jsonld","https://obis.org/dataset/75bd3b87-1059-4355-b757-40a2f141fd3f","identifiersha","2025-04-07 08:22:26+00:00"
"a82c93e306d0bb2d0ea6eb7975d4502e88f52b34.jsonld","https://obis.org/dataset/7c9aa715-ea1e-4dae-876b-1fde99448ce0","identifiersha","2025-04-07 08:27:22+00:00"
"a82d8de32ba41925ff8ef1285c4c295876e94968.jsonld","https://obis.org/dataset/ae3a986e-4df9-4e95-a46d-596d3c02a1a9","identifiersha","2025-04-07 08:25:31+00:00"
"a83e31e822f60656b47860b588027a1526681037.jsonld","https://obis.org/dataset/78bf6b7f-555c-4bf7-8d81-a766c5bc736e","identifiersha","2025-04-07 08:23:38+00:00"
"a84782994a880ed7a14132224c67b6127b4e5887.jsonld","https://obis.org/dataset/628600f7-1580-4c0e-b1b3-acb5c5613966","identifiersha","2025-04-07 08:25:14+00:00"
"a851ee79a6c63e10a894e29cd956e3a7f8c6c2ce.jsonld","https://obis.org/dataset/1f7ebcb5-d912-4755-bf85-c79fd79d4c87","identifiersha","2025-04-07 08:28:26+00:00"
"a8759b98f070864928cd442dc5e915ff06b65fec.jsonld","https://obis.org/dataset/3a245689-a25a-4d6a-99fc-f7d07f813345","identifiersha","2025-04-07 08:28:27+00:00"
"a87fcfbafb761172739cbfa394bc4539c70b128d.jsonld","https://obis.org/dataset/fbd419a6-2760-43cf-a946-737edaf137d9","identifiersha","2025-04-07 08:27:24+00:00"
"a8871a11a3c9dcf962518661bdd3f3dc01dafea1.jsonld","https://obis.org/dataset/41872622-4c60-4c5f-ab41-dcac3b0f51ad","identifiersha","2025-04-07 08:28:07+00:00"
"a88a56d602530c3607fd0be6a25f676a15d308da.jsonld","https://obis.org/dataset/9f14fcfe-b8c4-4614-82de-3f76eb47ed7f","identifiersha","2025-04-07 08:24:19+00:00"
"a894c4091c7937bce5852ca25f7d7dfd6fbc7ec8.jsonld","https://obis.org/dataset/c0136793-2359-4981-a0aa-f773cab3372c","identifiersha","2025-04-07 08:25:29+00:00"
"a89820e2dba2644a8e565d3c08532d1e335b4072.jsonld","https://obis.org/dataset/8b12af24-e616-43ed-8b04-99dd44a2a670","identifiersha","2025-04-07 08:27:27+00:00"
"a899369542feca780e72e4a07c87a7c638c52dbf.jsonld","https://obis.org/dataset/8fb2c5cc-d5cd-4c48-8248-75539f33116a","identifiersha","2025-04-07 08:27:30+00:00"
"a8a0978633b7189c3aa47f551dfdc7f24c74f035.jsonld","https://obis.org/dataset/708bb02c-e0bb-408f-a867-92f0bc2f70ef","identifiersha","2025-04-07 08:28:11+00:00"
"a8a132d97ae47428b6e489c25e0060aa084fc9ea.jsonld","https://obis.org/dataset/e2c9ade4-5f4d-44bb-a7ff-b2500e3ee0cc","identifiersha","2025-04-07 08:25:11+00:00"
"a8aab7cb83529230e5b259d2da2b7f0e3613a840.jsonld","https://obis.org/dataset/8a7dfb0e-f6bb-41be-a990-7a850b04a07a","identifiersha","2025-04-07 08:27:07+00:00"
"a8afe65fbeef466719ccf1b50ba88781b04305f7.jsonld","https://obis.org/dataset/6755ad82-6061-4fd0-80fc-4e2d305bbaca","identifiersha","2025-04-07 08:26:25+00:00"
"a8b334be94a391b8600e0bd57d3e86d7a271950e.jsonld","https://obis.org/dataset/097cb2ba-7cf2-44a5-acc7-92b4ed3b881e","identifiersha","2025-04-07 08:28:28+00:00"
"a8b84655c5822605c8a5fcc25dc38a6b25785e2c.jsonld","https://obis.org/dataset/967b5ab7-eb04-4785-a9b8-f0839442be12","identifiersha","2025-04-07 08:28:27+00:00"
"a8c1a63b69df444184b574274ba23397951902d5.jsonld","https://obis.org/dataset/cdfb6d8d-14d1-4232-aace-35ba00ff9e12","identifiersha","2025-04-07 08:25:36+00:00"
"a8ca036dd90e3f8833b721173e11e367aca13eca.jsonld","https://obis.org/dataset/5cc534d3-ea6d-4f21-b3a5-620fdbe4f534","identifiersha","2025-04-07 08:26:28+00:00"
"a8cba623c38b082725a2d5031a961aa392fbb969.jsonld","https://obis.org/dataset/a97def2e-3a89-4a40-83c3-82ed18859ed1","identifiersha","2025-04-07 08:23:22+00:00"
"a8cefa69a0b27e878d5408c02b6a719ae02ec903.jsonld","https://obis.org/dataset/8fa23a26-1655-4577-86d2-713dae162cab","identifiersha","2025-04-07 08:24:15+00:00"
"a8e9b1fb052d2c54a4ece904b290568665f24737.jsonld","https://obis.org/dataset/60ce413e-2d58-4d64-a057-7eed1b201250","identifiersha","2025-04-07 08:25:20+00:00"
"a8ea2ab13d2dd6edf6a409e8053b86f5ec14c958.jsonld","https://obis.org/dataset/4e64116e-a1a6-4868-ae38-667693cba26c","identifiersha","2025-04-07 08:28:39+00:00"
"a8ff3ae08d49976c4912ae75ed04f61890e03080.jsonld","https://obis.org/dataset/3423c536-23ac-4fbf-9633-97cc911778d3","identifiersha","2025-04-07 08:22:52+00:00"
"a90ec7e10ba5762703be688cfe40eb42f7f563bc.jsonld","https://obis.org/dataset/0341f9f5-45c5-4fb2-aac9-7853866ee4f2","identifiersha","2025-04-07 08:26:02+00:00"
"a90f7b6d2d3a4a0816bbe9653fdbd6eeeb7e25eb.jsonld","https://obis.org/dataset/360b439f-1791-41e4-a77b-5f50d451a951","identifiersha","2025-04-07 08:25:09+00:00"
"a9148d15daf5e673a9bc0265ea266dea1b5c9d31.jsonld","https://obis.org/dataset/6d842380-1cf0-4a1b-9b12-f6d1a8d892b2","identifiersha","2025-04-07 08:23:59+00:00"
"a929b41f9e3e0e4d8d5448c777e23441520143ae.jsonld","https://obis.org/dataset/1c832424-583d-4273-8494-9e55ecc445d0","identifiersha","2025-04-07 08:27:48+00:00"
"a950e9904f130eab7b30b73afeb960973b4baaa0.jsonld","https://obis.org/dataset/113d8308-2794-41a3-9a10-08cd4f6d008c","identifiersha","2025-04-07 08:28:34+00:00"
"a9609c4341cb0a371664e16eedcb50ffe2288a4a.jsonld","https://obis.org/dataset/71bfbe5f-2fa2-4b4b-b8d0-5574d00b5bf4","identifiersha","2025-04-07 08:27:50+00:00"
"a96d134efb9394a19e6a5ef46e31b0b02f01ffa0.jsonld","https://obis.org/dataset/8bd1c7c0-717d-4a4e-8b1c-9ff3c5698067","identifiersha","2025-04-07 08:23:18+00:00"
"a97befbcc669a2117c5cf9f9eafda222adb2d851.jsonld","https://obis.org/dataset/283f7dbc-7ea1-4f02-8b94-6bd037ce5b5e","identifiersha","2025-04-07 08:27:27+00:00"
"a981bb711518662d3fb59013cadd0768bd0b315e.jsonld","https://obis.org/dataset/84e4f92e-2aac-43a4-87df-a835050184c1","identifiersha","2025-04-07 08:25:28+00:00"
"a981f43680f975c5ad99380280eef4ca78cf4b57.jsonld","https://obis.org/dataset/409482e0-7de1-4435-8e6e-81f42ab2d76a","identifiersha","2025-04-07 08:26:00+00:00"
"a98213093ce43b44a72ec5c45e5f3b06c1e0bfdf.jsonld","https://obis.org/dataset/92430db9-eccc-4b53-a7d0-1d89250bff4f","identifiersha","2025-04-07 08:23:11+00:00"
"a9b88178523e5a5db35e2d26cc3a06342a64870b.jsonld","https://obis.org/dataset/16cbef75-11a1-47c7-84a8-172470203a68","identifiersha","2025-04-07 08:24:43+00:00"
"a9beb8907d75b1face6b0a062c5004990d2a33df.jsonld","https://obis.org/dataset/2c2569fd-7290-4b3d-8b56-7fe9902a2084","identifiersha","2025-04-07 08:25:16+00:00"
"a9c4e7f8b7804fa80bd7a5bafa8957b4aa2e5cb0.jsonld","https://obis.org/dataset/6e629203-5031-4338-861f-c4488fc82807","identifiersha","2025-04-07 08:28:23+00:00"
"a9c7b3cc4e6ff843703ab78ae4af03ede52159eb.jsonld","https://obis.org/dataset/029d305b-d231-4bb1-b8d3-898db3cce2d3","identifiersha","2025-04-07 08:25:59+00:00"
"a9d4df13014718ac5ddf79220e5dafa755f7dac1.jsonld","https://obis.org/dataset/50543b86-2e32-4ac6-9bd9-bb33bb48cbbc","identifiersha","2025-04-07 08:23:53+00:00"
"a9f3147a8f24bd602be60a65a2692eabbd3ac647.jsonld","https://obis.org/dataset/da806218-f44b-4a1a-bfe3-4ad4aaf7a23b","identifiersha","2025-04-07 08:24:24+00:00"
"a9f8c148f97faa6b046ca9d92862891bc9e369a9.jsonld","https://obis.org/dataset/fbfec490-ee3a-404c-80b2-9432345bcb15","identifiersha","2025-04-07 08:22:54+00:00"
"a9fc1c0b1e5c33c5636fb144f198afee9b5170a9.jsonld","https://obis.org/dataset/52bb0807-6b48-4fe7-9f55-9b63d0b3abd3","identifiersha","2025-03-24 00:42:07+00:00"
"aa061a5f34010f37ee186f2552ef0656e8aa7a93.jsonld","https://obis.org/dataset/0cac7f33-1664-42c9-ac79-ae6abd51fff6","identifiersha","2025-04-07 08:24:12+00:00"
"aa296334e9a3462c2e69a4e8895e9ff0454fbfcf.jsonld","https://obis.org/dataset/5ad6c4ff-fb89-4edf-b7b0-212671fb27cf","identifiersha","2025-04-07 08:22:50+00:00"
"aa2ea5dc6d728a5f3d7bd672acc28dadd9cb0bcd.jsonld","https://obis.org/dataset/dd373824-81ef-4085-b562-aa674a975c85","identifiersha","2025-04-07 08:27:51+00:00"
"aa341e0e0125a1082ffd4cf163548ca0f201aceb.jsonld","https://obis.org/dataset/80486acf-df76-4f48-b610-91258e8c3652","identifiersha","2025-04-07 08:23:37+00:00"
"aa48da63815ef0d63c4b133d96c605a92b4c0fde.jsonld","https://obis.org/dataset/1518e369-0e28-4734-b85e-bc1c1ed4f00d","identifiersha","2025-04-07 08:23:50+00:00"
"aa72d83fb21cdbfb7ab3d3bca722a5c587c55ca1.jsonld","https://obis.org/dataset/c3b2259c-48ab-45ad-bf9b-024163aeb541","identifiersha","2025-04-07 08:25:48+00:00"
"aa8190543c6d37f6c71bed2ccb1ca9805ef41438.jsonld","https://obis.org/dataset/027f7f73-6da8-4c7b-9692-acf840461d30","identifiersha","2025-04-07 08:25:39+00:00"
"aaa81364e96bb7c2df6e8f4421122be20c42b2eb.jsonld","https://obis.org/dataset/06cc5d7a-8389-4380-baec-94865074ccff","identifiersha","2025-04-07 08:28:37+00:00"
"aaab88ace7365478b575604ac203ca356257d984.jsonld","https://obis.org/dataset/245bc74a-efa3-4bcd-ae87-a8d1ba1f666d","identifiersha","2025-04-07 08:23:38+00:00"
"aaabf1465e3c76368b08bc28f94682a35c5c9b24.jsonld","https://obis.org/dataset/23f428d4-9427-48ef-9743-b9ae44240a1f","identifiersha","2025-04-07 08:26:37+00:00"
"aaba160eb7c2f621719ef37fe41166322d3498cd.jsonld","https://obis.org/dataset/c45e9a28-e587-4bf7-b2f8-bd3374aa8e55","identifiersha","2025-04-07 08:27:42+00:00"
"aabda03b5c4b72b1b9547a00e278ba21ee042296.jsonld","https://obis.org/dataset/b6e5892e-cebe-4a0a-9487-0aef1d4aa3eb","identifiersha","2025-04-07 08:23:56+00:00"
"aac4011a2d79dc946aeb622617ac046953cdc431.jsonld","https://obis.org/dataset/0829e6a7-82e6-41b2-a467-7a80189d2a24","identifiersha","2025-04-07 08:25:53+00:00"
"aacdf78e3c718620fafb01902431c5a29ebc6393.jsonld","https://obis.org/dataset/13e5c4a7-6d1b-48a0-bf48-988d5cd9612a","identifiersha","2025-04-07 08:25:40+00:00"
"aade93546f6a9d987080f018ccff88988c381014.jsonld","https://obis.org/dataset/16f543b9-df51-4164-970e-aafb8878fbce","identifiersha","2025-04-07 08:26:24+00:00"
"aae38bf40a29060fda97c55f3d66c6d3d807fbf8.jsonld","https://obis.org/dataset/c77f9e8e-d2fe-4286-b3be-ddb7e18a8e28","identifiersha","2025-04-07 08:26:02+00:00"
"aae83f333654c7170a95953ad515b51aa7527bc9.jsonld","https://obis.org/dataset/7b3bf64f-e4c1-48e3-b136-70177ee07fa8","identifiersha","2025-04-07 08:23:52+00:00"
"ab20dcb15944b0300f7417acc1459a57a394fda1.jsonld","https://obis.org/dataset/8af3708a-81fb-4edd-ade6-b23532a0f26c","identifiersha","2025-04-07 08:23:42+00:00"
"ab236082060789c94fde1c3b10077a5da2aff596.jsonld","https://obis.org/dataset/5463caa4-b929-477f-ae6c-7007b6d91baa","identifiersha","2025-04-07 08:23:46+00:00"
"ab23e48f39414e14a77d02e4360f0d20df3ea54c.jsonld","https://obis.org/dataset/f0e60097-4d31-4a02-863d-77cf9eecfdd3","identifiersha","2025-04-07 08:24:19+00:00"
"ab292d7ec507f9bcf869da17bcfeae4230704a52.jsonld","https://obis.org/dataset/e0866416-5803-468f-bedd-bc86385ae298","identifiersha","2025-04-07 08:28:00+00:00"
"ab4002df036fa359618be8b0e87da58d718383e5.jsonld","https://obis.org/dataset/015aa547-7c0a-4af4-b364-d7eda74f743f","identifiersha","2025-04-07 08:25:56+00:00"
"ab5787369f7ce4d4cb667eea4c1323d33e13088c.jsonld","https://obis.org/dataset/825c0a69-1b6f-4d25-8672-8d4c717d0d3f","identifiersha","2025-04-07 08:27:05+00:00"
"ab6df79a20284ab7412131fe1644b3cbc63af33e.jsonld","https://obis.org/dataset/be104da7-c61c-483c-bfd8-96a2319abf4b","identifiersha","2025-04-07 08:26:38+00:00"
"ab8a7c259a2959e1a7b4f6ae111573a73d0e6f8c.jsonld","https://obis.org/dataset/971187c0-27de-47a2-a8c1-4d284d3f077d","identifiersha","2025-04-07 08:26:59+00:00"
"ab9616e5f2bd159c1f21da14fd5323718cafe237.jsonld","https://obis.org/dataset/82d07a33-4a76-47b2-a197-a44ecafe6a9d","identifiersha","2025-04-07 08:26:03+00:00"
"ab9c71aadf38f189db3ffc69a1885787074536da.jsonld","https://obis.org/dataset/5e25947f-fb67-4bcd-97bf-73549bd88ab2","identifiersha","2025-04-07 08:22:49+00:00"
"aba1071266c6069c186a8c68602a64df053187ba.jsonld","https://obis.org/dataset/3758e9a8-52ec-49ef-8775-214ec3b178a9","identifiersha","2025-04-07 08:23:38+00:00"
"abad672f1177fafb30e2ff807d2be72bfd2d2677.jsonld","https://obis.org/dataset/5072e436-41af-4029-bcb4-d2282bb60d81","identifiersha","2025-04-07 08:22:50+00:00"
"abb1131af4e23a4f2adcb43613ba62858792baa6.jsonld","https://obis.org/dataset/8b438ecc-596d-4096-9d03-b619fcb6a359","identifiersha","2025-04-07 08:22:49+00:00"
"abb9cf5a2e0cde1219ac17d3e6976545f92db680.jsonld","https://obis.org/dataset/807fbba6-843c-48af-9e94-ee92280c1ae2","identifiersha","2025-04-07 08:26:12+00:00"
"abbd95fbfb7fa38d5e449a381e005bdac1584959.jsonld","https://obis.org/dataset/5682c3fa-7c31-43ae-bce1-e0c38a02d7e7","identifiersha","2025-03-24 00:41:32+00:00"
"abcaf155a26ccb0321bc91ec95aa8e19d6f0cd88.jsonld","https://obis.org/dataset/8632d5e1-8cba-45f5-a9b6-f40a43978b07","identifiersha","2025-04-07 08:26:35+00:00"
"abd2550722839e7ad2fb847f92d98254ead436e3.jsonld","https://obis.org/dataset/d1dd65ec-fc75-480d-ab5d-4a4379603173","identifiersha","2025-04-07 08:23:20+00:00"
"abd5deb4c9df16752299f08533808182ae76beda.jsonld","https://obis.org/dataset/b58c4257-5756-4090-b15d-e33d1f0d85cc","identifiersha","2025-04-07 08:23:02+00:00"
"abde07fd56c98604c88d8538c81691b267db64cb.jsonld","https://obis.org/dataset/680d54a2-3504-4989-be97-581023102d7b","identifiersha","2025-04-07 08:27:55+00:00"
"abe606ca2b561c9660e26371ca0406048cc6f93c.jsonld","https://obis.org/dataset/4fc9bf50-f46c-4b50-a95e-1f5bb7d38cb1","identifiersha","2025-04-07 08:28:30+00:00"
"abf119e0f348712a9b8fbdadd5fe8caae4b927a7.jsonld","https://obis.org/dataset/f9672738-4480-4987-96d6-9e9262ff04f9","identifiersha","2025-04-07 08:26:30+00:00"
"abf2a85bbff0a18b609d4d1609da98fd792ff27c.jsonld","https://obis.org/dataset/11b233f5-e346-4dec-b121-8a56ae996de5","identifiersha","2025-04-07 08:24:19+00:00"
"abf786a382335025e8644f10246a116df6214188.jsonld","https://obis.org/dataset/ec8c1697-ecc2-41e1-904d-652e0004e4b0","identifiersha","2025-04-07 08:25:54+00:00"
"ac0987d683fc117af9e2ae03094dfb9a54343162.jsonld","https://obis.org/dataset/4bff707d-4c5b-4c7c-b903-f93799a4098a","identifiersha","2025-04-07 08:26:21+00:00"
"ac2695e1593c3bf4dee579ff8fd9e7bad99dba88.jsonld","https://obis.org/dataset/c8f6acf8-cfc4-42f1-86c3-adb8ce0e1fd5","identifiersha","2025-04-07 08:25:38+00:00"
"ac27730f21471dd55d9f224aa85451259a35fdc0.jsonld","https://obis.org/dataset/a2df2070-4d05-452c-b971-f561509aa37c","identifiersha","2025-04-07 08:26:06+00:00"
"ac27ca19cd18ba57536528b1659463963957c348.jsonld","https://obis.org/dataset/79708a87-e90d-4993-819b-0e2ee12ad3bd","identifiersha","2025-04-07 08:28:09+00:00"
"ac3a68011adec0993e8c64afcfdb371f8405a7f9.jsonld","https://obis.org/dataset/fab2647b-13b6-430d-98f1-31c6d842b372","identifiersha","2025-04-07 08:24:38+00:00"
"ac40a999ed508468d2e460e8eadc4c0594a072ca.jsonld","https://obis.org/dataset/343468ea-7e09-4bca-acaf-4d23036a2015","identifiersha","2025-04-07 08:23:52+00:00"
"ac4a120e3ce4da5d78a73c34d66523fdbb646b6e.jsonld","https://obis.org/dataset/215e52c6-3ec2-41a4-97fe-5d44c900f869","identifiersha","2025-04-07 08:22:55+00:00"
"ac5010c76f3433d45abb09c9ce633b248a2c90ac.jsonld","https://obis.org/dataset/ed62786d-6530-43ad-8dd3-a63527bc5d43","identifiersha","2025-04-07 08:25:05+00:00"
"ac50d18a7a8102968becf19e5ae5fcd6e4eaaa78.jsonld","https://obis.org/dataset/f519504c-2383-4196-a527-9e0df13acf56","identifiersha","2025-04-07 08:27:57+00:00"
"ac512af4d1530f88038b0a44baafb2eb332f1c59.jsonld","https://obis.org/dataset/7765772f-4817-4cb1-a87a-e5a6a885786a","identifiersha","2025-04-07 08:23:31+00:00"
"ac543b33f0388c483160216243496b8a2c395f9b.jsonld","https://obis.org/dataset/77ccb1e6-17ba-4407-bda0-6bf89ead686b","identifiersha","2025-04-07 08:22:53+00:00"
"ac654704e2cfd6bcb9b5377493f0523d97c8dc80.jsonld","https://obis.org/dataset/a2e15eb4-39a1-4722-ad3a-b8de3d5b7149","identifiersha","2025-04-07 08:25:11+00:00"
"ac9857f69a0b7e08960844f55501e0eaba27997d.jsonld","https://obis.org/dataset/3143fd54-9026-4d3a-a01b-ea22f91f6623","identifiersha","2025-04-07 08:25:07+00:00"
"ac99a9b17c3cfebacee37d6841af4302acd05438.jsonld","https://obis.org/dataset/f8d7fcf4-1b2c-4a11-a7c1-7b41fa04ad67","identifiersha","2025-04-07 08:25:26+00:00"
"aca1ff77d95f28f6482b631634e1feac931f6b13.jsonld","https://obis.org/dataset/c91bedb0-5fa7-4d3d-80c4-fd4a3bbafdc0","identifiersha","2025-04-07 08:22:38+00:00"
"aca84b8cccfec0793d749fe2b944e55b197dcbc3.jsonld","https://obis.org/dataset/2c6db58f-ae91-4a17-9f0f-7db28506b94f","identifiersha","2025-04-07 08:22:33+00:00"
"acab8aa2a5684b8de3c6e594cfedec8653c9a2ac.jsonld","https://obis.org/dataset/1ef5da48-0a21-4c3c-b795-e46116551761","identifiersha","2025-04-07 08:24:08+00:00"
"acb04904ede222649d827be4d379cca9252e8ff7.jsonld","https://obis.org/dataset/b7f2143c-1e72-4351-88cd-fd170ded09a5","identifiersha","2025-04-07 08:26:05+00:00"
"acbd70449ffe668d793fa6fed53940aa5efcecf0.jsonld","https://obis.org/dataset/748dc9bd-7e48-47f4-a660-896b589147f7","identifiersha","2025-04-07 08:24:03+00:00"
"acbf51cc84d171cfd1b3458e0d505500bec46cf9.jsonld","https://obis.org/dataset/3bce3973-42f0-42a6-bf27-e7c0e06aa11f","identifiersha","2025-04-07 08:26:23+00:00"
"acc6bbcdb0ef3047d34b44113d0ff7e5df830d4b.jsonld","https://obis.org/dataset/a68e2a15-2ab2-474e-acc3-e7fbc895711c","identifiersha","2025-04-07 08:27:15+00:00"
"acdc198a970ae464ddb5eb380cda2f0482b853c9.jsonld","https://obis.org/dataset/a8a98929-f991-4407-af3a-40496f47297c","identifiersha","2025-04-07 08:22:43+00:00"
"ace0e0f295f10dca4d7f6f9f331a82cebbcadd5c.jsonld","https://obis.org/dataset/c6f8a131-d197-4b4d-8ad7-b6dd5e0e8124","identifiersha","2025-04-07 08:27:01+00:00"
"ace2d74bff65715aedb6bc8f3c24e4c9584702ca.jsonld","https://obis.org/dataset/448026ef-f0b4-46f1-88ff-b139ebdd7bdd","identifiersha","2025-04-07 08:27:12+00:00"
"ace557655fb3f853314c8b32904e7ba9c5e07ae9.jsonld","https://obis.org/dataset/67e67ba9-a2ea-452d-985e-6343a7280ec6","identifiersha","2025-04-07 08:25:51+00:00"
"ace991446c347447a5bb354991c9783192e9dc05.jsonld","https://obis.org/dataset/54289c52-2c32-4f93-86f4-e5e6560d051e","identifiersha","2025-04-07 08:25:15+00:00"
"acee3a9df5ab67cebef7c1c18e6fc915ec4b35ca.jsonld","https://obis.org/dataset/646a02cb-9839-4d0f-ab84-53ba34864c20","identifiersha","2025-04-07 08:23:57+00:00"
"acf4b31db230dc44652947d2de8f7d0403be3a31.jsonld","https://obis.org/dataset/38323333-043c-4844-ba39-c995dfa47e57","identifiersha","2025-04-07 08:26:17+00:00"
"acfe2b8fd2abc55ae5b30e525b9a3aa4cd57b4c5.jsonld","https://obis.org/dataset/33926ad1-6fb9-4299-ad94-1ce5c23773d3","identifiersha","2025-04-07 08:22:52+00:00"
"ad0d68087ed09ed7be53c2b5977cc1d5900c8303.jsonld","https://obis.org/dataset/ec9df3b9-3b2b-4d83-881b-27bcbcd57b95","identifiersha","2025-04-07 08:22:28+00:00"
"ad18b8c9409b1bcb96959d8ffbb8ef7e7a642707.jsonld","https://obis.org/dataset/961a2b3e-d2f1-4fff-b5f4-af9f01d4565a","identifiersha","2025-04-07 08:27:12+00:00"
"ad2bb61151736313aff28c8e58405bea1b34bb93.jsonld","https://obis.org/dataset/9b9b4acb-6d2a-460a-929f-9d119f80f349","identifiersha","2025-04-07 08:28:31+00:00"
"ad322390576c10424fd8c81727dfa0336728702c.jsonld","https://obis.org/dataset/bcbabc5e-a0b9-4ddd-9e0e-dd99f01edefc","identifiersha","2025-04-07 08:25:39+00:00"
"ad36a468a5e2e0abc4493104475952be936d3faf.jsonld","https://obis.org/dataset/319a6a7f-2a86-4aec-bb66-1d5cb94473d9","identifiersha","2025-04-07 08:27:31+00:00"
"ad3883035cd36af7170aa96221214579fb42045f.jsonld","https://obis.org/dataset/15a472fb-485d-4b1a-b79a-794975dbef60","identifiersha","2025-04-07 08:24:34+00:00"
"ad3c0cdc2bd86ae60719d36f35da08ac9ae3b3c2.jsonld","https://obis.org/dataset/3f6d64a7-f53a-4f68-95c0-35dcb6d3cefa","identifiersha","2025-04-07 08:26:18+00:00"
"ad3f57976bfd455b1306ec295e416938c2dc8fab.jsonld","https://obis.org/dataset/fa61f67e-7cc4-48f9-a1aa-8c957b0bcc3c","identifiersha","2025-04-07 08:26:46+00:00"
"ad3f62a8a04702aa4ea89b94e86a283c9b95ef16.jsonld","https://obis.org/dataset/d4d0d3e5-b813-40c3-9dfd-6ad1a95be42d","identifiersha","2025-04-07 08:27:56+00:00"
"ad547924f45f477856c623c66fdd44ace931269c.jsonld","https://obis.org/dataset/405eca39-cdda-4dcf-8cce-62a66320b32f","identifiersha","2025-04-07 08:24:53+00:00"
"ad6de11622dc69afb4d47779ae8e2e2f6233fef5.jsonld","https://obis.org/dataset/34a97fab-4eef-4e4f-a211-33d719c1b174","identifiersha","2025-04-07 08:26:10+00:00"
"ad7e4e6edd41c5a6a67e08f14699f53040a1fcea.jsonld","https://obis.org/dataset/ef00fb16-5cb9-40b2-ac95-4d4301bc77e1","identifiersha","2025-04-07 08:23:26+00:00"
"ad8baf24266cb2612e55fd5ee7f7a0554ba3e912.jsonld","https://obis.org/dataset/0c7b3f51-33c8-494c-ab8a-c5bd28f40f87","identifiersha","2025-04-07 08:23:06+00:00"
"ada10ef051b51fa51f72671970d262426b290d64.jsonld","https://obis.org/dataset/1f6fa8a5-9285-4257-87b0-5ff078a8acf9","identifiersha","2025-04-07 08:27:58+00:00"
"ada4ed0a7d617c5a1fe8852397787a56bfb8a59f.jsonld","https://obis.org/dataset/cc082560-acd0-4789-84f2-eb4da0bb20ce","identifiersha","2025-04-07 08:23:37+00:00"
"ada72dc61a3a3fc5ebe989dc4736952ed96f0e14.jsonld","https://obis.org/dataset/2d29f788-fd96-44cd-92c8-ed59dd1947f2","identifiersha","2025-04-07 08:24:42+00:00"
"adbfb7374a948ae1e389f71cfe22e58f4b565c70.jsonld","https://obis.org/dataset/29271d9a-c768-4928-accc-7d61a52185d7","identifiersha","2025-04-07 08:24:25+00:00"
"add50ebfc36cb0603dcc76173cd97ae33595c489.jsonld","https://obis.org/dataset/689ee463-979a-4c08-badf-6a11eb53d7ff","identifiersha","2025-04-07 08:27:02+00:00"
"addecaeb795799bce05a2927d73bfc80f6d37f85.jsonld","https://obis.org/dataset/133fe4f5-dfd6-4ce3-ba51-2dbbf982342d","identifiersha","2025-04-07 08:25:30+00:00"
"ade8e10b53b3eb497116209048ae625dc2e89708.jsonld","https://obis.org/dataset/574a6f59-d0d6-432d-bb04-bf52c14e3ccd","identifiersha","2025-04-07 08:24:02+00:00"
"adf2ab4004521a7c4d7892b030f0fa5c75c78a36.jsonld","https://obis.org/dataset/39b93828-0807-4511-be78-7ef5939c3001","identifiersha","2025-04-07 08:24:42+00:00"
"adf69fc62bda9210116375d65ac9d777d87f2fe7.jsonld","https://obis.org/dataset/ff52e479-540a-46c2-bf6e-d93e3d35440e","identifiersha","2025-04-07 08:24:08+00:00"
"ae0cb859e14ec3f11e045033af7ae07eb7d34527.jsonld","https://obis.org/dataset/2befbc59-5758-4406-8b63-3d6e738fa990","identifiersha","2025-04-07 08:26:34+00:00"
"ae1f42e6db010234d8942e214ea4244c5a2504d5.jsonld","https://obis.org/dataset/cfe87ba0-c6d2-4408-9378-1dca60cc6194","identifiersha","2025-04-07 08:24:05+00:00"
"ae23a8d56bf16c9d6d79cd92b03a2f76d1ff3b36.jsonld","https://obis.org/dataset/bf1eb7ca-569b-497f-9eeb-46889eb2f781","identifiersha","2025-04-07 08:27:19+00:00"
"ae242c7d757d181863a030d12058494fadf52012.jsonld","https://obis.org/dataset/ef6efb6d-c303-49e8-8760-76f1682dd21e","identifiersha","2025-04-07 08:23:02+00:00"
"ae3b9066045cd8a2af7e8f0eff58135d18557ff0.jsonld","https://obis.org/dataset/409632a9-f7bd-440e-9e22-66c76230b3b2","identifiersha","2025-04-07 08:26:16+00:00"
"ae3baa4f30528af81d2cea9114622959b5f37409.jsonld","https://obis.org/dataset/89b18767-2942-49a8-97d1-1ffc9ffb6587","identifiersha","2025-04-07 08:23:04+00:00"
"ae4ec9becb43e6e2d7a9e5d5e25c2d8fdbf66602.jsonld","https://obis.org/dataset/ab25396e-888b-4073-af34-4868ac1db8da","identifiersha","2025-04-07 08:23:56+00:00"
"ae5aaa1e8268696868e186a80078a4c33f2aab92.jsonld","https://obis.org/dataset/dc24594c-5542-46e9-a7b9-add2f3b00f4e","identifiersha","2025-04-07 08:22:58+00:00"
"ae5d876a62cdd4327179fc1878f5d88af3e33c82.jsonld","https://obis.org/dataset/0e8521c0-5278-4612-8ab9-1cffc59576c5","identifiersha","2025-04-07 08:28:35+00:00"
"ae5df56d5e9e580eb30ef589954f54ba174da70b.jsonld","https://obis.org/dataset/f55166a1-b1bc-4ea4-9b9d-21737fe47169","identifiersha","2025-04-07 08:25:58+00:00"
"ae5e772b68db71a0d0640202673f3b97afb4af29.jsonld","https://obis.org/dataset/af471a7b-0d16-47cc-835d-2830faa8aeca","identifiersha","2025-04-07 08:23:31+00:00"
"ae6b10012eb88ad933c5e9cc314d63c7212cf016.jsonld","https://obis.org/dataset/a571f246-eaa0-42ba-ab57-28b1b8cf3331","identifiersha","2025-04-07 08:23:41+00:00"
"ae792539f4f7462279eccc04349a7a09d9b675d3.jsonld","https://obis.org/dataset/384580a6-e811-427d-a7a0-1319f6d013a8","identifiersha","2025-04-07 08:23:35+00:00"
"ae79ec72204577ee048e2ad1219bf2262780a878.jsonld","https://obis.org/dataset/9516fa6b-baa9-4678-89a1-98bbad1f6573","identifiersha","2025-04-07 08:24:52+00:00"
"ae7db586adf62fbabd058a382421edaf43653ba5.jsonld","https://obis.org/dataset/27f7853d-48c4-4365-8b0b-158d8fffb7c7","identifiersha","2025-04-07 08:23:39+00:00"
"ae8121df2d81960cf69e286994667585eb7d5d82.jsonld","https://obis.org/dataset/5a39f604-b31f-49c1-acb6-e9a4f97e236f","identifiersha","2025-04-07 08:24:04+00:00"
"ae84f4ccb2d34ddbc800a99799e5b18699b441e9.jsonld","https://obis.org/dataset/4a4bc032-e738-4102-b67f-445578b656d9","identifiersha","2025-04-07 08:24:18+00:00"
"ae8e8793d74941a5e2024385cd6f14d8d52bb7f5.jsonld","https://obis.org/dataset/8e1a32b8-31b9-4129-8de6-6b7566c1ae29","identifiersha","2025-04-07 08:27:32+00:00"
"ae9530a6f61eeb97a0591286c1e40f72fb36aa39.jsonld","https://obis.org/dataset/e07a3d69-3134-4d5a-8a29-a17f706c1d71","identifiersha","2025-04-07 08:23:46+00:00"
"aea72c582fc7a0d731e68cfad65fa4b703e0d993.jsonld","https://obis.org/dataset/4022a493-7309-43ff-b21b-17b7c71be458","identifiersha","2025-04-07 08:27:54+00:00"
"aeaaf96dd75327c82186dcab93aaee3831c6fc43.jsonld","https://obis.org/dataset/25c38aa8-9b15-4b57-b476-c6ec12df7674","identifiersha","2025-04-07 08:28:17+00:00"
"aeb479e6e887f421234e983a5b5c931b5062f52f.jsonld","https://obis.org/dataset/1bcef367-cb04-4cf6-ab1e-eab1c2b0172a","identifiersha","2025-04-07 08:23:12+00:00"
"aeb8a3d0f8f9bcf31295e716a7950f06b3ab24f3.jsonld","https://obis.org/dataset/2efe1e30-ba4c-4dba-8c6f-37c1f26fe97c","identifiersha","2025-04-07 08:25:45+00:00"
"aebf2dabb17eebcd57d9b2097a36e90369158b0b.jsonld","https://obis.org/dataset/96844ba5-08c1-4299-b778-0db31986b669","identifiersha","2025-04-07 08:26:34+00:00"
"aec96e23dc0125694c9fcb47fba5f8deb44ab3a9.jsonld","https://obis.org/dataset/0e71ca84-b6a7-4417-a39f-7428e80c33db","identifiersha","2025-04-07 08:24:22+00:00"
"aed14838296eab11eccc3907b99c2d9f120218b9.jsonld","https://obis.org/dataset/2859e656-7354-4b96-bbe4-08719aede5c4","identifiersha","2025-04-07 08:23:27+00:00"
"aed89ac7fac61e8928dacbf7405027d3476fc8b1.jsonld","https://obis.org/dataset/b2fe1445-9bb8-4849-962b-0696d0e3e29f","identifiersha","2025-04-07 08:22:53+00:00"
"aedc8e0a857e9273d72dd6071ba3cc5a51dd77a7.jsonld","https://obis.org/dataset/cd29a231-e1c4-4595-8f06-1cb3c6c18037","identifiersha","2025-04-07 08:26:31+00:00"
"aef966e88e7edbe0922bb30fdb51d363f4a9d354.jsonld","https://obis.org/dataset/0d63d14c-5eae-4761-ae58-e0c1e6fe7a7d","identifiersha","2025-04-07 08:28:14+00:00"
"aefa95970481deb8d9e1ba7f4b40b71d21486fed.jsonld","https://obis.org/dataset/4d2a31a3-bb76-4ffe-a2f9-817e975f6ba9","identifiersha","2025-04-07 08:23:05+00:00"
"aefcc0322fd29a1e045c27a3b287d3781dbf73ac.jsonld","https://obis.org/dataset/edfe766e-899f-4870-a156-649288938b53","identifiersha","2025-04-07 08:23:44+00:00"
"aefdf63803a528368f019ea93faeff9bf813ed12.jsonld","https://obis.org/dataset/c3f4ad36-dd99-4926-a499-d62ac678313a","identifiersha","2025-04-07 08:22:54+00:00"
"af13d5083df86b42b5506ad98824e79021a33cd6.jsonld","https://obis.org/dataset/778be520-efda-4488-9c83-c9fcf371c239","identifiersha","2025-04-07 08:27:05+00:00"
"af1ff9ddd376d1d71f18890f7a878feb8c548bd3.jsonld","https://obis.org/dataset/f0fe4815-0d3d-4035-936a-28dc1f097135","identifiersha","2025-04-07 08:25:38+00:00"
"af2609aa99c0eb7e704981d7466ce7aa91e44f51.jsonld","https://obis.org/dataset/5f4b561e-5ca8-491c-8452-0588109caf1b","identifiersha","2025-04-07 08:24:03+00:00"
"af4f533d2087471b0f8ce0b68a0fccc0a0a1cdb5.jsonld","https://obis.org/dataset/0d2c75a7-2c0f-416a-9d7a-9b8594a09b6f","identifiersha","2025-04-07 08:22:31+00:00"
"af51d0da04a7926df8ccf1d7eb6ba32980724858.jsonld","https://obis.org/dataset/443fde8d-61ca-47d6-8246-1c150d5e6166","identifiersha","2025-04-07 08:24:58+00:00"
"af6b57f9425b76beb165ba428849dcf12b6c8ce7.jsonld","https://obis.org/dataset/78909347-3591-409f-b27e-19ef81acc870","identifiersha","2025-04-07 08:25:57+00:00"
"af6e975178c81e7d5084147442fd766d82d7fef0.jsonld","https://obis.org/dataset/cc7ce2ff-17bc-4382-8c51-aefb1633cc29","identifiersha","2025-04-07 08:24:40+00:00"
"af6f2cc855d0abdc9af805787552e2eb3afe39bf.jsonld","https://obis.org/dataset/1d8fb994-64af-4a57-abe2-19573cc91f85","identifiersha","2025-04-07 08:25:54+00:00"
"af7140a528b376ce6b72760a697045d31b510adb.jsonld","https://obis.org/dataset/b0dd257d-fc59-4621-ad78-99bf3c872a0d","identifiersha","2025-04-07 08:27:02+00:00"
"af7731f5da1ff8718c7e11fd693c03ab4e55dfae.jsonld","https://obis.org/dataset/5e6d5906-af9e-4b8a-95d5-e0b0bc21e5c5","identifiersha","2025-04-07 08:27:20+00:00"
"af88723be05f81a6a1f1f7658154446589d39c6b.jsonld","https://obis.org/dataset/93b88928-7805-4107-a838-b2afe6a7aed9","identifiersha","2025-04-07 08:25:37+00:00"
"afa1929045dfe273ada5d200e56ec01dbd8f0d20.jsonld","https://obis.org/dataset/59e3e2bb-8724-417d-a6be-d9e2d2db312a","identifiersha","2025-04-07 08:27:35+00:00"
"afa5e7e6cec750b16181a61dbbaf42a639775555.jsonld","https://obis.org/dataset/c8f9d44b-9c51-4a7b-b9b2-598393dc904c","identifiersha","2025-04-07 08:25:05+00:00"
"afb4afc69ce9e625f07da8118667f700080f6e7c.jsonld","https://obis.org/dataset/65e22bb0-846a-4632-ae76-0e8e1bc2adc3","identifiersha","2025-04-07 08:25:42+00:00"
"afb6f3adfc356bfa13ccd98a6cdb220a940ae91b.jsonld","https://obis.org/dataset/cfa52019-f8cd-4868-8b8d-a11fd783bc76","identifiersha","2025-04-07 08:27:00+00:00"
"afbac9216c82dbee29d10e515a2c7bf09ebed94b.jsonld","https://obis.org/dataset/2570df1d-d55e-4e24-abe4-14857e2271bb","identifiersha","2025-04-07 08:26:15+00:00"
"afbfdf45397cbfb1ba7ad4145323e08aeceda41d.jsonld","https://obis.org/dataset/6991bdf7-150a-4351-a684-b3e667579012","identifiersha","2025-04-07 08:24:30+00:00"
"afd23d6ed4bc3c5f3415f83274b5e68ea38086f9.jsonld","https://obis.org/dataset/1267c73d-1b36-4518-adbf-279815e770d6","identifiersha","2025-04-07 08:26:07+00:00"
"afd2cfc3271adeab2063145513c541149b3910f7.jsonld","https://obis.org/dataset/1d16de27-72da-4d05-869a-a4c3f3301dea","identifiersha","2025-04-07 08:27:00+00:00"
"afe013c2d5945259be181212c7d83049f6d1e091.jsonld","https://obis.org/dataset/57fbd80a-03f8-4ca8-9b7e-b4773b4b063f","identifiersha","2025-04-07 08:24:02+00:00"
"afe47b4fb5e11c0f6e9dd796df667dbd8fcc3fc3.jsonld","https://obis.org/dataset/f7a02493-91f7-4c2f-bc9f-252735260780","identifiersha","2025-04-07 08:24:47+00:00"
"afe67dbcd6cdd7861243bcf99eec5bd267c96303.jsonld","https://obis.org/dataset/270f3e70-ff9b-411d-b170-2bc914d83f26","identifiersha","2025-04-07 08:23:30+00:00"
"aff4b3b317aec824b66397082c36bc1180d7a3fb.jsonld","https://obis.org/dataset/bbd2cf21-b020-4bca-9ab9-83d8f40c73ab","identifiersha","2025-04-07 08:28:03+00:00"
"b0038c87a0f3ae517e1fb47931008c664e23e693.jsonld","https://obis.org/dataset/9e54f6cc-c9a3-44cb-8b67-f2fcad6b5ccd","identifiersha","2025-04-07 08:24:20+00:00"
"b015b3b1524e3202b6f3af7291ab081dd9ddad65.jsonld","https://obis.org/dataset/18b9f6fd-0cca-4938-a6fa-d6b375dfa716","identifiersha","2025-04-07 08:25:52+00:00"
"b044b238129363ccd21a4de21cbf6d022ba136c2.jsonld","https://obis.org/dataset/7c4f3644-ca4c-423b-861a-2dd46001aff0","identifiersha","2025-04-07 08:25:05+00:00"
"b048dfd4b87667016baa5e18e8ce998a57143e3d.jsonld","https://obis.org/dataset/49f1cbfd-07ab-422f-8952-e53ff4974d8d","identifiersha","2025-04-07 08:27:14+00:00"
"b0500db491f8b917774377c02efe7cc4579cfc58.jsonld","https://obis.org/dataset/56e46fd2-6162-4677-af50-9410fe08f834","identifiersha","2025-04-07 08:26:06+00:00"
"b05ae0a011cddcb4ab2b8bee388a8fa658c0dfc8.jsonld","https://obis.org/dataset/f53aea86-39eb-48c0-a1b2-639f67081fca","identifiersha","2025-04-07 08:24:15+00:00"
"b0661552a2ac2a6708b1a11425e3f35909765994.jsonld","https://obis.org/dataset/0c9db499-759b-46d8-8989-799f9ff9f235","identifiersha","2025-04-07 08:23:49+00:00"
"b066fdbd5b950ef86d0c9d46614e0999baf2e916.jsonld","https://obis.org/dataset/05829a6e-7b1a-4620-a893-0cac55a66702","identifiersha","2025-04-07 08:27:59+00:00"
"b0802fd60b22dc5be5300cc9fbc0835f7af11b2d.jsonld","https://obis.org/dataset/0bae1308-d1f9-4c88-926b-50a16f1b7bde","identifiersha","2025-04-07 08:26:42+00:00"
"b089fc8a1b4fb6123ad33d5bd6693623aa42cbdd.jsonld","https://obis.org/dataset/d4091591-a085-4cfa-9734-5f0ecf5564a8","identifiersha","2025-04-07 08:22:35+00:00"
"b094993d53adfae9f6d443eb35012af71d9eea24.jsonld","https://obis.org/dataset/77a1b561-cd81-49e4-a7ce-f24cd6f57e62","identifiersha","2025-04-07 08:23:23+00:00"
"b0a7e9d40d5af1b13c8b66998fcf43914c9e603b.jsonld","https://obis.org/dataset/b96a4245-b4a9-4505-a37e-2f076ad42b00","identifiersha","2025-04-07 08:25:04+00:00"
"b0af1a16a00fa9446fc2ec7fbd8a0e286f98e925.jsonld","https://obis.org/dataset/9d2430ad-0a75-4ab7-ab6e-08e79ae015e1","identifiersha","2025-04-07 08:23:24+00:00"
"b0d1ed2ab7e8c6c06f2af7341efdf98097aa6e54.jsonld","https://obis.org/dataset/e525c887-82e3-4594-a3c5-0e238d40c594","identifiersha","2025-04-07 08:27:31+00:00"
"b0d27bd4a1226753b3c0ec6a43c32d56da897f68.jsonld","https://obis.org/dataset/2607b667-e2c8-4a23-b4a9-9693038c13a9","identifiersha","2025-04-07 08:26:33+00:00"
"b0d524ffcf14760378ad8498533d774a7afe885c.jsonld","https://obis.org/dataset/af895fc1-6a78-4e40-b4ba-29e733ed83a6","identifiersha","2025-04-07 08:23:28+00:00"
"b0d7c76e614db5f384bb3be8b2d03d99177b9907.jsonld","https://obis.org/dataset/016d49a4-1b0d-47a0-8b6f-38c9cfc68c8c","identifiersha","2025-04-07 08:23:20+00:00"
"b0ea6d67e84b1756ca00178cf7e3650f0387c46a.jsonld","https://obis.org/dataset/5ec11ed9-4b39-4078-a7d7-0ad4d532d8a2","identifiersha","2025-04-07 08:25:10+00:00"
"b0f3dd6ed4245700f71696cffe0758d671834600.jsonld","https://obis.org/dataset/00e92406-7ace-4fae-aae1-a294c7dec151","identifiersha","2025-04-07 08:27:18+00:00"
"b116f54cf2679aa18b10bbb39a1cc996c3823a73.jsonld","https://obis.org/dataset/057859e2-3ff2-4f55-950f-62089486a7f7","identifiersha","2025-04-07 08:25:36+00:00"
"b120d93aae08c9d23b6754ffe0b0bd88e8b161cc.jsonld","https://obis.org/dataset/99d0916a-88c6-4d36-8b00-4014e6486fe1","identifiersha","2025-04-07 08:27:08+00:00"
"b121e059ec05814f30807c9473ea7993051479ab.jsonld","https://obis.org/dataset/1848b553-5771-4b7b-9f84-fae0ea3014c0","identifiersha","2025-04-07 08:26:30+00:00"
"b123cf41bc54648d137aca4cb4b33a48e28153c4.jsonld","https://obis.org/dataset/e5846b59-7939-439b-86f1-90e5cf9860ee","identifiersha","2024-12-09 19:18:16+00:00"
"b12a3fd7c661bce0463c1db3ec2540981bd65d50.jsonld","https://obis.org/dataset/f1f3cde3-8190-493d-901f-d95683e8925b","identifiersha","2025-04-07 08:24:36+00:00"
"b12b6a5c1284ecc8c86079ca9681a289a2cf2172.jsonld","https://obis.org/dataset/9f11af71-ddd8-4399-982f-5e276d86d17b","identifiersha","2025-04-07 08:22:45+00:00"
"b15bdb6f2032169f580e0775c747a203a28e7c9e.jsonld","https://obis.org/dataset/0e80dc63-b47c-423a-8e34-362f3171ea18","identifiersha","2025-04-07 08:25:48+00:00"
"b16dab3f7caaae9c9a99c25e1b6c218b3df8d815.jsonld","https://obis.org/dataset/b84e48b3-7c84-417e-a086-cf9b2def23af","identifiersha","2025-04-07 08:25:30+00:00"
"b17bd6227e4d56759298fe2231ca167566bece52.jsonld","https://obis.org/dataset/aa143416-0e24-4b38-b9f6-27194f1a3ccc","identifiersha","2025-04-07 08:26:32+00:00"
"b191ca8e4535e55fbc0b8ecb75b4cfa20a03abd9.jsonld","https://obis.org/dataset/0a0bdf56-fe37-47ec-9cd7-182cc6f21281","identifiersha","2025-02-03 16:08:16+00:00"
"b1b3a66abaa9583a8d5d1f7d8f3c0cf7384074bf.jsonld","https://obis.org/dataset/384e54a5-0f08-4046-acba-89573ad35dcf","identifiersha","2025-04-07 08:24:05+00:00"
"b1c1ff8122f410ada28e0e91ffee9ac9542008ee.jsonld","https://obis.org/dataset/01514497-a295-4e42-a441-4215a162cd05","identifiersha","2025-04-07 08:25:34+00:00"
"b1cb1cb7bb72e5046ccda7d2ea5d95b45bb46310.jsonld","https://obis.org/dataset/b578c2df-bfbb-460b-963a-d1a9d117c2dc","identifiersha","2025-04-07 08:23:27+00:00"
"b1cb5e7156caf75d925a642d2e228b70cf86c446.jsonld","https://obis.org/dataset/4c9552cc-9ba5-4d41-be19-3e397f8bacf1","identifiersha","2025-04-07 08:26:36+00:00"
"b23178240b941940c07e8e0d794dc99b5de7cb11.jsonld","https://obis.org/dataset/25ee2970-094d-4664-99da-4fd245fbcc6a","identifiersha","2025-04-07 08:27:56+00:00"
"b2320d4a3ead89566ba5b607492ebbb098b3b7b6.jsonld","https://obis.org/dataset/103a41ad-c2e8-4881-99c4-75bed7627ee4","identifiersha","2025-04-07 08:25:14+00:00"
"b233283e50ece9601c3ba8ea493ede73bae1ed09.jsonld","https://obis.org/dataset/e5389590-6d7e-4752-b84b-faa2a411db87","identifiersha","2025-04-07 08:22:40+00:00"
"b23f7b923feadab445def5a54e5f02f64d4241ed.jsonld","https://obis.org/dataset/d57e6f40-9c98-471d-b284-ed3c8d8c018e","identifiersha","2025-04-07 08:28:36+00:00"
"b2499616eb3fa2a3b6085f2af7d5bc7e127df3d0.jsonld","https://obis.org/dataset/d9beb060-107c-477a-8807-d1c4ec04aee3","identifiersha","2025-04-07 08:25:07+00:00"
"b250510f08ff413ddeb025225b886f30bfdfb3d5.jsonld","https://obis.org/dataset/c0e0900c-d10e-4dac-9b64-7a8927abb2f9","identifiersha","2025-04-07 08:26:38+00:00"
"b26b72243d55efa5311a176822f3be107455236b.jsonld","https://obis.org/dataset/34991b8f-e6a9-4870-812c-7ca24a729d13","identifiersha","2025-04-07 08:27:17+00:00"
"b2a5349f7674381d43df30631d13c6d6281a2132.jsonld","https://obis.org/dataset/1aad17a0-94b9-4f32-bc82-796eb9dea880","identifiersha","2025-04-07 08:25:14+00:00"
"b2a88e8508fcce3dda6d1ffaf2a0759fbc748613.jsonld","https://obis.org/dataset/6a3833f7-2857-4df4-af1c-69f1632d69c3","identifiersha","2025-04-07 08:23:10+00:00"
"b2bf289cd5289ee594bf1c04214c4732aef4bd01.jsonld","https://obis.org/dataset/18f1f267-2d78-497f-b51a-6960171d8243","identifiersha","2025-04-07 08:27:12+00:00"
"b2eb4cc06599dc899568a5403d639c49efc50ee8.jsonld","https://obis.org/dataset/301cbca1-2cad-4eaf-b275-775ba8400a84","identifiersha","2025-04-07 08:26:20+00:00"
"b2f1e777aead9671f3856c69f84fce87cc1c4756.jsonld","https://obis.org/dataset/23c15f33-94a8-4e3e-bb76-5d5b0bf203f8","identifiersha","2025-04-07 08:22:52+00:00"
"b2f6ee9d400438ac44d9d75bf8c74bdd01a52f20.jsonld","https://obis.org/dataset/1f33ac1f-ee0c-408a-a435-eb667e3199dc","identifiersha","2025-04-07 08:26:22+00:00"
"b2fa9872027e3f07e8136f9775daf3882077110a.jsonld","https://obis.org/dataset/93c80b5b-3bc3-4e59-a283-b4edebaa63ce","identifiersha","2025-04-07 08:23:24+00:00"
"b2fc9b5fb462f2a9f711dbcb3f4625496e90e96c.jsonld","https://obis.org/dataset/d71b6687-810e-4234-ae31-386017b5b08a","identifiersha","2025-04-07 08:26:12+00:00"
"b30503265b84fd4d4937f1ac5dae6cd600fe9287.jsonld","https://obis.org/dataset/27d900b5-3e0e-4614-8548-bfeee8302531","identifiersha","2025-04-07 08:23:52+00:00"
"b31625242885c300956523614cc5c72eba9690be.jsonld","https://obis.org/dataset/9ee1b0a5-7bda-4a4a-bbaf-f9542d5c7ce9","identifiersha","2025-04-07 08:27:00+00:00"
"b32375759b5465a17d86ca57963ef40ca81c5f34.jsonld","https://obis.org/dataset/77ba3247-6bd7-41fa-bbb3-0a875d71e56b","identifiersha","2025-04-07 08:26:16+00:00"
"b324f40da573ca2eda14ce982c9555a7005f4d77.jsonld","https://obis.org/dataset/e0a1e1e9-f80b-41d0-bbed-5d7ed4ba4788","identifiersha","2025-04-07 08:25:28+00:00"
"b3297dde09d147717e0106664a617b56021ed182.jsonld","https://obis.org/dataset/61928040-1275-463a-b2f9-98c9acb20934","identifiersha","2025-04-07 08:25:29+00:00"
"b33ac03abbfac8a89765d50ca3861407faae393a.jsonld","https://obis.org/dataset/9c30c528-b4aa-4b3c-b7c2-ff0566ff12ee","identifiersha","2025-04-07 08:23:40+00:00"
"b35b82ace6f7e7339f2a366323079fcd96642a76.jsonld","https://obis.org/dataset/e1df0eb1-0b1e-4f7a-bd85-e3df36bec1e8","identifiersha","2025-04-07 08:22:58+00:00"
"b361a61bb5403d0e658990efb53792aae692eef6.jsonld","https://obis.org/dataset/f65c4c82-9725-478c-bd46-3d90e64454ef","identifiersha","2025-04-07 08:25:05+00:00"
"b3621c026fdc698cd86b8cc2021264d98d337310.jsonld","https://obis.org/dataset/c4e7e0d6-aef2-480f-8157-134bd1c6b229","identifiersha","2025-04-07 08:23:32+00:00"
"b37e60ab5c5e9c2dcf8c36cdd0f4a7bd730a89c2.jsonld","https://obis.org/dataset/b127535b-5dd2-4748-9c78-0817e51a87a3","identifiersha","2025-04-07 08:24:50+00:00"
"b383cb8dce86385b41f3f19864c9bf9f881db868.jsonld","https://obis.org/dataset/60118ee5-87f4-4272-bb7c-53165b2d7b88","identifiersha","2025-04-07 08:25:44+00:00"
"b388255427b82a01b6274f2c22566731b7c645e2.jsonld","https://obis.org/dataset/6b41771f-2194-476d-a44e-9194b3cfaeb3","identifiersha","2025-04-07 08:24:44+00:00"
"b394ea7f9980aafbf6f525f8212f364bccd9f73c.jsonld","https://obis.org/dataset/7f343e51-1dc3-435b-9c5f-cb60d58aee3e","identifiersha","2025-04-07 08:27:45+00:00"
"b3a5cc277bf8d604b49235dee1d9ca8377e9c51a.jsonld","https://obis.org/dataset/1cfbe5d3-7089-489b-9bd4-d3a0d74ba5ab","identifiersha","2025-04-07 08:27:46+00:00"
"b3bd538cf7662903c6fcb007c550c9e1ef1e2f1b.jsonld","https://obis.org/dataset/9a4a4965-94de-46c4-9c35-fe3e815dcc23","identifiersha","2025-04-07 08:24:04+00:00"
"b3c61433057af4e2ca697769449bdfef336d0e08.jsonld","https://obis.org/dataset/6674b962-d4ba-4379-991a-6989a9983191","identifiersha","2025-04-07 08:23:09+00:00"
"b3d343aa7f567287400fde149da6d17fb3284f27.jsonld","https://obis.org/dataset/f4db072d-b163-4e58-acf5-1d1a6b4ddbb2","identifiersha","2025-04-07 08:24:32+00:00"
"b3d45046c4d7d51c721785a8f56c998610840628.jsonld","https://obis.org/dataset/278a2a90-0772-434d-b77e-699b9c93f546","identifiersha","2025-04-07 08:27:23+00:00"
"b3db68bf9cc9d99b043ffc1560ea6c1d57429dba.jsonld","https://obis.org/dataset/4d4149df-2dfc-496a-b164-967f027730cd","identifiersha","2025-04-07 08:27:22+00:00"
"b415e2bd01055656bad99f42baab51ff5f5db922.jsonld","https://obis.org/dataset/1899b433-f6e2-40e4-827c-94d6f59785d3","identifiersha","2025-04-07 08:25:32+00:00"
"b41b421776445b7a077e4c51176a12d75a2325a1.jsonld","https://obis.org/dataset/843ab046-de61-4367-8285-972aff54a3a4","identifiersha","2025-04-07 08:23:52+00:00"
"b41f06a4eed76962a9d511b46e3fa74d1c7d8223.jsonld","https://obis.org/dataset/acf75b45-f320-4a58-a648-fbe2c87dd1be","identifiersha","2025-04-07 08:23:21+00:00"
"b41f3c2b958eea331fbbe3e9cccde405a0a17081.jsonld","https://obis.org/dataset/8a60d129-0504-41bf-85a2-dd969b159497","identifiersha","2025-04-07 08:26:12+00:00"
"b42daa9d778e9445ddb92780e9c79f6d0c8c6de0.jsonld","https://obis.org/dataset/4a384e25-d0d8-4d9b-b4b5-b5a5576f4d2d","identifiersha","2025-04-07 08:25:51+00:00"
"b43c4a076ff5ebd9433bbc2f1c56c4b7fedfdb1c.jsonld","https://obis.org/dataset/ac8a9514-2205-4cde-86ac-b0732a543fbd","identifiersha","2025-04-07 08:25:53+00:00"
"b44d57ddd8d9de49ddd31d4768bcd474486dd7af.jsonld","https://obis.org/dataset/099db653-2c4e-4002-82c4-be5f86f8e315","identifiersha","2025-04-07 08:24:48+00:00"
"b45df6bd15d78314d9dfa95922e957ada223fb9b.jsonld","https://obis.org/dataset/6b40c0b6-0df1-4fea-a2f3-742926ecba0b","identifiersha","2025-04-07 08:25:20+00:00"
"b46e98ab8fb6c1c81a38999f6c78947058d64490.jsonld","https://obis.org/dataset/34f63bb4-6b25-4aa3-9b53-902331e283e1","identifiersha","2025-04-07 08:23:40+00:00"
"b472a5eded6cf5bd38cb3cb79d6cf798cf7ff02d.jsonld","https://obis.org/dataset/6543418d-7af8-4970-b33c-ecdd5d147d8d","identifiersha","2025-04-07 08:28:34+00:00"
"b4846ca33b93a9ddc97cb043f621cf0e62cb0a34.jsonld","https://obis.org/dataset/00e52886-2755-4ac3-888b-d2fcc496a6ea","identifiersha","2025-04-07 08:24:13+00:00"
"b4879a6b1e162c9c3ca04137b06cc0dffc839781.jsonld","https://obis.org/dataset/6412201d-b7b9-4a1c-98ee-d039bd13540e","identifiersha","2025-04-07 08:27:34+00:00"
"b4913b673826baadcceeb10922a995a1cdd71240.jsonld","https://obis.org/dataset/8bc452fd-bf45-4240-911b-0d891428334d","identifiersha","2025-04-07 08:23:13+00:00"
"b493122f8709ed18a55f32b90ab9c61e71a1b35e.jsonld","https://obis.org/dataset/a3e8280e-fc7d-495d-9b76-ded6e8943300","identifiersha","2025-04-07 08:24:39+00:00"
"b49b7bfb1c1e3a54edada1444ca656cf3adbad2e.jsonld","https://obis.org/dataset/cf8dde43-858e-4e8a-927f-53c90ab5cd5e","identifiersha","2025-04-07 08:24:27+00:00"
"b4a32b7a430defa8ec33ac9f8e2e1f1debced9ce.jsonld","https://obis.org/dataset/a8c6fd8c-4b26-4203-8ff7-8d3b7af1b499","identifiersha","2025-04-07 08:27:20+00:00"
"b4b8bf4c4bac5254226cece128d35f1ba1c61f9b.jsonld","https://obis.org/dataset/a997444d-a449-4b83-a321-2ff40151b215","identifiersha","2025-04-07 08:23:43+00:00"
"b4d51b2b6a200c66791b6a8ba585851dcaeaa569.jsonld","https://obis.org/dataset/f8c7c1d1-08f9-41ec-938f-d600583f9cb3","identifiersha","2025-04-07 08:26:42+00:00"
"b4f02f45caa63ef4599eae2c93268e4c8fe757a5.jsonld","https://obis.org/dataset/9b59ad34-7db3-4ec1-aa19-43de2f33c629","identifiersha","2025-04-07 08:27:17+00:00"
"b4fad2c0aa30ce5bb4e3b19f4e4f117b4582cc34.jsonld","https://obis.org/dataset/663f28be-5f58-41e8-99f4-6f83ae2f8d13","identifiersha","2025-04-07 08:27:35+00:00"
"b50de91e1a2f2b0fff1e519f3707c9eb7e9503a4.jsonld","https://obis.org/dataset/a9d7257e-9eac-40a2-b100-2713076d6826","identifiersha","2025-04-07 08:24:17+00:00"
"b526b6e0b9cc77db1a08482258e4ebb96425798d.jsonld","https://obis.org/dataset/29ea15ed-8f76-40ca-bd14-58c62e10b2ef","identifiersha","2025-04-07 08:22:50+00:00"
"b55da4eeaa179ce5fe7406f4cd79349ea2269e66.jsonld","https://obis.org/dataset/0ca901d4-bdc3-4136-8a66-6028f4c3ba40","identifiersha","2025-04-07 08:22:30+00:00"
"b57fbb9249b5d4ef6841c5e278f7b0fe044a3d82.jsonld","https://obis.org/dataset/8f72cf3f-5562-4be0-b0ad-c248f4fd211b","identifiersha","2025-04-07 08:23:26+00:00"
"b58daa258d3f8dada702fbc0d016db2a5df34af2.jsonld","https://obis.org/dataset/9410cb01-d9b3-45a4-8d10-2a9bf1a22658","identifiersha","2025-04-07 08:22:53+00:00"
"b59571eeb2fb56b9f2ea6806a270e51de117129c.jsonld","https://obis.org/dataset/5e6c346b-1329-4a5e-8cc9-76574af97f8e","identifiersha","2025-04-07 08:28:20+00:00"
"b5a16ca7ac8957a33ca92c7d3fe5fa4773d1b14a.jsonld","https://obis.org/dataset/ecd5bbe8-8302-40d1-b32b-581fb8a7d971","identifiersha","2025-04-07 08:25:31+00:00"
"b5a301dee80b592e8dd6f35d58e1f2f6c9d9e204.jsonld","https://obis.org/dataset/1c90a4c0-42c9-4b8d-a0c6-3a48fd5ea993","identifiersha","2025-04-07 08:26:08+00:00"
"b5a622a13133bb3f33579d5a6a66d81d9da6cfde.jsonld","https://obis.org/dataset/a79f365f-e0ad-4fbc-8396-0c5998776423","identifiersha","2025-04-07 08:27:43+00:00"
"b5b2e71ac2ca81181a8872283ffffab549399aeb.jsonld","https://obis.org/dataset/29085f95-19fc-40f5-9e8c-4b566bfd240d","identifiersha","2025-04-07 08:23:29+00:00"
"b5c9ad80ca0ed749e7245550f655cd1ddac30275.jsonld","https://obis.org/dataset/6e9a472d-7220-4349-913e-c459f7b4d696","identifiersha","2025-04-07 08:25:46+00:00"
"b5dc59d040e044b1f6e0160c5772ea18ebfbc515.jsonld","https://obis.org/dataset/2a759b9c-9fd3-4065-8b78-deef64aaf50c","identifiersha","2025-04-07 08:26:42+00:00"
"b5e3ac89a1365ec17835c5167b2bb1941c38e154.jsonld","https://obis.org/dataset/d1ac76ec-bba6-4eaa-9de7-464d6b3617c9","identifiersha","2025-04-07 08:24:15+00:00"
"b5f01bc723553c1ce60abf6e293abc4cc75e7cc3.jsonld","https://obis.org/dataset/a4f570e7-943a-4715-9ac3-d402690e2fe9","identifiersha","2025-04-07 08:28:30+00:00"
"b5fc0d71768e5de80543275abf9ed46fb2056e5d.jsonld","https://obis.org/dataset/3e266456-c269-4007-b0d3-1a51926d817b","identifiersha","2025-04-07 08:26:09+00:00"
"b604ef769f188e87311e10312ca19d46ad10e616.jsonld","https://obis.org/dataset/022709a2-922a-4295-ae54-0538d6a04e10","identifiersha","2025-04-07 08:25:45+00:00"
"b6082c366077088ecd235db422b87b31cebd2f88.jsonld","https://obis.org/dataset/1ad423c7-dba3-426f-b814-f0808413a708","identifiersha","2025-04-07 08:23:00+00:00"
"b609030a4dfb8dc8ea19f20c3e34c6d9db44faa9.jsonld","https://obis.org/dataset/45e4536f-5d11-41a6-be5b-464653e419f1","identifiersha","2025-04-07 08:24:52+00:00"
"b60e1583c03008e79eb83c4fa7d92ac9d6e5ed02.jsonld","https://obis.org/dataset/cc987509-4296-400e-a761-f4d4c91785df","identifiersha","2025-04-07 08:22:51+00:00"
"b6127cf48184c12659cf3360eff81e5fa17aa2ee.jsonld","https://obis.org/dataset/0b91d8f6-a50e-44e4-b313-0df7f91f7483","identifiersha","2025-04-07 08:25:27+00:00"
"b62c0ac4f8c5c76a8a285c3f105749705183f0dc.jsonld","https://obis.org/dataset/94ce69e6-6cc8-4f51-a804-8b9268238cdf","identifiersha","2025-04-07 08:25:38+00:00"
"b63f860bef06c636e46f6775f5f1390f7efd84eb.jsonld","https://obis.org/dataset/befd3ee1-5957-4884-a286-00d41069b38f","identifiersha","2025-04-07 08:23:56+00:00"
"b642ec10d49d93ec24f86d3e22f9d8db7d189441.jsonld","https://obis.org/dataset/265f17df-a0cd-4da1-8b5c-850124e1a2bc","identifiersha","2025-04-07 08:25:07+00:00"
"b648fb9f4ee0db96bdb00cee55511abedd7ee95c.jsonld","https://obis.org/dataset/f3748c6c-54d6-4754-849b-96c68086dcab","identifiersha","2025-04-07 08:23:16+00:00"
"b64e7036a1c083ea143542d861d6c6cc87dfbfba.jsonld","https://obis.org/dataset/3c8f9b5f-8d5f-4978-8848-199768739f69","identifiersha","2025-04-07 08:26:59+00:00"
"b651e6a5a39a3b22199df4ae46aa4794ccae4911.jsonld","https://obis.org/dataset/7c7c271a-edec-4013-b39b-b6b4feac8997","identifiersha","2025-04-07 08:27:40+00:00"
"b652cb6072f9e1dedb6e91364386c354e06b975b.jsonld","https://obis.org/dataset/196361f9-ffa4-47a7-92a0-22f7a5aee59e","identifiersha","2025-04-07 08:28:25+00:00"
"b65a70ca01cad52d43aba1c1b44467f3b5baf400.jsonld","https://obis.org/dataset/1ed6515b-6587-448b-8987-1646acbb4641","identifiersha","2025-04-07 08:23:59+00:00"
"b65bcc82e73f56393ac0f1b9f90a7ce8587477c0.jsonld","https://obis.org/dataset/1701dd73-9a96-48c8-9049-e5b1ca3c6993","identifiersha","2025-04-07 08:22:46+00:00"
"b65df6309e5b66dcb9cb48ee6e684b89a2f6b923.jsonld","https://obis.org/dataset/e0d62e51-9cd3-4f53-adb3-fd850e4cf978","identifiersha","2025-04-07 08:25:06+00:00"
"b671cc77db2017118cbfb61dc25c8f05ce6cf844.jsonld","https://obis.org/dataset/1141b06c-205d-4452-b2de-6cc32eb79711","identifiersha","2025-04-07 08:23:25+00:00"
"b67ce96a1b865208169991c55c00dcf8c37100dc.jsonld","https://obis.org/dataset/2d60dbdc-e801-4c66-991e-d484e8b08227","identifiersha","2025-04-07 08:23:46+00:00"
"b683e3b8f61f90d32b3b24a40f475ce82fd15190.jsonld","https://obis.org/dataset/c07f3759-f350-4fed-856e-efda91fc4bfc","identifiersha","2025-04-07 08:26:09+00:00"
"b689f944e2969e83b076e12987af6cee9de0329f.jsonld","https://obis.org/dataset/98861cd3-daf5-4da9-9eca-d442d652750d","identifiersha","2025-04-07 08:23:14+00:00"
"b68a7166c7c74e5c62ba549a84f723a13eee6657.jsonld","https://obis.org/dataset/69e2252e-a3a6-4518-90a8-dfd53e462adf","identifiersha","2025-04-07 08:24:14+00:00"
"b696c0cb8419c4117b7e172ae196517b103a69ae.jsonld","https://obis.org/dataset/a2446547-4c94-4df3-a6dc-ccfcdcbb4596","identifiersha","2025-04-07 08:26:44+00:00"
"b6c4a63314fc6ad51fe6cccaf50151f03289f8ff.jsonld","https://obis.org/dataset/fc3e8883-7326-497b-a556-25871b85ec98","identifiersha","2025-04-07 08:24:22+00:00"
"b6c736d8c6f050f949fa4108ec667ea7aef5fc43.jsonld","https://obis.org/dataset/8363c499-4b22-4691-a9e3-eb517d0aac19","identifiersha","2025-03-24 00:42:50+00:00"
"b6d95af15a16d48cf6ebcfacc50dea4be55dfd13.jsonld","https://obis.org/dataset/bb0b9375-c875-4cb6-8889-6f783e1015be","identifiersha","2025-04-07 08:22:36+00:00"
"b6f72b8a6d349d778b9d3899360fa9e90d40a4d4.jsonld","https://obis.org/dataset/0a9b3c48-af3d-424f-b175-c8444ce202d5","identifiersha","2025-04-07 08:26:08+00:00"
"b6f79d20d38140e8c7e38196f46ce5f4a98a4b47.jsonld","https://obis.org/dataset/973f10ee-7350-4966-96ca-16b960781394","identifiersha","2025-04-07 08:26:47+00:00"
"b717cce048333abea2af4f5d0a66f869b81c2420.jsonld","https://obis.org/dataset/08709260-0555-4b50-9a44-162fb154a298","identifiersha","2025-04-07 08:24:45+00:00"
"b721e31bbb79b0cf62de77578e2391c68cd202ff.jsonld","https://obis.org/dataset/5a6bb73e-8780-4859-ac05-84eb3875b930","identifiersha","2025-04-07 08:26:31+00:00"
"b72b7785bd772843a5dd929f313a0bec5c40349e.jsonld","https://obis.org/dataset/50c99884-c1d7-4404-ade7-60b84acb5b46","identifiersha","2025-04-07 08:24:59+00:00"
"b73f6f052386bde909a303a69b5e0584a6fa88c3.jsonld","https://obis.org/dataset/364d246e-08b2-4b52-b755-696e55321084","identifiersha","2025-03-24 00:40:04+00:00"
"b74439c5da05767f402e79c73f3f2ed01393ac56.jsonld","https://obis.org/dataset/6bdecf48-3df5-47a8-945d-7f1db611bfd3","identifiersha","2025-04-07 08:26:45+00:00"
"b74764f7a2df32259bfe50107a0f514a2e637997.jsonld","https://obis.org/dataset/f1f5f754-bf90-4cba-9947-bdd9632f0360","identifiersha","2025-04-07 08:25:39+00:00"
"b74d52f3cd4efa91cbb06149d1cc22d19ea507cf.jsonld","https://obis.org/dataset/8a709617-5b83-48a3-bc1e-d3bbd2476ef6","identifiersha","2025-04-07 08:24:57+00:00"
"b751b78ff9cd5ec6e862da27e9843ff18181a48a.jsonld","https://obis.org/dataset/5faafe36-622d-415e-8349-07ddf5fce40c","identifiersha","2025-04-07 08:28:23+00:00"
"b75b351d0757dba56a2ad161a3a90286584a7f3f.jsonld","https://obis.org/dataset/c393d973-4791-45b8-bb2b-a97879a6b9cb","identifiersha","2025-04-07 08:26:58+00:00"
"b7622b1dcd6ce6a35bdd36be690bd81d1820687a.jsonld","https://obis.org/dataset/a8670051-b02c-4f6f-974d-caddc73b95ab","identifiersha","2025-04-07 08:25:31+00:00"
"b7703b09102aa8d43204413a43265c841f3cf6b6.jsonld","https://obis.org/dataset/4e1d3863-439e-4017-bcd7-c52b4677f952","identifiersha","2025-04-07 08:28:02+00:00"
"b77c85e6743aef54fd633bad058ceaeef09728b1.jsonld","https://obis.org/dataset/9087a3e9-4982-4233-b3b0-81ebb945092f","identifiersha","2025-04-07 08:24:25+00:00"
"b7854964ff129fa6adf7dbedc7a03e50a490d2ba.jsonld","https://obis.org/dataset/e83eb96b-fdc0-4031-abc9-bc6e79ca7eb9","identifiersha","2025-04-07 08:24:52+00:00"
"b7a93bc6ae1cedf8db8b15748c6795d35b6863db.jsonld","https://obis.org/dataset/0e34a98a-0620-42f4-89f0-494166acc80d","identifiersha","2025-04-07 08:27:49+00:00"
"b7ac693542c6ade34216f3b38f89f9f9974b12f2.jsonld","https://obis.org/dataset/2e471257-d3af-40f7-ba72-fccdb460fc2b","identifiersha","2025-04-07 08:26:26+00:00"
"b7b8a31dc851cff7006805f730ee31a2dc535dec.jsonld","https://obis.org/dataset/3baccff9-ea0e-4b9c-9063-c7cde5c287b1","identifiersha","2025-04-07 08:22:59+00:00"
"b7cbf5b5259276dbcec6dcc9928d118e052dcab1.jsonld","https://obis.org/dataset/01222525-5c04-4735-8eaa-d31533a48c4f","identifiersha","2025-04-07 08:27:04+00:00"
"b7d0d68fe441e2639d1b9a22eb72b785f393dfe9.jsonld","https://obis.org/dataset/33946338-910d-4306-b8af-0a6767eb6da5","identifiersha","2025-04-07 08:27:30+00:00"
"b7d781446bc677298691a9b1c366cbdfed146c23.jsonld","https://obis.org/dataset/669598f8-9875-43d5-96d5-a8404904002d","identifiersha","2025-04-07 08:26:09+00:00"
"b7d99f2d6ec59f96200f95cf3a5136814ca29ee2.jsonld","https://obis.org/dataset/d338c518-7193-47a1-8922-bc71b54849f5","identifiersha","2025-04-07 08:22:37+00:00"
"b7e0fc8568cf2b0d9b13ae99d837a50816626e0e.jsonld","https://obis.org/dataset/cfcd9add-85e3-42cb-b162-72a7e915d0d5","identifiersha","2025-04-07 08:27:47+00:00"
"b7e27ab0d653d1b6a20076f0d3c35584403540f8.jsonld","https://obis.org/dataset/c9171650-c1fe-4b17-ab64-32b883fd738d","identifiersha","2025-04-07 08:27:50+00:00"
"b7e280d51b94e86cd1f2297d0adbc347f7b8d4cf.jsonld","https://obis.org/dataset/f4d10bc7-1c69-49fc-90bf-403956bc0a67","identifiersha","2025-04-07 08:24:58+00:00"
"b7e605c8edb5fca6f068a797484d20ca6d9fea28.jsonld","https://obis.org/dataset/73591999-80e3-40c3-bcc4-d9a1cdba9e5d","identifiersha","2025-04-07 08:28:21+00:00"
"b7eb1caf78d006fe67a7dcbef758cf6566464e96.jsonld","https://obis.org/dataset/9020b09b-3c5c-499c-bc0e-db1eed985dc6","identifiersha","2025-04-07 08:28:09+00:00"
"b7ec5ba504ad704b2fca7ddeed8d7586ed08b0ae.jsonld","https://obis.org/dataset/f8bc2208-3ebe-4ecb-83bb-0617e5da4465","identifiersha","2025-04-07 08:25:18+00:00"
"b7f86e69ffed05a9db3afce38a9f04b0cb9cddc8.jsonld","https://obis.org/dataset/fecb2219-2c7d-4324-8a13-e95fe552a743","identifiersha","2025-04-07 08:27:44+00:00"
"b815bce8393b8155bc67672fe4f27dd7bdfa46b0.jsonld","https://obis.org/dataset/a4a3166a-c3bc-4203-bc19-b3d0cdebe20e","identifiersha","2025-04-07 08:24:30+00:00"
"b8295e73dc2e8b1981bbc93eecebda6642c7e719.jsonld","https://obis.org/dataset/38aea86e-6cfc-4fe0-b385-dc5bd6192014","identifiersha","2025-04-07 08:24:29+00:00"
"b834a312e3547ba4d6ccc456be3b9ae5a996800c.jsonld","https://obis.org/dataset/6af36a30-51ee-47a9-b179-7eb12d299814","identifiersha","2025-04-07 08:28:03+00:00"
"b84a97b0f20c9f17408f09e5374e879db6b4ae36.jsonld","https://obis.org/dataset/55013baf-995f-4529-a764-e0c456cf4d2a","identifiersha","2025-04-07 08:22:56+00:00"
"b85f2b94e538f2bb196b8b94208bdef4e39b029d.jsonld","https://obis.org/dataset/db07ed8a-5f8a-436a-8b3c-5d63e93b6d84","identifiersha","2025-04-07 08:25:47+00:00"
"b868766d4e61779a86b48111e8f549596085452e.jsonld","https://obis.org/dataset/6854d25a-0928-4f66-b710-e95e3ab6f173","identifiersha","2025-04-07 08:26:45+00:00"
"b86c4f34f3929b0d101a9523c57a9eb963ea82c0.jsonld","https://obis.org/dataset/9be8f8cc-71e8-443b-91d2-2d09ad517a56","identifiersha","2025-04-07 08:28:00+00:00"
"b870faee574a04d1fc37a5474b7dc4d18fd82849.jsonld","https://obis.org/dataset/daeb7864-98e9-4441-95e5-c5544995acc6","identifiersha","2025-04-07 08:24:31+00:00"
"b87f73e40de6b31fa4d271bb250e0b62d79f763b.jsonld","https://obis.org/dataset/27ed4683-952b-4857-b5a0-568c7a88fe8d","identifiersha","2025-04-07 08:27:41+00:00"
"b893f19faf95f03dff1fc2e8854a2ca0a426fafb.jsonld","https://obis.org/dataset/ca64fd48-f5b2-4f61-8944-5d0c924b51ff","identifiersha","2025-04-07 08:24:15+00:00"
"b894116518d3581fa8d172bacae25874aa253658.jsonld","https://obis.org/dataset/f3b8b96a-432b-45db-a85c-ecc93def2240","identifiersha","2025-04-07 08:23:49+00:00"
"b8941f9c4977274edcb03e900321a4a83aea8d7c.jsonld","https://obis.org/dataset/edc098b2-8b70-4f61-a86b-4955414bdd07","identifiersha","2025-04-07 08:26:58+00:00"
"b8a178ff6f35100cd010484e405f8e4ad49679f6.jsonld","https://obis.org/dataset/69be003f-bb8e-4bdd-ac63-6d2dcc119222","identifiersha","2025-04-07 08:24:50+00:00"
"b8af8a219cc24ad7b137547afa2000d9c91b48b6.jsonld","https://obis.org/dataset/efea09e1-3eb3-45bd-a3bc-64fd4bc23b0e","identifiersha","2025-04-07 08:27:51+00:00"
"b8b7d8cf407bd99d2636261d315b85e2830ed2c0.jsonld","https://obis.org/dataset/b8b1f74c-ce86-4f50-af0f-9cf2caaed5df","identifiersha","2025-04-07 08:28:04+00:00"
"b8c3a2a3c40dffe81377fabe0644a5d94bee58ff.jsonld","https://obis.org/dataset/c118a881-ffd3-4226-995c-699635d5a7d1","identifiersha","2025-04-07 08:26:23+00:00"
"b8d68f8e37b7d9faf4424939b5a38b7f80e84446.jsonld","https://obis.org/dataset/f31c578f-a462-45c6-81d1-14d412f7f92f","identifiersha","2025-04-07 08:26:21+00:00"
"b8e686ab0c5381185a0ae6918cc0e55410f0323d.jsonld","https://obis.org/dataset/8398818c-ec7e-4539-a6e3-59e2146fcb09","identifiersha","2025-04-07 08:22:55+00:00"
"b915502f323eb6aff9c490c6b192cce77cdfff4c.jsonld","https://obis.org/dataset/389e598b-b031-4e03-8290-ad73ee190dca","identifiersha","2025-04-07 08:25:13+00:00"
"b91df2d66537f2735d1ad1bd1417abb39b8dd8b6.jsonld","https://obis.org/dataset/e1a3fcee-02f7-40d6-a22f-d93cdd52413d","identifiersha","2025-04-07 08:27:23+00:00"
"b922493ae2a60bc20b1f6d08a6f0b99a3682604b.jsonld","https://obis.org/dataset/97a463ca-88d1-4a69-86cc-7ef98bfda4f3","identifiersha","2025-04-07 08:24:20+00:00"
"b92408a8ef76305fbdea88a188bb27deceea2008.jsonld","https://obis.org/dataset/a4f4931f-7036-47db-9a59-a89fac1501af","identifiersha","2025-04-07 08:25:23+00:00"
"b92530d389b0715510fb6e37a979258143de3c4b.jsonld","https://obis.org/dataset/4a694757-eec3-446a-b730-c3bea4c479e3","identifiersha","2025-04-07 08:24:55+00:00"
"b92a8b4f5518fe92edbd12b7f54e0b7d1af20c95.jsonld","https://obis.org/dataset/e03f8301-c5ce-4ed1-8dd7-c6b982707734","identifiersha","2025-04-07 08:26:58+00:00"
"b931a018700ad26d624d1b0360b097deaa13fd1f.jsonld","https://obis.org/dataset/b22974a9-bc58-40b5-b5e8-0d34678f089e","identifiersha","2025-04-07 08:26:03+00:00"
"b94686e253d2dbae0449c5d656a1310bc7a72d7c.jsonld","https://obis.org/dataset/5d3b9575-1100-48c7-ae67-4e9ac3d78e34","identifiersha","2025-04-07 08:24:36+00:00"
"b94cebc67fa2c5d88a102193752ce931ce9b5932.jsonld","https://obis.org/dataset/cbe5c6ff-26f1-460d-8aee-557cb911a9bd","identifiersha","2025-04-07 08:23:57+00:00"
"b9558cdaa3ea6096d8cb291b63fa47e9851df005.jsonld","https://obis.org/dataset/9ae75ff2-5796-4791-8db9-eb77e3767e05","identifiersha","2025-04-07 08:24:03+00:00"
"b970072256485aed351f8cdb4c41130df5c50dca.jsonld","https://obis.org/dataset/528c565f-fdad-4638-b1a1-3fb385d4ac1f","identifiersha","2025-04-07 08:26:09+00:00"
"b974a399aca8f5ec7d306eadafb57878eee9f91f.jsonld","https://obis.org/dataset/0c3a3496-6dce-4ee7-89bb-3af910a7314a","identifiersha","2025-04-07 08:27:33+00:00"
"b98b63b392bf56a902e036393b32a5f71d8ac418.jsonld","https://obis.org/dataset/fcb2a1bf-d057-469e-ae1e-5b734d6b0a9a","identifiersha","2025-04-07 08:24:18+00:00"
"b9983990cde458cbf582a6c6340052ed55249bce.jsonld","https://obis.org/dataset/849d1641-b8d5-4aeb-b534-94c2e1a844c6","identifiersha","2025-04-07 08:25:34+00:00"
"b99c96ba4e06085100c414ba3ed923829a7395c7.jsonld","https://obis.org/dataset/832f6885-22c2-446f-804e-eeb53dc6dd1e","identifiersha","2025-04-07 08:26:40+00:00"
"b9bd96a55c0faff895214dbb41aea1c518feb9cd.jsonld","https://obis.org/dataset/9a5e999d-7ee3-4eae-845d-ada01b1d8883","identifiersha","2025-04-07 08:28:07+00:00"
"b9c6ad3f0790f4cb3378943f3ea44febd8c65b32.jsonld","https://obis.org/dataset/51ad436f-7102-4889-bbf6-82cca386ddda","identifiersha","2025-04-07 08:26:43+00:00"
"b9c932f525d54b9d6eb578ae1278515e7b63214e.jsonld","https://obis.org/dataset/b03e45b9-d481-46ea-87f4-d79869c608ed","identifiersha","2025-04-07 08:26:17+00:00"
"b9ccae3e56d83b14267a05e0b1706b53952c9c43.jsonld","https://obis.org/dataset/98ea98e8-356b-4dd5-87c6-4eeb7e3cf588","identifiersha","2025-04-07 08:26:57+00:00"
"ba189a5b055c02d2bce108594e22a3abe625b1ea.jsonld","https://obis.org/dataset/d79dbddb-aee1-4e33-82ef-58004f6603d7","identifiersha","2025-04-07 08:24:49+00:00"
"ba23de2ccdc2642d9fe37c641550611e69f3136d.jsonld","https://obis.org/dataset/310aaf6f-15c2-4c12-b684-1e3e5da8457d","identifiersha","2025-04-07 08:24:45+00:00"
"ba2eb99a70529c2739731f932053024808d04e77.jsonld","https://obis.org/dataset/fb706b08-4826-485e-abfa-cd96905d8e3e","identifiersha","2025-04-07 08:25:28+00:00"
"ba34042804995b12f374c94f00b5f4a83b300fba.jsonld","https://obis.org/dataset/3cecbe9f-f57a-43b9-9480-05e97f6c8eab","identifiersha","2025-04-07 08:23:31+00:00"
"ba4ce8f8802cbab64ee048ce7ee40ef2457b2f1a.jsonld","https://obis.org/dataset/35cf7606-3a66-49dc-8f88-6ffc452d25db","identifiersha","2025-04-07 08:28:12+00:00"
"ba5b20580a570ecfcaeec9285262d17e87141f77.jsonld","https://obis.org/dataset/39566040-b33b-44f5-ad5a-d0bb8e4e9235","identifiersha","2025-04-07 08:27:48+00:00"
"ba5d4424264aace51d31c3623d99b4c02f604bdf.jsonld","https://obis.org/dataset/7707309d-37c4-4bd9-ac24-361aa328256c","identifiersha","2025-04-07 08:26:12+00:00"
"ba60829d43274a3efa3589c8704f090b3691b632.jsonld","https://obis.org/dataset/3efdd6d8-7dd3-427c-ac08-ecdc94c15919","identifiersha","2025-04-07 08:27:02+00:00"
"ba76ca1f28f1bf665be8ad1b0c386c84192bf5e3.jsonld","https://obis.org/dataset/6051a664-1504-401b-97a8-a3e508abe5e7","identifiersha","2025-04-07 08:28:19+00:00"
"ba8c4c7e58843461045e09840ab2ba73ca4065f8.jsonld","https://obis.org/dataset/adf46c2b-1b5d-40c5-aaec-a738d21a396f","identifiersha","2025-04-07 08:26:43+00:00"
"baac3cfafcd98e9f2c4aec0e4dbeaeac5786bd9a.jsonld","https://obis.org/dataset/d1001fdc-d4a2-4d01-bcd2-2e122f2ca537","identifiersha","2025-04-07 08:22:43+00:00"
"baaf51f8851bcf3a2805e6f033f5c07a51d55f2e.jsonld","https://obis.org/dataset/56ac6ba0-e7b7-4526-91cc-5f957fad1c1d","identifiersha","2025-04-07 08:28:09+00:00"
"bab34c23410602683ee5db95560c70553c589cde.jsonld","https://obis.org/dataset/81db945e-d319-4237-b49e-cd3e78937393","identifiersha","2025-04-07 08:23:14+00:00"
"bab82fa3fcfc0298b9b8e42e299ad45178a9b42d.jsonld","https://obis.org/dataset/543db3ca-ac6f-487f-86af-d9580d69c1db","identifiersha","2025-04-07 08:28:06+00:00"
"bae2a62c1c98089b1da4bbb7d21b439fd5edda27.jsonld","https://obis.org/dataset/1ccabdb8-c04e-4ef0-a796-41eeb89eabd4","identifiersha","2025-04-07 08:26:09+00:00"
"baf1bebdef9a573c5f6095c73386450f38c1621b.jsonld","https://obis.org/dataset/1db8529d-d3b2-41f0-8372-18e99366e7f4","identifiersha","2025-04-07 08:23:33+00:00"
"bb086778918ae7da10b1f1df49c171c8aa66c903.jsonld","https://obis.org/dataset/955179d9-77a5-4bdf-a796-1a3d1ee4b2b8","identifiersha","2025-04-07 08:23:00+00:00"
"bb0b0f8ca189c67a1325e2ca10398505270f6057.jsonld","https://obis.org/dataset/2c6aa97e-e886-4564-a55a-48e2e506f014","identifiersha","2025-04-07 08:22:34+00:00"
"bb0cb0948b70a641092bd4bea340358e137a4e32.jsonld","https://obis.org/dataset/3be91cf5-35bc-4e08-aa60-836b6ca47d6d","identifiersha","2025-04-07 08:23:22+00:00"
"bb20af7e9e987f306013acc5a31e0494b1358d1b.jsonld","https://obis.org/dataset/ccfd7493-3a86-49c2-abfb-e7625f78d3ce","identifiersha","2025-04-07 08:26:28+00:00"
"bb358f2732bf279451ff917a128d9c5731e6461f.jsonld","https://obis.org/dataset/aefc0943-90a0-4b2b-9689-3d88711d945a","identifiersha","2025-04-07 08:28:14+00:00"
"bb377a75db5f309c74264ab58dc01aa6a5e6a6ed.jsonld","https://obis.org/dataset/2a17430f-ec53-44dc-b09b-5a1d252820c0","identifiersha","2025-04-07 08:23:53+00:00"
"bb3bf89eb5fcaab8da0e66c44afd85be00e0daef.jsonld","https://obis.org/dataset/e11e01bf-a855-47ea-95f0-d96fe8e50ca8","identifiersha","2025-04-07 08:28:09+00:00"
"bb4594a2130566960651f32b9848b29dbb907179.jsonld","https://obis.org/dataset/7a5cbf67-fbe0-4828-85a5-52b629d01d4f","identifiersha","2025-04-07 08:28:20+00:00"
"bb4f3aca2508791e2c49663b7e84c4cb8d10d40a.jsonld","https://obis.org/dataset/e29c657f-3754-4f34-8ee8-ee15c26fb8e7","identifiersha","2025-04-07 08:28:15+00:00"
"bb5919adb3c60e95be25e336da4f333a82f16d08.jsonld","https://obis.org/dataset/d69eb127-cb98-49e3-9657-538417957f78","identifiersha","2025-04-07 08:25:09+00:00"
"bb5ae0cd45dad6fdb3f653150c9c08813363df98.jsonld","https://obis.org/dataset/71b4648d-70b2-4a95-8ac2-02d449fd0777","identifiersha","2025-04-07 08:27:21+00:00"
"bb620f6086e5c8f22b0633eb14d63c9fab8de3fd.jsonld","https://obis.org/dataset/5ea4f836-9e28-4542-ac4a-af10630fbb7a","identifiersha","2025-04-07 08:23:09+00:00"
"bb6aaf7c734940f58d3ed905078b7d682fe3ac9c.jsonld","https://obis.org/dataset/fa7a9686-809f-4e58-896c-ecd3f0ab2971","identifiersha","2025-04-07 08:27:59+00:00"
"bb6bf6935702ba95ed7f5db125a41463fc9c95a5.jsonld","https://obis.org/dataset/6b3640e3-b502-4648-bd10-9f7f5b00b9d5","identifiersha","2025-04-07 08:26:41+00:00"
"bb7ccb66f2a21b23706154546b04ff92e4bdab6b.jsonld","https://obis.org/dataset/d185e4ea-16ee-4af3-8487-eaf04dc38d39","identifiersha","2025-04-07 08:25:51+00:00"
"bb7e0d39591c528654cfec3ecef259bae0862368.jsonld","https://obis.org/dataset/d69a1913-4536-4e23-ae6b-911c6359cc61","identifiersha","2025-04-07 08:22:29+00:00"
"bb86521e98bf2a9e0f17c3842740315c2aada49c.jsonld","https://obis.org/dataset/63cb90c7-6607-46b6-8472-d6d7b14a95a5","identifiersha","2025-04-07 08:23:21+00:00"
"bb8d9115bbc9bbe84865dab8ca45382d0355d014.jsonld","https://obis.org/dataset/7238ea93-4e76-463a-82c7-e063157e05a7","identifiersha","2025-04-07 08:23:03+00:00"
"bbaa821d172b1e64f8a5025c6d3356e8b7d732f8.jsonld","https://obis.org/dataset/8bc43e21-bb24-4ea4-a745-1d273b956869","identifiersha","2025-04-07 08:28:26+00:00"
"bbae661c75cd1b9bb1e9cf40eb6c462276d3f8d7.jsonld","https://obis.org/dataset/db7e5bbe-3e2a-42f0-8ba1-79984858fde2","identifiersha","2025-04-07 08:26:58+00:00"
"bbdce6ffeb34987630c563120ab0d95590902af3.jsonld","https://obis.org/dataset/1ebaca7a-e4b9-4519-9b1d-c89fd3ecb5e8","identifiersha","2025-04-07 08:28:33+00:00"
"bbe49d12080192d4239eb99c70619516b7fdf0f1.jsonld","https://obis.org/dataset/1058cb10-c377-4fa0-984f-4fa9a2e92baf","identifiersha","2025-04-07 08:22:45+00:00"
"bbf9fa3d8b2317bb97c16e02b7996e27bac4825e.jsonld","https://obis.org/dataset/8e8fa6e1-42c5-4793-bb2d-1ec67b670787","identifiersha","2025-04-07 08:23:42+00:00"
"bbfb3b42d193eb825e21d697b0138e5e34bca1e2.jsonld","https://obis.org/dataset/132cfd6e-097d-4ee4-b737-58a596dcbe27","identifiersha","2025-04-07 08:23:17+00:00"
"bc041ef43166852fdbbdce0e1713b0920f448cc5.jsonld","https://obis.org/dataset/08124763-5f33-485d-a3df-b6d502989ba4","identifiersha","2025-04-07 08:27:01+00:00"
"bc0687c844b5d2635b91ca606b1ddc079cc09571.jsonld","https://obis.org/dataset/f7d3a461-dc12-4806-8720-9ff03665d93d","identifiersha","2025-04-07 08:27:00+00:00"
"bc0a880c5d921cd56999ff45edbb2d9261b2798a.jsonld","https://obis.org/dataset/b8ec33ae-4d39-4195-9a02-b89fe939baa5","identifiersha","2025-04-07 08:26:33+00:00"
"bc2f4f91205321f3f59f310ad7ee3d6e42047f12.jsonld","https://obis.org/dataset/5eac814b-30d8-436c-a2a2-963efd0aa7a6","identifiersha","2025-04-07 08:23:44+00:00"
"bc3c1a332b7748fadbc868f39ed8156f0faa6307.jsonld","https://obis.org/dataset/c18842f2-20dd-4ac5-a443-ccab785e1fae","identifiersha","2025-04-07 08:25:54+00:00"
"bc662a0b6fbce3d0de2bf57774d56ba0432e3197.jsonld","https://obis.org/dataset/5dfe360f-13ff-4066-9c87-794209522e2d","identifiersha","2025-04-07 08:23:14+00:00"
"bc6a88bd93bc4af0d0add6d016371e9ef99a5bfa.jsonld","https://obis.org/dataset/210f1cc3-ac90-468e-9701-67cfae734ac6","identifiersha","2025-04-07 08:23:35+00:00"
"bc6c958d00dfed0a0ff713062a09c37af3761cf4.jsonld","https://obis.org/dataset/43ccce83-1c48-42ee-8d44-cc84175f635c","identifiersha","2025-04-07 08:27:34+00:00"
"bc796808e833048d0b824a7cde6fd9ec075c725b.jsonld","https://obis.org/dataset/be8b6264-6dcf-42d1-95bc-cb048ca1fe0f","identifiersha","2025-04-07 08:25:15+00:00"
"bc7aaaa1e6ce8d0e2e718733089f13e4dfa3616c.jsonld","https://obis.org/dataset/17e27612-3f11-41b1-8080-bbbc886145e4","identifiersha","2025-04-07 08:24:13+00:00"
"bc7e10b06dfdeaadfb43b2a581a7d4d5d1b5c1d6.jsonld","https://obis.org/dataset/fbfac8c0-0881-4866-a0e0-297022c8999b","identifiersha","2025-04-07 08:24:50+00:00"
"bc7e9fc1a67a5604cca4e4e883c6741b3bb1cc77.jsonld","https://obis.org/dataset/a7e4c440-295f-4fc6-bd95-ddec607d2751","identifiersha","2025-04-07 08:25:18+00:00"
"bc81c52db8d3a6f8b1c9efe3c10a26e81255e010.jsonld","https://obis.org/dataset/16ddcdde-86d8-4b53-8305-7de016c0d201","identifiersha","2025-04-07 08:28:38+00:00"
"bc84b883fe94c8d484ce4a42d9a8bffa288fc108.jsonld","https://obis.org/dataset/5a0f9397-f785-41af-9ad0-8cd288b84d18","identifiersha","2025-04-07 08:27:08+00:00"
"bc8c12e5ac93348457acfe462b2563f3f328c935.jsonld","https://obis.org/dataset/35388ea8-2f75-4a9b-9e7d-6bec69dbd72d","identifiersha","2025-04-07 08:24:39+00:00"
"bc94ac09ceb4318fa838bd8fbd9bb5cf03233843.jsonld","https://obis.org/dataset/d98337e1-977f-4e4c-bd02-ae0aa69caa3a","identifiersha","2025-04-07 08:27:32+00:00"
"bc9cb754388c8f9e3027a542e0ec67550f5f0db1.jsonld","https://obis.org/dataset/d960ffd3-ef52-49cc-b424-8322a9d0f16e","identifiersha","2025-04-07 08:23:51+00:00"
"bca1467cc7f8b655523af698405f6bc32c73a263.jsonld","https://obis.org/dataset/e408c07b-408e-43f5-93e2-3957dd80b43b","identifiersha","2025-04-07 08:24:01+00:00"
"bcad4d9482d70d391a0d7cb0ff15c93127fb286f.jsonld","https://obis.org/dataset/6823e1bd-2f45-4971-8b1f-8888b661885b","identifiersha","2025-04-07 08:23:27+00:00"
"bcb3d386ef8b03c6a7918e6d2a24affc8d8612d1.jsonld","https://obis.org/dataset/321fa1e2-a69f-49d2-be57-b6d1368ab1f5","identifiersha","2025-04-07 08:27:29+00:00"
"bcb83a9d48dee8614921770a0132e88cc3c2df78.jsonld","https://obis.org/dataset/816c6814-6579-4945-abd1-5e028901d444","identifiersha","2025-04-07 08:26:26+00:00"
"bcc6a3f5a4550589effc25b201e568f2714a4292.jsonld","https://obis.org/dataset/52364f4e-c5cf-4e23-b467-e1fc665096e9","identifiersha","2025-04-07 08:25:25+00:00"
"bcc8bf718a3efa1760a283aceb5c19fc8459f00a.jsonld","https://obis.org/dataset/704b162e-3b29-4f7d-8e41-bd6d37f16f1a","identifiersha","2025-04-07 08:26:17+00:00"
"bcd2a6deb8c32f5a1c6bc65f3e829773b85ed03d.jsonld","https://obis.org/dataset/ef0cac3b-a10b-4edb-82b2-9d98f6308760","identifiersha","2025-04-07 08:26:24+00:00"
"bce2b5d1e5d87011df36ba5c24febe0595ed774b.jsonld","https://obis.org/dataset/cc62b9e8-dd4a-4638-8061-b72721568e33","identifiersha","2025-04-07 08:26:11+00:00"
"bd010b9325b04e1bbd682df02cef63b4ca1c1b1f.jsonld","https://obis.org/dataset/3cd94a39-6a58-4f0e-9c74-e044e7a0e737","identifiersha","2025-04-07 08:23:40+00:00"
"bd22153a71a6fe0b6f9598870b3ef857afef4271.jsonld","https://obis.org/dataset/7453cccb-6d2f-47c9-a68f-09c2bd2a59bc","identifiersha","2025-04-07 08:26:24+00:00"
"bd260cfdf40f19b42bd5bc6ceceef7349041028f.jsonld","https://obis.org/dataset/77404928-d0b2-4920-b317-0bff90df585d","identifiersha","2025-04-07 08:26:32+00:00"
"bd290f33dedb14959d0b6c428a7658dbb1b0125d.jsonld","https://obis.org/dataset/ea1618ec-00de-41e8-a0f5-56b6f526780e","identifiersha","2025-04-07 08:22:49+00:00"
"bd3acc41d4d8e265dd785a9518b2f4ae744a0404.jsonld","https://obis.org/dataset/d701f5e8-c817-4a17-840b-729510a111ce","identifiersha","2025-04-07 08:26:13+00:00"
"bd4be27c965e4c8098798185a39c5cb610c48233.jsonld","https://obis.org/dataset/ad475a7a-01fd-4cf9-a15f-4868bb0208fa","identifiersha","2025-04-07 08:24:57+00:00"
"bd61116b0c54dedff6dfdbc1a19bdcb676213a02.jsonld","https://obis.org/dataset/22d29da3-9493-4f36-93dc-5cb282f85dd1","identifiersha","2025-04-07 08:24:29+00:00"
"bd61e1b768a4b5bb4c9412d97fbddbd51927bb2c.jsonld","https://obis.org/dataset/e9a88ec9-61cd-4a03-9b7b-c2803924287b","identifiersha","2025-04-07 08:27:49+00:00"
"bd6c909a6d82fc2970a7e09684eec4b98df5f50c.jsonld","https://obis.org/dataset/b8be2a0f-80f0-47c0-abab-bb52b115263a","identifiersha","2025-04-07 08:27:21+00:00"
"bd6e56057297153e2d3b1b5e49fe660f0be88380.jsonld","https://obis.org/dataset/ff9646f7-47eb-4476-bf23-543977e67d40","identifiersha","2025-04-07 08:23:48+00:00"
"bd7b7ad6b6309d07ea202994d9a64527776f9ccf.jsonld","https://obis.org/dataset/29c5ae7e-cf95-45bb-93e8-762dbf11c1da","identifiersha","2025-04-07 08:25:03+00:00"
"bd8735c67511d58714fef1fec563b402f16a47d7.jsonld","https://obis.org/dataset/f3a945d0-6e2c-4316-a667-c64568820c0d","identifiersha","2025-04-07 08:27:38+00:00"
"bd8fa45a9b7842e6cedb93ac93fabe182da70ae2.jsonld","https://obis.org/dataset/0ff4be1c-4f94-4599-b782-b7cb8f5db151","identifiersha","2025-04-07 08:22:33+00:00"
"bdb48626bf7b6043d37266b27963bfd0078f6a1f.jsonld","https://obis.org/dataset/5e92261a-ddb9-4465-ad5c-632d168ca8fe","identifiersha","2025-04-07 08:28:33+00:00"
"bdc76a12929595b5e06335f68297cf252df706a0.jsonld","https://obis.org/dataset/0c5964bd-a454-4e99-b316-5d1a624ad73d","identifiersha","2025-04-07 08:27:00+00:00"
"bdce6e80cc277fa7e874754bcbef1336c98c065c.jsonld","https://obis.org/dataset/f89f543f-ff1b-4a19-9c60-3e0392e18fea","identifiersha","2025-04-07 08:27:26+00:00"
"bddc2f17640cd5f98153c969c3ec484d95bd7689.jsonld","https://obis.org/dataset/d62def44-a09a-4327-9e75-0f53615b276a","identifiersha","2025-04-07 08:23:49+00:00"
"bde5bc0e91a9700f0dbc168faa44b141b9309852.jsonld","https://obis.org/dataset/92d92da9-b1f8-4b32-bcd9-a9690473a319","identifiersha","2025-04-07 08:23:19+00:00"
"bdf7d92678707a43a488d51edfb0aba7918684b2.jsonld","https://obis.org/dataset/419234a9-8e27-4248-a81b-7c9fe436875d","identifiersha","2025-04-07 08:24:57+00:00"
"bdf81bd767a673642d5caa48fe487fff1e7aec2a.jsonld","https://obis.org/dataset/df52b4e0-689d-48a8-b325-5c641e17c060","identifiersha","2025-04-07 08:25:45+00:00"
"be106a5c97b4f2719ddaeb2c3704474472d41383.jsonld","https://obis.org/dataset/b62e771c-794f-4bf3-aeda-9590fc36363b","identifiersha","2025-04-07 08:28:25+00:00"
"be15564efc2a6d927ac2345ca161863c21343a1e.jsonld","https://obis.org/dataset/8f5213fe-787d-4ff9-b981-867c763c1dc8","identifiersha","2025-04-07 08:24:32+00:00"
"be1fd355551d7ea920e3f6a3b161c871c984f12d.jsonld","https://obis.org/dataset/c5b1eba6-ac0d-4a72-a6d6-580aac693cb1","identifiersha","2025-04-07 08:23:51+00:00"
"be2c9af8d723e0e848a7ed664127bb5ef8a483ce.jsonld","https://obis.org/dataset/83c921f1-6380-4c18-b3f3-133d4de3ea6f","identifiersha","2025-04-07 08:24:23+00:00"
"be35114e74151857c55bcb1ed017e400e6f59c45.jsonld","https://obis.org/dataset/2a9b0eb5-8000-44e9-b985-be11c228e343","identifiersha","2025-04-07 08:23:51+00:00"
"be43b7f0ede7bcabbccc066892bdd4dafe854e41.jsonld","https://obis.org/dataset/3372a229-1200-4229-a531-220c6c91ac07","identifiersha","2025-04-07 08:22:54+00:00"
"be5910655b1ed6b2c13dce7dd794c672c5863d11.jsonld","https://obis.org/dataset/d9118970-796c-485d-9d2c-b6853283907a","identifiersha","2025-04-07 08:23:20+00:00"
"be59550f16605c91ababfd924ef32286953e3d1d.jsonld","https://obis.org/dataset/8755c41f-e7f5-4417-bb07-2f1871945fc6","identifiersha","2025-04-07 08:26:23+00:00"
"be656390f8a94415fa67f6f7ceb1df6046f9d86b.jsonld","https://obis.org/dataset/e6555856-e776-49b7-b0d3-2a5408433ef5","identifiersha","2025-04-07 08:25:57+00:00"
"be66a93e53ef6857adaa9201be2a27f4aaba9986.jsonld","https://obis.org/dataset/2d1fac84-2333-4021-ad88-f2af59683dcb","identifiersha","2025-04-07 08:26:28+00:00"
"be72eab5c10df1e050e3f25b45e6a7a724c88941.jsonld","https://obis.org/dataset/e68c1476-8ef3-4836-9306-c929e05a58f2","identifiersha","2025-04-07 08:24:34+00:00"
"be92679448bb94b509119d5e6e4dc73e695678e0.jsonld","https://obis.org/dataset/f61bc691-aed3-4de7-ae19-94e10d304667","identifiersha","2025-04-07 08:25:24+00:00"
"be9e7fa7b8b938a717453ba5960acbb5eaf9a901.jsonld","https://obis.org/dataset/9f8121f6-a2ad-49e0-af31-07bea4924a52","identifiersha","2025-04-07 08:24:30+00:00"
"bea1e1e37d38354f0e80fd6d87c48fa85558b5c8.jsonld","https://obis.org/dataset/5ab7e733-79bc-406e-a360-003581938460","identifiersha","2025-04-07 08:25:20+00:00"
"beab145838cf54dfb3f98951ff7a7f1beb52063f.jsonld","https://obis.org/dataset/50eaec4d-c140-44f2-a6a3-98b1c48cf507","identifiersha","2025-04-07 08:28:34+00:00"
"bec42846bc7f76b214bd2c5fe5001513c17f61fa.jsonld","https://obis.org/dataset/7dfd8459-c7ce-455e-9cb3-439f406bd1e3","identifiersha","2025-04-07 08:25:58+00:00"
"bedb8a9e49d9ee81517060b52dcfade07596265c.jsonld","https://obis.org/dataset/35ea76e5-be21-405c-a9f0-eeddd0c68e70","identifiersha","2025-04-07 08:27:02+00:00"
"bee8c9b682c7f60c0656d9553949acdb64820518.jsonld","https://obis.org/dataset/c2d77503-e959-48e6-b34d-097d0ff66d42","identifiersha","2025-04-07 08:23:52+00:00"
"beeab3351c862d3d993710b4262bc580ef3d2499.jsonld","https://obis.org/dataset/dd1b9626-4dc8-47a1-b928-87e0cecea9f6","identifiersha","2025-04-07 08:28:19+00:00"
"beecf7d9600fd35d52142d8adafb2e945843effd.jsonld","https://obis.org/dataset/ac88ee95-4384-434d-8011-72ef4cd7c261","identifiersha","2025-04-07 08:25:25+00:00"
"bef68c1a089fdcfa9ed98a26bb93e8d5f51b003f.jsonld","https://obis.org/dataset/af015774-471e-4e5f-a061-50e0a74c4bb7","identifiersha","2025-04-07 08:23:06+00:00"
"bef82e40f5e7bdfe985e620ca1d98289c8382875.jsonld","https://obis.org/dataset/75bc9be9-bffc-469b-92c4-5e344d77e0bf","identifiersha","2025-04-07 08:27:00+00:00"
"bf06a91c67f90d1a013edc434bcce1380d2986a1.jsonld","https://obis.org/dataset/0f24088d-fcc6-4497-895b-2136f4d3fd1d","identifiersha","2025-04-07 08:28:37+00:00"
"bf33692776eca9a187871fa30e4ae2346d75b2ff.jsonld","https://obis.org/dataset/f3019ee2-a2f8-4a5c-acd9-1a546b363a17","identifiersha","2025-04-07 08:23:40+00:00"
"bf3a26989ec6621890019819d2ac419efb868515.jsonld","https://obis.org/dataset/bdbfda38-c0fd-483c-85eb-4202baff1e52","identifiersha","2025-04-07 08:23:49+00:00"
"bf3eb7781d08956cddc32a51eaedf96a47832917.jsonld","https://obis.org/dataset/dc4fe74c-cb85-48e9-a1d8-ff5a39737e40","identifiersha","2025-04-07 08:27:54+00:00"
"bf4f2d92a9ccd9a625c0398f9f7b7fec22f69e8b.jsonld","https://obis.org/dataset/fef0bdef-04de-4968-a5e2-d267463d00af","identifiersha","2025-04-07 08:26:18+00:00"
"bf5510e7ff8a56dea9b1b8339ab635cc5477b2a8.jsonld","https://obis.org/dataset/17c4fac0-95ef-4ada-bfb1-e1cb22126928","identifiersha","2025-04-07 08:26:39+00:00"
"bf59f40cc080785b695d846070f9bd7ab48abc46.jsonld","https://obis.org/dataset/6843553e-c559-4f51-aae1-29ff1b03f331","identifiersha","2025-04-07 08:23:25+00:00"
"bf5fabc5b09fcdcfc3f25113bf62e99212ae7809.jsonld","https://obis.org/dataset/8ee177e1-7e97-481d-8f3a-bb99f6ac6b36","identifiersha","2025-04-07 08:24:44+00:00"
"bf6818408285483a47f68bda9201add71180c62d.jsonld","https://obis.org/dataset/1834801f-a3df-4551-a956-c3ea671e62a6","identifiersha","2025-04-07 08:25:04+00:00"
"bf6aa53ca937fd68fe5e925b560dd1ff37a42913.jsonld","https://obis.org/dataset/7fe97cd7-1d94-475a-bbec-144fbee1efd8","identifiersha","2025-04-07 08:23:53+00:00"
"bf6e5bd6d6c4bca5e5b0e1f8f723be7fe03c4e05.jsonld","https://obis.org/dataset/75a57a5e-4788-422f-9f71-7a324b3c2fe8","identifiersha","2025-04-07 08:25:56+00:00"
"bf8207735e2b879e7e52391d67f56dd041d64a0b.jsonld","https://obis.org/dataset/9378019b-6657-4c21-81cd-1d2f19e30065","identifiersha","2025-04-07 08:23:03+00:00"
"bf8d8e62e1637ed9b52937926259db6bd72db191.jsonld","https://obis.org/dataset/3e903597-4384-45cf-a0aa-b098c2987c1a","identifiersha","2025-04-07 08:25:20+00:00"
"bf9fc3a0ca4a14a10467a98c16171b5f2a06d9e9.jsonld","https://obis.org/dataset/307be3ce-3615-48b8-97d9-a1617edb7e78","identifiersha","2025-04-07 08:28:26+00:00"
"bfb83862fee70150761023ab0005d9fae0712b89.jsonld","https://obis.org/dataset/987a35d0-a3f3-4050-b8c4-de99b01d8eb6","identifiersha","2025-04-07 08:24:55+00:00"
"bfbcd345a992352c028e9e4857e5f4fa1bce8f28.jsonld","https://obis.org/dataset/248d4349-7c65-4291-b849-57127a20aec8","identifiersha","2025-04-07 08:24:11+00:00"
"bfcbe24d6e0b47ef4d30712b857f4f83cc786be1.jsonld","https://obis.org/dataset/a86c2744-ed70-42dc-88af-da6c28f0d970","identifiersha","2025-04-07 08:24:57+00:00"
"bfd380d209e8d804118b088ae2bd373c81362f6a.jsonld","https://obis.org/dataset/f0f23def-2abb-4671-864f-6f3dd1ade46b","identifiersha","2025-04-07 08:22:48+00:00"
"bfd4ace81e8178270b28a357738a3290eef22988.jsonld","https://obis.org/dataset/178270b9-6fca-41f0-8322-e195fca69f13","identifiersha","2025-04-07 08:24:50+00:00"
"bfd5dd4696518b6e5353959d2787fcdbca41417d.jsonld","https://obis.org/dataset/7ec8d5de-29cd-4451-aad2-c7a64d6b1089","identifiersha","2025-04-07 08:28:20+00:00"
"bfd989fb79128b9541ea6355f9d4abb21c0d562a.jsonld","https://obis.org/dataset/057d7f8c-5286-4032-aaf9-5ce078833262","identifiersha","2025-04-07 08:22:38+00:00"
"bfe25e7bb6a22c79763c1f425e371b1b62bd72aa.jsonld","https://obis.org/dataset/11bc2cb2-a837-4cd1-9450-52e3bb427cf6","identifiersha","2025-04-07 08:22:30+00:00"
"bfea1df17ab49c74a9161605c9a447230c5aeb62.jsonld","https://obis.org/dataset/94829f49-bab5-48a5-9a64-38425f8ec640","identifiersha","2025-04-07 08:22:46+00:00"
"bff0b732042ff5f998e6144955f90c95dbe8e887.jsonld","https://obis.org/dataset/96053ac5-f5c6-4e85-8124-9b010dd8a206","identifiersha","2025-04-07 08:25:21+00:00"
"bff1b932cf3a4919b33b92d5885d02da9478f542.jsonld","https://obis.org/dataset/d50360d0-7a15-4f5c-81d2-fac16055e9ef","identifiersha","2025-04-07 08:27:44+00:00"
"bff4a22b9fa3864d82fda2914a852ba8d95ab3a8.jsonld","https://obis.org/dataset/64c9fbff-7ee0-479c-8461-e1c0a34c2161","identifiersha","2025-04-07 08:27:40+00:00"
"c00f23787e9a2f45294df5dddb69c615b878df33.jsonld","https://obis.org/dataset/4c4d6b47-5fc1-4a92-9da4-73395b6fe23f","identifiersha","2025-04-07 08:27:02+00:00"
"c012aac955f0979d28a7cdab6b82f82a0a1d5a7d.jsonld","https://obis.org/dataset/9b34afca-0b6d-4bdd-8add-38e200d91936","identifiersha","2025-04-07 08:28:19+00:00"
"c013c10a53a67925ee1e527f46c04749557faec2.jsonld","https://obis.org/dataset/b4eab22b-6678-4ac2-babe-da03789bb004","identifiersha","2025-04-07 08:25:26+00:00"
"c020f40f78b3fc8c541016005ed8564da33d5339.jsonld","https://obis.org/dataset/e0ce9f82-687e-4cbf-95d0-d27d1054bfe9","identifiersha","2025-04-07 08:27:22+00:00"
"c026d56a8a7cd09adfa14badd7db4aa8011696b5.jsonld","https://obis.org/dataset/9e95bfb3-b05f-47f7-ba0b-b7c116172a9e","identifiersha","2025-04-07 08:25:39+00:00"
"c0280325f4d1712ebbd04964225e88903b87cf1b.jsonld","https://obis.org/dataset/8372eedf-ce06-4d3c-96c9-415a96ec9854","identifiersha","2025-04-07 08:25:57+00:00"
"c0358a6a998bce830e153fa4d2d3424adce7137f.jsonld","https://obis.org/dataset/c6e7b1fb-6fb6-43dc-b65a-357aa6ed3d3f","identifiersha","2025-04-07 08:27:09+00:00"
"c0497707138c25f014e98fdeeeb397e9476923a2.jsonld","https://obis.org/dataset/7417551b-9a2f-470e-95a2-c8c79595dd74","identifiersha","2025-04-07 08:26:35+00:00"
"c04bef52985c9699232bd6aedc9093ea16ef7f77.jsonld","https://obis.org/dataset/818b222c-d644-4f3d-afcf-22272853b82c","identifiersha","2025-04-07 08:27:41+00:00"
"c05e6ece0ea1f725f4c15a404f69f4e4ffa7f650.jsonld","https://obis.org/dataset/d9ad4dd5-5fd9-4c9c-9843-bfa04769b4f8","identifiersha","2025-04-07 08:23:31+00:00"
"c061007f3715721d755148276f283affda660819.jsonld","https://obis.org/dataset/c88a7d1c-1609-47d3-bf1f-a1cb2f7c54f6","identifiersha","2025-04-07 08:24:25+00:00"
"c062e54bdde2f741f13c6d192fef7bdf2b328e84.jsonld","https://obis.org/dataset/efa02fe9-6b5b-4173-85e7-912f71921fe7","identifiersha","2025-04-07 08:22:24+00:00"
"c0641ed56c6f36a31a0e5b4426cdc12cfbe94f52.jsonld","https://obis.org/dataset/69d00157-c29f-47bd-a936-79f66b2084ba","identifiersha","2025-04-07 08:28:18+00:00"
"c064728d4dfceec2dd6246cb736176252a61b1e6.jsonld","https://obis.org/dataset/37406772-0bd9-4647-a699-cabc74a23741","identifiersha","2025-04-07 08:25:58+00:00"
"c06c6e7c2f507f133135439ee31fca54a657902f.jsonld","https://obis.org/dataset/c63870c4-db53-444b-90f9-43248d8877c9","identifiersha","2025-04-07 08:26:23+00:00"
"c0966a19231e6778f6b608dd1607ca433d94a7d8.jsonld","https://obis.org/dataset/a9af8063-840a-4295-98d9-62843f12f0ba","identifiersha","2025-04-07 08:23:27+00:00"
"c09fe469b3afa16860bb17d6cfa3c380280b3e9e.jsonld","https://obis.org/dataset/d6133bde-7444-494a-9f47-25d47f7a310e","identifiersha","2025-04-07 08:23:55+00:00"
"c0a7382c17b62e16b9023641415d06f2c2729a18.jsonld","https://obis.org/dataset/4a06a415-2954-4597-baf3-7934b07355ea","identifiersha","2025-04-07 08:28:29+00:00"
"c0b23921407839168e1af53cfd7507779abba499.jsonld","https://obis.org/dataset/c395ee53-32a7-4ed6-ad70-3ef025004a3c","identifiersha","2025-04-07 08:26:13+00:00"
"c0c0cf77cb0c14f36a5d9eaf1c9c0520b58f2978.jsonld","https://obis.org/dataset/082aa123-802c-45bd-b189-4a3278a6e156","identifiersha","2025-04-07 08:25:11+00:00"
"c0dfe52acab6592aa6e0513929dfd0d6ead3e9b3.jsonld","https://obis.org/dataset/adbb2a1f-4de8-4fa3-83d7-5b76148193a2","identifiersha","2025-04-07 08:28:21+00:00"
"c0e48b19f54b7e735aa3f28f9dcc9a0edac9cefa.jsonld","https://obis.org/dataset/b81d6803-77a2-44db-8a75-896d8b80d387","identifiersha","2025-04-07 08:26:54+00:00"
"c0e801c76ca868417d969b5745a23832f3ccf9d7.jsonld","https://obis.org/dataset/2b4ba71b-ce7f-4f48-86d5-64caa0f3bd11","identifiersha","2025-04-07 08:26:21+00:00"
"c0f6ffe5dc7d208d04c3f50b44652a7d089d5858.jsonld","https://obis.org/dataset/9ec57d7a-b648-423c-834c-3ec0d36c2740","identifiersha","2025-04-07 08:26:30+00:00"
"c11ee1e2a2ad2b1ef34a6a7cf47146773233417d.jsonld","https://obis.org/dataset/99a568e5-6ba3-4f45-8ded-6feedc160684","identifiersha","2025-04-07 08:28:14+00:00"
"c11f12e4a8509a439e1de4db2006ba1c434022b4.jsonld","https://obis.org/dataset/d8fb4468-d43b-4fda-9860-2c999192bdd5","identifiersha","2025-04-07 08:26:01+00:00"
"c12b849a44a7ba9fde10c88ed24c977957c9f28d.jsonld","https://obis.org/dataset/49bbc435-2bff-432c-8dd4-b2e7b514ada3","identifiersha","2025-04-07 08:23:51+00:00"
"c12fba118cef3a37009714696f3700843212d1e0.jsonld","https://obis.org/dataset/90faff6c-f5fe-4997-bd48-5b4651f5a11f","identifiersha","2025-04-07 08:22:30+00:00"
"c153eba7c00454c33fcd9b0673db8cba5ec1d3c2.jsonld","https://obis.org/dataset/7e952062-ab50-464a-86d5-818eae3550c5","identifiersha","2025-04-07 08:26:01+00:00"
"c16756d0f34a39852c774f8e6e7ea93a2e963ea0.jsonld","https://obis.org/dataset/9fff9284-013a-4f70-a232-5e9241baffc2","identifiersha","2025-04-07 08:24:53+00:00"
"c16fa2ae981525c929c0c7f00fea175d9a1e7922.jsonld","https://obis.org/dataset/ab514637-a4ea-40b3-80a1-356a079e34f0","identifiersha","2025-04-07 08:27:16+00:00"
"c17687fb5c7813ba6f3855672e1ca05b846e36e1.jsonld","https://obis.org/dataset/379f8b86-e4a1-4b50-90e3-9b0ff4450671","identifiersha","2025-04-07 08:24:39+00:00"
"c17c357b3abb7b2824903f5de203931ff4dc306f.jsonld","https://obis.org/dataset/a121d740-8e25-40f0-a06c-3e5d0fbac6c3","identifiersha","2025-04-07 08:23:35+00:00"
"c17ffbab98ff90cfac80c4c6674f2fc658f1df95.jsonld","https://obis.org/dataset/562af5fe-eb3e-451a-8c1b-fc8165f76da2","identifiersha","2025-03-24 00:38:29+00:00"
"c1823057511e371a100b5800f8a948756ff621f0.jsonld","https://obis.org/dataset/04518384-41c7-4295-a997-563c5b8bc60b","identifiersha","2025-04-07 08:26:53+00:00"
"c1857f4ee6a80d161cd3c780fcf440f3c9e1a9da.jsonld","https://obis.org/dataset/186efd16-f2d1-42cb-b2ea-d39316394d2e","identifiersha","2025-04-07 08:24:47+00:00"
"c19530d0dc83a3f1ea7b38e24696d854d238d65e.jsonld","https://obis.org/dataset/ff1497cd-7a38-4dde-8906-ef1d60e2cf47","identifiersha","2025-04-07 08:27:55+00:00"
"c19576df63d02a4d99d4215f509ab92e10a06343.jsonld","https://obis.org/dataset/20c5a1df-f8a1-4963-8b98-e8000de0f8bd","identifiersha","2025-04-07 08:27:53+00:00"
"c19e1d7f4771bd5d251e02b378b630b52c5af5fb.jsonld","https://obis.org/dataset/80d12cdc-b97d-44b8-8a38-bed0bc54590f","identifiersha","2025-04-07 08:25:26+00:00"
"c1ab5b75756e354db31091fc7a14b63f010763f3.jsonld","https://obis.org/dataset/f8dbc795-961e-4b07-beec-8c585788e710","identifiersha","2025-04-07 08:27:28+00:00"
"c1abafd3f6e90dc6eb4c30d4fa95e220815623f3.jsonld","https://obis.org/dataset/e724b7a8-b199-410c-a23c-1d46627df133","identifiersha","2025-04-07 08:23:14+00:00"
"c1afa03526a6174daf0134ca3f5ba582eee92dc2.jsonld","https://obis.org/dataset/6da917d4-b398-4753-84c3-b940ffcd62ee","identifiersha","2025-04-07 08:24:47+00:00"
"c1b298d5a97f9ceb94735f66d8c28cdbbc8ee96c.jsonld","https://obis.org/dataset/49aa5d2c-29ab-47bd-93bd-57fc25a0c257","identifiersha","2025-04-07 08:24:29+00:00"
"c1b5f6cffa176f2326a1a2df75783572f1ce1f9c.jsonld","https://obis.org/dataset/cb68ab7d-191a-4969-9eb5-3c8374b663ad","identifiersha","2025-04-07 08:23:58+00:00"
"c1b7184fb87de74a566b2fbdf528a0b518740ecc.jsonld","https://obis.org/dataset/8456d058-4c30-4321-bc8b-52dd85c8eb82","identifiersha","2025-04-07 08:24:04+00:00"
"c1c59f3b8aba0b5478984bca61161a21b335fb6f.jsonld","https://obis.org/dataset/9d699bfd-d73a-4b55-b113-6c0a8551f481","identifiersha","2025-04-07 08:22:47+00:00"
"c1c732fbad212da85c63a44715b35518b1f2cf5f.jsonld","https://obis.org/dataset/b10430c9-e451-42cc-bf65-08544c137bdf","identifiersha","2025-04-07 08:26:03+00:00"
"c1c75a1c01e34d0ef5939de2de172dbe38aa24e2.jsonld","https://obis.org/dataset/8f843938-1617-4c9e-be03-d1a2af8ebd89","identifiersha","2025-04-07 08:26:17+00:00"
"c1c8191a2117cf5f3c5e12e6e042700d16fc37f7.jsonld","https://obis.org/dataset/8e6bb676-f180-4bbb-97ba-5911d7661b07","identifiersha","2025-04-07 08:22:49+00:00"
"c1cdd263071a98f0e80f35996b7c18024d928cf2.jsonld","https://obis.org/dataset/9651c30a-ea93-4e20-8cce-e9e951d9fe68","identifiersha","2025-04-07 08:22:29+00:00"
"c1d72e827fd63cce8df67920389244f0e210343b.jsonld","https://obis.org/dataset/4f9bf2c1-a36f-478c-aa5c-b19951b270e5","identifiersha","2025-04-07 08:24:22+00:00"
"c1df57b2cf1f2da484ad3ded82150a2c64fb9e71.jsonld","https://obis.org/dataset/553553ad-fc0f-4a7e-a97f-1a336ac7513a","identifiersha","2025-04-07 08:25:07+00:00"
"c1f3bcf3edac0bdabd307722f92ef5f0af3833cf.jsonld","https://obis.org/dataset/4e9b4bde-eb73-4178-a64e-1da89ed4229d","identifiersha","2025-04-07 08:27:24+00:00"
"c1f41a4f8125b91713a9dea7c278f263b00e92a2.jsonld","https://obis.org/dataset/60d6cbaa-85b2-49b7-8fe8-6dcdeb4ba8d8","identifiersha","2025-04-07 08:27:58+00:00"
"c1f98047ea1f7e066b7f71a9a1517afc47b83209.jsonld","https://obis.org/dataset/41c11254-3d89-43df-9965-a8f88f5bd2df","identifiersha","2025-03-24 00:38:04+00:00"
"c2097db45c12c6419b6d7504d3f38c9dd50165f3.jsonld","https://obis.org/dataset/7f683b71-2d9c-440b-b9ac-eb41a46c1535","identifiersha","2025-04-07 08:27:57+00:00"
"c2105051800e3ae1c001dc3fc31fcc6926dc59ee.jsonld","https://obis.org/dataset/b647429d-8e09-4fcf-a555-23eb38f5b16b","identifiersha","2025-04-07 08:25:38+00:00"
"c22ba1a708e70db4545a286cad63e8b88e684b30.jsonld","https://obis.org/dataset/092fbb92-7275-49dc-b051-3ab1fc4c008d","identifiersha","2025-04-07 08:28:37+00:00"
"c22e1bd67d2b4870d6f0423187543cc5e2a99792.jsonld","https://obis.org/dataset/94817e7e-2982-4b41-9db8-62513f2df76a","identifiersha","2025-04-07 08:24:56+00:00"
"c23c4d81e8976713e02844f8125202eb20a8bedc.jsonld","https://obis.org/dataset/6e6292da-0aae-4e37-be54-4461c661e2c5","identifiersha","2025-04-07 08:25:47+00:00"
"c24bc50ae4d0000e37e41550c38c63cfdc1fcfb3.jsonld","https://obis.org/dataset/2a26be49-372e-42b0-894c-65ecfedb99cc","identifiersha","2025-04-07 08:23:06+00:00"
"c250ba0041d4d6941ffcdd745dc75198b3ada7a3.jsonld","https://obis.org/dataset/78c1d918-0396-44da-be43-54e5f5642d6a","identifiersha","2025-04-07 08:26:54+00:00"
"c25a1fa2d1d14558d2a32c97bd8772320cef6622.jsonld","https://obis.org/dataset/cd691a3e-8f01-4166-8d2e-a084e22c9bec","identifiersha","2025-04-07 08:23:36+00:00"
"c276e0bc860f4e292e96891df2159c6c4c9e77fa.jsonld","https://obis.org/dataset/915e2716-1d6e-4bdb-9942-005aac7d6a33","identifiersha","2025-04-07 08:23:19+00:00"
"c278ded2e41bac2a91473b95148df0222fced42b.jsonld","https://obis.org/dataset/7c1fa836-81d9-4a07-929b-6c4288aeb21e","identifiersha","2025-04-07 08:26:54+00:00"
"c2832e055b97df6fd0535b04a44ff2ca170d05d6.jsonld","https://obis.org/dataset/58e9b3ef-bac2-4a72-abec-c959e0f0d914","identifiersha","2025-04-07 08:24:41+00:00"
"c29691ac246c1faf384053db6591517757b37397.jsonld","https://obis.org/dataset/10a356d8-7021-42bd-b4dc-8f9d6db32f0b","identifiersha","2025-04-07 08:27:51+00:00"
"c2a7bc6553a8739b7a3c676610f6538cca7d26d8.jsonld","https://obis.org/dataset/5e5197d2-8a17-49c3-9197-758091a2cc48","identifiersha","2025-04-07 08:22:54+00:00"
"c2ad4f0647f66f6d3644531837c49b9cd97d161f.jsonld","https://obis.org/dataset/cd1898cc-29aa-4b85-8b89-ed81900fe166","identifiersha","2025-04-07 08:28:23+00:00"
"c2bacb0270d232b4fbb06674b04143748f9b7088.jsonld","https://obis.org/dataset/4f46f9d8-dc63-4546-9dd5-075df3d25e4a","identifiersha","2025-04-07 08:24:15+00:00"
"c2f354d0fd75c4d3636a13f0eab140c3389e4192.jsonld","https://obis.org/dataset/4467d768-9225-41e8-8cbd-c8c22ab549cd","identifiersha","2025-04-07 08:25:29+00:00"
"c308fcb436144f3861e49e15800a73a3bfda68f7.jsonld","https://obis.org/dataset/fb1eb4da-2eb2-4317-97c3-cda65112b4a5","identifiersha","2025-04-07 08:24:12+00:00"
"c339465e240227f44b141edff3f69efb80be09c6.jsonld","https://obis.org/dataset/0144c394-a96e-48dc-a9eb-ab418e6bffcf","identifiersha","2025-04-07 08:27:26+00:00"
"c34060d32f92047c392d9a07b691e5939557ba94.jsonld","https://obis.org/dataset/e0b19500-a6b0-44dd-ba09-f492c4fe4fa4","identifiersha","2025-04-07 08:27:22+00:00"
"c35106cb3ab5a31d9ee1fc7458a492fec0478e94.jsonld","https://obis.org/dataset/8665163b-9163-4af2-8ce8-fbe5c9388bcc","identifiersha","2025-04-07 08:28:10+00:00"
"c352063e1f841f688eefa767fb6cf14fbbd6b522.jsonld","https://obis.org/dataset/99a60a92-267f-441e-b3f1-54e0eea5d3cf","identifiersha","2025-04-07 08:24:37+00:00"
"c357750d1f11e16cf2bbf55dc6b27819804f5b56.jsonld","https://obis.org/dataset/ba60e7b1-ca45-40e1-8de3-c9a70e25f8a3","identifiersha","2025-04-07 08:25:03+00:00"
"c37348b531b6db2930f7fcf55bc5d743281c7a23.jsonld","https://obis.org/dataset/6897b33d-8865-4a9b-ae13-2d73cd33d1e5","identifiersha","2025-04-07 08:23:01+00:00"
"c3756f523d6348d2e1d1cef25bcdf89fe33d571d.jsonld","https://obis.org/dataset/3e0cb90b-7037-4255-bfd0-222c0a0ed0fb","identifiersha","2025-04-07 08:22:49+00:00"
"c37905fd1b893f842220ab1e1eebd0944bcbef59.jsonld","https://obis.org/dataset/a7d1a5be-fa62-4ca4-8f6d-718991b616c7","identifiersha","2025-04-07 08:24:49+00:00"
"c38280a7e778f745c4c14c901ac922c118c9a12b.jsonld","https://obis.org/dataset/87495025-e242-4ed8-a89e-9f189b666bbe","identifiersha","2025-04-07 08:25:12+00:00"
"c39c5086ace09e6c2e0145a57ed74425d8d804cf.jsonld","https://obis.org/dataset/e53ff75c-cc73-4370-b074-36b34b8a7433","identifiersha","2025-04-07 08:24:38+00:00"
"c3ac07def1bf90cd1d1d6afdd8ac026bcf499365.jsonld","https://obis.org/dataset/ea900c7e-8837-41d7-b4b5-0022356543fd","identifiersha","2025-04-07 08:26:45+00:00"
"c3ac584c4c3958c7f6d2a536eccb95ad2fed2f13.jsonld","https://obis.org/dataset/bc0e73ce-0335-4a5c-9551-2d702e2d21c1","identifiersha","2025-04-07 08:27:34+00:00"
"c3b9d59046d474fff463625de63a6da117bc1fb8.jsonld","https://obis.org/dataset/8495e871-60da-4469-a555-bcb56f011303","identifiersha","2025-04-07 08:27:54+00:00"
"c3be4392106d98eb58383f005f7f5d7554397adc.jsonld","https://obis.org/dataset/3e1c7980-764c-4c94-b196-1e99637980ca","identifiersha","2025-04-07 08:25:25+00:00"
"c3d04bc37dec161b844b22f29ce79fb940e8cd6e.jsonld","https://obis.org/dataset/3797cbb4-083a-4cb4-a265-ba5d4181e578","identifiersha","2025-04-07 08:27:23+00:00"
"c3d412becb4fd8c7f83188894044618e4c9bcd02.jsonld","https://obis.org/dataset/29dbebfe-bf43-4167-ab9b-48bcd546edc9","identifiersha","2025-04-07 08:23:23+00:00"
"c3e09fdbce94bd9ad3b63f5ccfca72a72a61127c.jsonld","https://obis.org/dataset/28f447bc-a7e9-4e1d-9568-1660b05f4a4d","identifiersha","2025-04-07 08:26:07+00:00"
"c3e6780f816a09180982583c362441d09637ad68.jsonld","https://obis.org/dataset/ea0c1889-1f80-4d1d-80d7-ebec664e972a","identifiersha","2025-04-07 08:24:58+00:00"
"c3ec5836d2604a50b502187edd354d2fabbd5e10.jsonld","https://obis.org/dataset/b3bdb08f-0f29-4a81-b85e-90e114a8fda6","identifiersha","2025-04-07 08:24:06+00:00"
"c3ef7b7a2be4c3f04a6a33f8b0a8ed84e48ffd73.jsonld","https://obis.org/dataset/d7b728ec-77e3-4799-91b5-9298e624d42f","identifiersha","2025-03-24 00:42:25+00:00"
"c406e4a089eae72775c80d5005e5d4bef091ec07.jsonld","https://obis.org/dataset/2b75ad47-cee7-490f-ba9a-b7c0d499d583","identifiersha","2025-04-07 08:25:19+00:00"
"c41a777ca1cc868b0ae4833daa5558596653c0d1.jsonld","https://obis.org/dataset/13cc685d-8da5-4c0b-beb5-0e4ba21ac861","identifiersha","2025-04-07 08:27:35+00:00"
"c427158c8a387d4ee47a348104f7b7c6875f3fb7.jsonld","https://obis.org/dataset/0f0b108e-dfff-40e7-a667-343632aafdba","identifiersha","2025-04-07 08:23:10+00:00"
"c42b67775bc0bc59e5a3edf419506faa098898fe.jsonld","https://obis.org/dataset/2dc172af-a053-4e5a-9a38-b5425e0116c1","identifiersha","2025-04-07 08:23:56+00:00"
"c43e09fc27f5ae670429de4fbb1b962c3479acda.jsonld","https://obis.org/dataset/9fe5df78-6fbf-4ce6-8a03-dfe21034eb14","identifiersha","2025-04-07 08:26:47+00:00"
"c440c5d9059613b3c34f9db910867343d6eb2dfc.jsonld","https://obis.org/dataset/7a067da3-9c42-4805-a32f-f72a3b880eab","identifiersha","2025-04-07 08:23:45+00:00"
"c44c53c4abeccf79aafc6f3911216cb5fdd68a50.jsonld","https://obis.org/dataset/777d9e3d-276c-4cc8-8d69-cc7cb2c782d1","identifiersha","2025-04-07 08:24:42+00:00"
"c44d2d368dc61b47985f4e88d66c47d13fbfb8a8.jsonld","https://obis.org/dataset/daee2323-67e6-4a29-b096-fdd95e2b691b","identifiersha","2025-04-07 08:24:01+00:00"
"c46b4a9cc278ff4df3570455f67075de3ec1c985.jsonld","https://obis.org/dataset/1d591a53-0a03-44bc-91fc-6fac33a736e7","identifiersha","2025-04-07 08:25:35+00:00"
"c46bbfc9d83da8d56adbbcb42eda1c9155dcc469.jsonld","https://obis.org/dataset/bbb4d8b2-ccc2-42f6-addc-34c563bace62","identifiersha","2025-04-07 08:28:09+00:00"
"c47a99f2cad4abfd18f77503e8909de1f0d10faa.jsonld","https://obis.org/dataset/4c94cee2-f2f0-4a7b-825a-967bd991ca68","identifiersha","2025-04-07 08:24:57+00:00"
"c483a2f71117ff18781562a667ecb69f26b39435.jsonld","https://obis.org/dataset/90b53948-d6d4-4e70-a0b3-73daffbbf01d","identifiersha","2025-04-07 08:25:10+00:00"
"c49473f1262719098ec6ef339918d645c0142d43.jsonld","https://obis.org/dataset/c5e7e55f-2673-4155-a86d-8bd75f84b1c4","identifiersha","2025-04-07 08:22:32+00:00"
"c49f970de956a09cedfdc3154ace490cfaddd2e7.jsonld","https://obis.org/dataset/16dbb774-6c19-4891-834e-0a9cad30c10b","identifiersha","2025-04-07 08:24:27+00:00"
"c4ad312cb6594e543b9a7545072d59c70a13167d.jsonld","https://obis.org/dataset/7a9532d6-bfd2-49e9-b595-c4e7daebfc72","identifiersha","2025-04-07 08:23:34+00:00"
"c4b7f340a3e5ed582bf98f58d714532268995f4d.jsonld","https://obis.org/dataset/dd02c5c4-8fab-4b6c-8d09-5dea443d5670","identifiersha","2025-04-07 08:23:44+00:00"
"c4b9e39b65fecd283c6148e2ecd6643b9d1ba5c3.jsonld","https://obis.org/dataset/16163021-c573-4970-8ea4-049819996346","identifiersha","2025-04-07 08:27:53+00:00"
"c4bcf9811200b7e9c5841eb6e6d3766c4033e92b.jsonld","https://obis.org/dataset/85ed7a1f-6521-4373-b78f-da0ab1af8b8f","identifiersha","2025-04-07 08:27:12+00:00"
"c4c30cea94df6c8973d70189d1a9d24e2c3c527f.jsonld","https://obis.org/dataset/7a19ad3a-8732-4b58-8801-ba2117927c42","identifiersha","2025-04-07 08:24:04+00:00"
"c4cbd55015d527baf7cd1a315c2fde136f222cd6.jsonld","https://obis.org/dataset/c80e637a-8cf3-484a-b6b0-587b1a7893e9","identifiersha","2025-04-07 08:22:37+00:00"
"c4d22a104eb72727722bbd0cb4950099e4fdbc46.jsonld","https://obis.org/dataset/fd8e9b08-ceb8-4344-8efc-775b2f2004a7","identifiersha","2025-04-07 08:27:09+00:00"
"c4e5e81b41f948c977a5c3a6cdb8baf547a88122.jsonld","https://obis.org/dataset/ba5266b3-3ddf-4637-9a63-bac92d963b6a","identifiersha","2025-04-07 08:23:15+00:00"
"c4e9a18b9be6d83470263ca427999da0023c9a36.jsonld","https://obis.org/dataset/342c5fcb-89fd-40fd-ad88-56d84dbefd92","identifiersha","2025-04-07 08:26:04+00:00"
"c4ee417ac34444f5db2d7c413c762afd49609cae.jsonld","https://obis.org/dataset/66595f23-6900-4659-bbe1-dfdf2a88fceb","identifiersha","2025-04-07 08:27:09+00:00"
"c4f3696328b322318d05cdd4d0d4c75d8ccf815f.jsonld","https://obis.org/dataset/a630d4d0-78be-4c93-93e9-43e6be21e850","identifiersha","2025-04-07 08:25:42+00:00"
"c50081f943ceef6c256a517db3f626d974f96690.jsonld","https://obis.org/dataset/5311c3d3-0396-4133-9e19-46a153273002","identifiersha","2025-04-07 08:27:14+00:00"
"c50db8aaf2f3d961d0a6647151a0bd42879d1f6b.jsonld","https://obis.org/dataset/c7243636-85ff-4c99-8b5e-bb0a7dcb9e78","identifiersha","2025-04-07 08:23:21+00:00"
"c52b7884f1e63e494e270436ae0f93503c95037c.jsonld","https://obis.org/dataset/88cd0153-6700-46e1-9f38-0c725c76c461","identifiersha","2025-04-07 08:27:40+00:00"
"c53a6fde139960a0036a67d155dc2557f34cb3b0.jsonld","https://obis.org/dataset/2f7b53d1-8f62-47bf-8beb-e0b43935e82d","identifiersha","2025-03-24 00:40:29+00:00"
"c543a9dcc3d6c8003f3067a20a5afbd983fb9d91.jsonld","https://obis.org/dataset/e9acab50-8203-4c1e-b2e7-cbb850670808","identifiersha","2025-04-07 08:23:47+00:00"
"c5612cc166b4d58274d82035e642e422ceab5243.jsonld","https://obis.org/dataset/c24bf1c2-2c62-4056-a841-56d94e6e876a","identifiersha","2025-04-07 08:22:39+00:00"
"c56b40e97f074405124238ec98eb18e35861aaec.jsonld","https://obis.org/dataset/5eafc1c9-9892-4bff-9a8e-8431ad91ebbe","identifiersha","2025-04-07 08:27:15+00:00"
"c5776976db217a96a0c80a825f65d747e729d725.jsonld","https://obis.org/dataset/1f1960ad-8bdb-4b97-a631-b73a85141d1e","identifiersha","2025-04-07 08:25:57+00:00"
"c577dd9c1ff021f70db544ad76046392656aec5a.jsonld","https://obis.org/dataset/fac03461-04f3-4878-980f-75c5e07f6505","identifiersha","2025-04-07 08:27:15+00:00"
"c588512e359f693b60cdfbe9692b84057d77fad4.jsonld","https://obis.org/dataset/7cfb4cec-64b6-4862-bd69-d313aab5f4d7","identifiersha","2025-04-07 08:26:30+00:00"
"c5907db452a70758f227fefd731b514e06c04390.jsonld","https://obis.org/dataset/2f7b53d1-8f62-47bf-8beb-e0b43935e82d","identifiersha","2025-04-07 08:25:52+00:00"
"c5934672db919bd42308e9dbeacf99e123207edf.jsonld","https://obis.org/dataset/87125c3b-a33f-4c4b-b7a1-853eddf584bf","identifiersha","2025-04-07 08:27:06+00:00"
"c5a806643eb177ad3b73a41ba2694a2f217e6602.jsonld","https://obis.org/dataset/fa37c84a-ae75-46bf-9bae-82ed34b1f911","identifiersha","2025-04-07 08:26:20+00:00"
"c5ab1aae8881dc2c6e75982017f8e7140caadd32.jsonld","https://obis.org/dataset/3a96d77d-a1fa-491d-9705-d885fe93a802","identifiersha","2025-04-07 08:23:34+00:00"
"c5b58fbb5dfeb219f3a864c270d4b8902bb611fa.jsonld","https://obis.org/dataset/8acba7e7-2e50-4490-8328-b78a30472508","identifiersha","2025-04-07 08:23:05+00:00"
"c5c07857466a6acc6704d8b63380c11d94f26bd8.jsonld","https://obis.org/dataset/5e2c6a71-6a29-47a4-b67f-7faa7ff7218c","identifiersha","2025-04-07 08:24:16+00:00"
"c5d2477de6f016806917a9e850fb3c80a6fc47b9.jsonld","https://obis.org/dataset/b62013ef-2619-41ce-8471-f7551003226e","identifiersha","2025-04-07 08:28:01+00:00"
"c5f3a1d0009268917b85755fb0bb5eaed70cb6c4.jsonld","https://obis.org/dataset/5ed811db-baa6-4b24-9109-c48c718681a5","identifiersha","2025-04-07 08:24:30+00:00"
"c612a7fde455e5cd78cfee9c3aa5bf25a81b4105.jsonld","https://obis.org/dataset/bd91634e-d431-4eb7-a3f7-dc29bf6262be","identifiersha","2025-04-07 08:23:26+00:00"
"c6175439edbc9ef20d73b3c8410b34be0b2aaa56.jsonld","https://obis.org/dataset/ba0a2d40-9df8-4017-9def-c0f6c2beb606","identifiersha","2025-04-07 08:27:09+00:00"
"c61d6a266f1a032990655e41dd96acfe1253954a.jsonld","https://obis.org/dataset/413342ff-08ce-4bcc-8450-a1461ba0d704","identifiersha","2025-04-07 08:25:22+00:00"
"c62574af94a548b55d78c47c2c5aab85596607c7.jsonld","https://obis.org/dataset/2973fc19-d734-4766-9f89-34793549ca03","identifiersha","2025-04-07 08:27:35+00:00"
"c64679bd1761b41458a978a876c5028aa3b368a7.jsonld","https://obis.org/dataset/da77ef95-bff6-43f9-8af8-2a1dfa400ba8","identifiersha","2025-04-07 08:22:41+00:00"
"c64a4a0f8abeaef5bf5cc20d44fb946d3d8994be.jsonld","https://obis.org/dataset/2b8436b3-ad92-4810-a860-904b132ae55b","identifiersha","2025-04-07 08:27:13+00:00"
"c668fb5d6420c1cccb14daf8579599a805967799.jsonld","https://obis.org/dataset/2c4f07c6-1c02-4082-88da-9e51b7897f24","identifiersha","2025-04-07 08:22:25+00:00"
"c66d46a59a6ebd7f2ab7ce10b7abd123f2b6ac6c.jsonld","https://obis.org/dataset/90a3a911-2ac5-46f8-87a4-eaa6ae571421","identifiersha","2025-04-07 08:26:02+00:00"
"c6812bab5cd9238ab9be2f5964453c018a5309a9.jsonld","https://obis.org/dataset/d684d4e8-5cc9-4669-a117-d8c7d5e1654a","identifiersha","2025-04-07 08:26:17+00:00"
"c69c0ff28021b286f4cc44f0954478890989df70.jsonld","https://obis.org/dataset/6f0c8bfd-e76a-4d4f-b5e5-6c3983d6067b","identifiersha","2025-04-07 08:23:43+00:00"
"c6a5842231b80a3198a73ab55631f1f4c974ebc2.jsonld","https://obis.org/dataset/17a5ef9f-f924-404b-b742-97c4df97a862","identifiersha","2025-04-07 08:26:32+00:00"
"c6b3c1fa684e9bbd594d482bee97a0270ac53b4b.jsonld","https://obis.org/dataset/809e004e-bf1c-43f7-83ed-030eb33d52ba","identifiersha","2025-04-07 08:26:27+00:00"
"c6ed454f77f1f8b24aa1f1294a0cfeb9ddddf9f8.jsonld","https://obis.org/dataset/65429205-459b-4600-bd4e-e3abe7aeab31","identifiersha","2025-04-07 08:23:51+00:00"
"c6f74d454a325fcd4ae7b96a053843f0b1932a1d.jsonld","https://obis.org/dataset/dcd94f23-59e3-4af6-8ac9-496c96ccad7d","identifiersha","2025-04-07 08:28:27+00:00"
"c6fbda5a65d1d5d0c2ff9ad0fbda6ca13947cf1d.jsonld","https://obis.org/dataset/9aa5f434-8459-40c4-a02f-1263535108ac","identifiersha","2025-04-07 08:25:29+00:00"
"c6fd1832fdd7330a89e242be329e678569e606f9.jsonld","https://obis.org/dataset/183b784c-a1ec-4eea-8bc5-67c93c4f21f6","identifiersha","2025-04-07 08:27:02+00:00"
"c73ed96835d0df9d8678535f00c3e6c72fdb7d97.jsonld","https://obis.org/dataset/41466e7f-1876-475a-b67f-abb1ab6567cf","identifiersha","2025-04-07 08:27:59+00:00"
"c74a30f723ddba37407dac3b44b4bf46069e7c99.jsonld","https://obis.org/dataset/ec7a8328-a85c-42ef-9f09-98efd5316657","identifiersha","2025-04-07 08:27:52+00:00"
"c74c5a2162f2b8116974958f9abd91e5f0c2f8a9.jsonld","https://obis.org/dataset/ad046ce6-7481-4a87-b163-4ab416573859","identifiersha","2025-04-07 08:27:34+00:00"
"c77d09691021a2254783f374c3296a50ee3c0ff1.jsonld","https://obis.org/dataset/741d51f3-ab7f-4c05-a245-8ffd17eb97ad","identifiersha","2025-04-07 08:27:14+00:00"
"c79c1e7cecb2a594eb3f0e037b452240fb8b9c5e.jsonld","https://obis.org/dataset/b5ee4e05-0680-487a-a4ac-06006359cd50","identifiersha","2025-04-07 08:23:00+00:00"
"c7bb4937e095d5ccd45b586f8bdcb5b9c85761f1.jsonld","https://obis.org/dataset/c28a98ea-84bc-4930-8d82-778ed7402269","identifiersha","2025-04-07 08:22:35+00:00"
"c7d431a3e4447e8790ddb1df1a8155f563920d0c.jsonld","https://obis.org/dataset/3ca17060-aa46-4ac7-a504-1d4ebc7b0ad0","identifiersha","2025-04-07 08:25:02+00:00"
"c7dd7a44b3b2e10884579184db0ad524f7393409.jsonld","https://obis.org/dataset/6b45e770-4625-43dd-abc6-c4844a417b55","identifiersha","2025-04-07 08:24:42+00:00"
"c7e7de378d5ea56b3e54f4955ba7ca7b2c51233d.jsonld","https://obis.org/dataset/69150836-c69f-4661-aa79-879b62e08378","identifiersha","2025-04-07 08:24:51+00:00"
"c7e800f577547605bf5df71e5b0f96c473bc853b.jsonld","https://obis.org/dataset/878629cb-3064-45c4-816e-9ad51294f4c9","identifiersha","2025-04-07 08:27:17+00:00"
"c7eeaa95506307dbd1e17eb8ff27e3e143da47ee.jsonld","https://obis.org/dataset/1663ee07-fcf6-4cdb-af71-b6220902f621","identifiersha","2025-04-07 08:27:05+00:00"
"c7fc75f32615e3ec3dbcf2e4e0a2ea088b04e62e.jsonld","https://obis.org/dataset/a7a946da-3764-43c4-a84a-ffe8df855b37","identifiersha","2025-04-07 08:26:40+00:00"
"c7ff08622d16ac6cee768cbc48dcb6c338eb06c4.jsonld","https://obis.org/dataset/7a083ebc-8265-4e71-a189-01e84a52b163","identifiersha","2025-04-07 08:26:52+00:00"
"c800c8a493c14576172069b8f910c0dacfa81f25.jsonld","https://obis.org/dataset/b9fa920c-5fbd-4d75-b004-cc9cc577b7e4","identifiersha","2025-04-07 08:26:16+00:00"
"c800fb09f45fb656f88e3bd537f93990bb541e7f.jsonld","https://obis.org/dataset/00f136b5-9091-4eb2-a2af-fc2ffb80b938","identifiersha","2025-04-07 08:26:21+00:00"
"c8168db832e3247c1ffd1ed3f948cffae07efe32.jsonld","https://obis.org/dataset/a055ea7b-0d72-43e7-96ce-9528c098c02c","identifiersha","2025-04-07 08:28:35+00:00"
"c817a926856f42ee18b6abb3b5893f89346908c3.jsonld","https://obis.org/dataset/3f7a3e8d-f0ea-4786-90b8-da7194d87163","identifiersha","2025-04-07 08:23:21+00:00"
"c81c8f1e142472b4b5cbcb3a066cb9875dcde387.jsonld","https://obis.org/dataset/6b6ae0c9-662d-4a81-8caf-dd189db81f88","identifiersha","2025-04-07 08:23:58+00:00"
"c82be00a2232b7ed2b47b76b4326a25b94ed2424.jsonld","https://obis.org/dataset/e3ce094e-9d34-4df4-bbf3-21d1151011cb","identifiersha","2025-03-24 00:33:36+00:00"
"c847b0151008342f016f49e781e9969ab290b7d3.jsonld","https://obis.org/dataset/ee298342-0b33-471a-bffd-49ab42347258","identifiersha","2025-04-07 08:24:43+00:00"
"c849b645f40848b9b4d48839cda68f23ba7d86f6.jsonld","https://obis.org/dataset/08497854-2833-4b1e-9032-427e974b5101","identifiersha","2025-04-07 08:27:10+00:00"
"c85069fd1801a7202d6b1c538dd55d00f7d726f6.jsonld","https://obis.org/dataset/2c77de0d-35f0-49a5-aa07-9ee730dbda29","identifiersha","2025-04-07 08:28:21+00:00"
"c865c15eb9d2a6de1cc1f3825753093920fe8950.jsonld","https://obis.org/dataset/2a6cb769-7c4f-4309-b3dd-f62efe415167","identifiersha","2025-04-07 08:27:55+00:00"
"c86ecd845f900acadcf45e0d95f5aab4bcb5dbbe.jsonld","https://obis.org/dataset/baa416c9-4da0-450e-8ab6-ec3623b1c198","identifiersha","2025-04-07 08:27:57+00:00"
"c885fb3f3d81263d5da0c4a832495be9416b8131.jsonld","https://obis.org/dataset/59ea7e58-052b-4107-9b7d-23ec2c46122e","identifiersha","2025-04-07 08:28:23+00:00"
"c8ba2519d31be409b54b5fbca130d02db87f77cf.jsonld","https://obis.org/dataset/0c61d911-3b74-4ba0-97b5-eebf411843d6","identifiersha","2025-04-07 08:22:59+00:00"
"c8beaa287f9ffa57567de0429886898044147ee0.jsonld","https://obis.org/dataset/aba3c01d-3f9e-42ff-a645-20bb38a34214","identifiersha","2025-04-07 08:26:08+00:00"
"c8d1e103662b6ce8044bf38ea4f9b4a28c798df9.jsonld","https://obis.org/dataset/843d3c1f-d82a-4ebd-b5f9-299706f04789","identifiersha","2025-04-07 08:24:01+00:00"
"c8d35e0eb72598aa5d67d186e4aa39af6c7400c4.jsonld","https://obis.org/dataset/b9a8255c-f6db-4178-b170-eacb1b140354","identifiersha","2025-04-07 08:27:49+00:00"
"c8d6217361971c9ce21d6f0def77c38d6d31fb98.jsonld","https://obis.org/dataset/c930bc86-a21a-437c-82d0-ad83306303f3","identifiersha","2025-04-07 08:27:31+00:00"
"c8e611d9ad432790014eeccef3fea26df3e8e10e.jsonld","https://obis.org/dataset/0ab8e00e-6513-4ba9-ad63-2ce1c249d2a3","identifiersha","2025-04-07 08:27:57+00:00"
"c8eab6ae64dc4f68102b4d7238d6fd0fcc90ebad.jsonld","https://obis.org/dataset/1f78b466-8207-4f2d-9be1-fad82e10d2d8","identifiersha","2025-04-07 08:23:42+00:00"
"c8ee0e6f502419e910ab12091f584aa9b5fc1cdb.jsonld","https://obis.org/dataset/3038acd7-24ef-424e-9a6a-851e3fdafcdd","identifiersha","2025-04-07 08:23:47+00:00"
"c8f1bb3c76377065e035cde61598a6d928c2d39a.jsonld","https://obis.org/dataset/2020529f-3220-4f4f-9e0f-bd4edc3df85b","identifiersha","2025-04-07 08:25:28+00:00"
"c8f88065e128d5ce814b6cd33237643774e67b7b.jsonld","https://obis.org/dataset/9decd752-d5af-468c-b772-47df3c582c47","identifiersha","2025-04-07 08:26:24+00:00"
"c8fd2210b9f11c8ad6f6ae8bd29740c7c364a038.jsonld","https://obis.org/dataset/431f96f7-521c-4182-ae89-0533c5e809dd","identifiersha","2025-04-07 08:25:10+00:00"
"c8ffd6e35e61da142a510f4556e8a369aac07017.jsonld","https://obis.org/dataset/7cd36208-8eda-46cb-88ce-6c57410dfada","identifiersha","2025-04-07 08:27:46+00:00"
"c92bf44fc6bd262f5e65212919b8d13ac84d58a2.jsonld","https://obis.org/dataset/a70ca59b-044a-4a65-a489-408c6498333a","identifiersha","2025-04-07 08:27:40+00:00"
"c92ed78d5f5b83a8701622cab12000c9ed78c8fb.jsonld","https://obis.org/dataset/5c37fe6f-16d7-4da2-a591-fb4420fc217f","identifiersha","2025-04-07 08:22:42+00:00"
"c931e6e573a6f0dc4579188b9116ecedfdeaf99c.jsonld","https://obis.org/dataset/fabd272c-df1a-4ffb-9ecc-9af1a17bc27a","identifiersha","2025-04-07 08:24:37+00:00"
"c93a1f955708f8cbd60d510357c95431da8660a8.jsonld","https://obis.org/dataset/72f00c0d-996a-4191-8b45-e701f75da0d1","identifiersha","2025-04-07 08:26:25+00:00"
"c93c115e8be8a5fee7f968a3edee34f213d80001.jsonld","https://obis.org/dataset/99e432a3-9be6-4374-b6d2-91e29d6a5987","identifiersha","2025-04-07 08:26:39+00:00"
"c9419ab270a9f6495b50cce15d72ae13ac65522a.jsonld","https://obis.org/dataset/bbb88dbe-51dd-4f8a-a51a-95b06c92f821","identifiersha","2025-04-07 08:28:00+00:00"
"c94f6c294bed96b8f6ee3b183e66ce8effaa11d7.jsonld","https://obis.org/dataset/01e33461-4719-4e9b-8b3f-8162a04707b0","identifiersha","2025-04-07 08:24:18+00:00"
"c94faf88a0a2ed49eed86af21f99e7f144d51f1f.jsonld","https://obis.org/dataset/55e8c1e5-bb02-482b-adf5-ed576b0f7133","identifiersha","2025-04-07 08:22:30+00:00"
"c95cae0b7c2d6cd0540a5e17b038d038bbce1c97.jsonld","https://obis.org/dataset/7f5f426e-80bc-4f3b-8d1c-697b086287e8","identifiersha","2025-04-07 08:25:57+00:00"
"c95e25c2563c6bf2636a7e426fd5dad10f3d8e07.jsonld","https://obis.org/dataset/f0153b4d-22d6-4368-b89f-ea7c8aa56e67","identifiersha","2025-04-07 08:24:45+00:00"
"c96baa4ac480c7f4b6108595bf6b3064f1eb7b33.jsonld","https://obis.org/dataset/13347b12-7281-420e-81db-e64b46acc297","identifiersha","2025-04-07 08:25:08+00:00"
"c985c55cb52ad8fd2c94e496529adb4863576ec3.jsonld","https://obis.org/dataset/ed8c04c5-199d-4486-8886-698c9b870415","identifiersha","2025-04-07 08:23:04+00:00"
"c98627909a147402a984854e9ece6c4558055ac1.jsonld","https://obis.org/dataset/ed74a4b3-8a94-42d4-8cd5-3d3a45cc0cb7","identifiersha","2025-04-07 08:24:08+00:00"
"c99522520a43d2a838d90cc334fdc7eac7443528.jsonld","https://obis.org/dataset/7afba27f-8547-4899-829e-b4bd25765322","identifiersha","2025-04-07 08:25:58+00:00"
"c9a9b6d22af5f6329607b6a5bad75f711c7a2301.jsonld","https://obis.org/dataset/81052564-3563-4036-9031-872cb056e936","identifiersha","2025-04-07 08:22:35+00:00"
"c9ac03f244bd5f928dbd25944d169e427e718662.jsonld","https://obis.org/dataset/042dd549-775a-4441-ac7b-02c715497daa","identifiersha","2025-04-07 08:28:27+00:00"
"c9aca83ca3f8ffae8f593983b44aefaab064b267.jsonld","https://obis.org/dataset/422c3f13-db22-4bb0-b9bd-98d09ac2f6ab","identifiersha","2025-04-07 08:27:11+00:00"
"c9d5b46f4bcb68579a5870579d3bce7bce6afb1e.jsonld","https://obis.org/dataset/7137155d-f555-449c-9a9b-28af6f17c4a4","identifiersha","2025-04-07 08:25:40+00:00"
"c9d70572c5fe862884468e7f509629f8e989ba04.jsonld","https://obis.org/dataset/64bf2c2d-0e8c-484d-90ce-81b3a79c1f3b","identifiersha","2025-04-07 08:24:40+00:00"
"c9d9b09617df2026055eee99becd312be59557b1.jsonld","https://obis.org/dataset/3a227016-f4fd-4c81-a380-e1627c60cb3d","identifiersha","2025-04-07 08:27:42+00:00"
"c9ea30329d862ca622eab52979943b8d4d36a5d1.jsonld","https://obis.org/dataset/ae7f3abc-6bbf-4329-9a53-3819c01d2c08","identifiersha","2025-04-07 08:26:26+00:00"
"c9edba00723f545c861ba2399d81c98ae4acb12e.jsonld","https://obis.org/dataset/43b57b3c-ca35-48c2-8a6a-76d9116def90","identifiersha","2025-04-07 08:25:19+00:00"
"c9eea56a190aa56f31c73300a7b158c77a9f56d2.jsonld","https://obis.org/dataset/0c1cb7e9-c7d1-4643-b245-daa8839a183f","identifiersha","2025-04-07 08:22:31+00:00"
"c9f8e175171f849da7cedee17de9b9bada92f583.jsonld","https://obis.org/dataset/ba239315-1d4f-47aa-a398-5293782012fc","identifiersha","2025-04-07 08:23:34+00:00"
"c9fe00b3e073fad27c2958b8e34125fb14d143aa.jsonld","https://obis.org/dataset/b005195b-414b-4b29-9352-e7522fa8af74","identifiersha","2025-04-07 08:23:35+00:00"
"ca1d47daad5ca12c05031455e88c0f1e31144b98.jsonld","https://obis.org/dataset/1a42b0c7-e99c-4510-8cbb-25a82dac09e4","identifiersha","2025-04-07 08:27:06+00:00"
"ca1ecce3df6abc9fa8b0cd47ac8a77e2b32f59e2.jsonld","https://obis.org/dataset/f6b34484-a203-4e59-875d-301b8bc59834","identifiersha","2025-04-07 08:25:28+00:00"
"ca277ac6a7be700b07aeaf1658145d8865a1aa34.jsonld","https://obis.org/dataset/6bc626ea-0160-4653-8ff3-01ab09b194b0","identifiersha","2025-04-07 08:25:45+00:00"
"ca27a6338ee0c75d288fd3a711a789488ac31260.jsonld","https://obis.org/dataset/f68aab55-9261-49fa-8bf9-e6fe6fa7661b","identifiersha","2025-04-07 08:23:05+00:00"
"ca333597774adedf3acb11dfd4df8666799fc3b9.jsonld","https://obis.org/dataset/83c9c3ba-e8eb-4d8f-ab6d-d9b25308e69f","identifiersha","2025-04-07 08:28:04+00:00"
"ca4861a62215a6a461e74015f84b5f717d3a7442.jsonld","https://obis.org/dataset/f7389969-2a16-484d-8dfe-ecf1b6f36d4b","identifiersha","2025-04-07 08:27:18+00:00"
"ca569ab00a8a2cfa611f4aac9a54ec638c7a63a8.jsonld","https://obis.org/dataset/07ee2a54-17c9-4888-a180-2250fbc3d501","identifiersha","2025-04-07 08:26:50+00:00"
"ca65c68fa1031cbff0c44c345138af4ce558c86d.jsonld","https://obis.org/dataset/331444c9-952b-4365-8afa-c4bf38f6a2ef","identifiersha","2025-04-07 08:25:15+00:00"
"ca6ccfb31f4d989c818877c9618e2f707d9ce4a5.jsonld","https://obis.org/dataset/d90281b7-cce9-49a1-b27a-1226a90b6777","identifiersha","2025-04-07 08:26:59+00:00"
"ca6d9269142807505b846ff99f1a4847b58416f6.jsonld","https://obis.org/dataset/aa3069f6-e00d-4e5a-b740-e93fc1eb0f47","identifiersha","2025-04-07 08:25:56+00:00"
"ca70e28e843b727a0e562c069827a5626ea7e1e2.jsonld","https://obis.org/dataset/92af50ad-c9d7-4fe7-b012-eae0e77233a2","identifiersha","2025-04-07 08:24:10+00:00"
"ca777e667ccdf4809db85860edb3312e3d5f9284.jsonld","https://obis.org/dataset/9eadbad7-d3b7-4e44-a230-bff702e35f91","identifiersha","2025-04-07 08:23:17+00:00"
"ca7d13f5b87a847ed83328ef8b92553a1274f300.jsonld","https://obis.org/dataset/e79bb430-0145-4b13-bcf9-89024cfe64ee","identifiersha","2025-04-07 08:24:01+00:00"
"ca8896f99cf4a8064d311f7495cbcb4dee9f5dea.jsonld","https://obis.org/dataset/4a3ae730-82e2-4aa2-91f1-ff675bb6d1a1","identifiersha","2025-04-07 08:25:10+00:00"
"ca8a817406d41fa74db6d9d5338a8f257d6ffc0b.jsonld","https://obis.org/dataset/77e4c37f-a453-42c7-b8ff-6f824623fe87","identifiersha","2025-04-07 08:24:04+00:00"
"cad15905d3e902107403be78c3213adbd540749f.jsonld","https://obis.org/dataset/e89f1a10-f157-4868-a958-6b9c5a6c8e2d","identifiersha","2025-04-07 08:27:59+00:00"
"cadf759a8bc9fe963395b4c1c0ef20c61ae1114e.jsonld","https://obis.org/dataset/0ec403c9-23b3-4529-ae51-8a0877f22450","identifiersha","2025-04-07 08:23:04+00:00"
"cae0599ac7d2ab151f6c91a6ff4bfdfb3092e01f.jsonld","https://obis.org/dataset/fe122ff7-d413-49ee-b08c-0212e54c9df8","identifiersha","2025-03-24 00:43:07+00:00"
"cb1f81b26df96cf68202dddc152cd2ba98f73730.jsonld","https://obis.org/dataset/a4bb1978-5aa4-4fd2-b8f3-ffc19b6467dc","identifiersha","2025-04-07 08:23:41+00:00"
"cb23b41281c23dab330122f0e35dfd2df8a8001b.jsonld","https://obis.org/dataset/5fbbc3e4-e951-4aa2-a16c-ac9258933d6c","identifiersha","2025-04-07 08:26:00+00:00"
"cb245e06a65cd94b1fe37e4b7e0c6c0f1d832f3c.jsonld","https://obis.org/dataset/5ad4244f-895a-4b9c-99be-1f88f5369023","identifiersha","2025-04-07 08:22:51+00:00"
"cb2c2bc735e9c4023a59e6da9829ec1fb4e0ec15.jsonld","https://obis.org/dataset/488f7e7c-1c38-468c-b11a-843c55b4ab01","identifiersha","2025-04-07 08:22:42+00:00"
"cb444adf838e166d6a55e766990a471e28732132.jsonld","https://obis.org/dataset/bb8a2596-a3e6-4d2d-99cc-2680a480d4d3","identifiersha","2025-04-07 08:28:10+00:00"
"cb49866c3e1b9a8adc92c982bc410da8eca1b997.jsonld","https://obis.org/dataset/72264c95-df27-4608-8950-024cd31fcb97","identifiersha","2025-04-07 08:24:47+00:00"
"cb504110a4129219d0dd2c9a94381968403a9bc5.jsonld","https://obis.org/dataset/0bc630d4-2ce0-427e-a1cf-3324ca19cb1d","identifiersha","2025-04-07 08:28:35+00:00"
"cb64d1eca24af52d00f966ab591fb3d2dd4cbf72.jsonld","https://obis.org/dataset/40e338b5-44dd-46dc-a43a-3e28d1d225e7","identifiersha","2025-04-07 08:23:55+00:00"
"cb65428cb2d46b2c20034ae4fa2e2d2c4ba891dd.jsonld","https://obis.org/dataset/83167474-710c-47da-81b8-486898b0c1dd","identifiersha","2025-04-07 08:25:33+00:00"
"cb6fd9584cc36a8f61a0633215e7ed9a1de85dc4.jsonld","https://obis.org/dataset/290b7eb4-8ab9-4b3f-8b10-30f8fa5e4d37","identifiersha","2025-04-07 08:26:44+00:00"
"cb78ee356deeed9ba9779cbdb10141f76c4ffdc1.jsonld","https://obis.org/dataset/5c450ef9-c564-45fe-b146-e44139a8ea89","identifiersha","2025-04-07 08:24:47+00:00"
"cb8950b8ef59f368cf1c25a50dcc30d05f0d813b.jsonld","https://obis.org/dataset/b74f72f3-cc3d-42b2-aa01-930d5ad4f9c2","identifiersha","2025-04-07 08:22:52+00:00"
"cb931ddcf91fb5b5171e3a52e074f1353767c6f6.jsonld","https://obis.org/dataset/392bc81f-4a51-429e-93d2-be78799fdd82","identifiersha","2025-04-07 08:24:33+00:00"
"cb93a5183b5f01787c1b5d4e6f077bc419812f14.jsonld","https://obis.org/dataset/a2426321-7817-4086-ace6-f16ce16a3653","identifiersha","2025-04-07 08:24:02+00:00"
"cb974de785bcfc92585c4a0204b9a58778b7e10a.jsonld","https://obis.org/dataset/0fd63ab8-597b-4205-b94d-01ae38431cc6","identifiersha","2025-04-07 08:26:58+00:00"
"cbbbc222604aabc1a3ce46fc7ffc008cdc5d5c58.jsonld","https://obis.org/dataset/1029e0af-f938-4c51-9b68-2cb2f43147ae","identifiersha","2025-04-07 08:26:45+00:00"
"cbc26df5cccea13bc3cae5acd395835cf2af1df3.jsonld","https://obis.org/dataset/bcd3a958-2fd8-4f8a-b5f7-88e690e36187","identifiersha","2025-04-07 08:23:33+00:00"
"cbdc50203f08367d3da5bd2be8f2b64a8ce8c641.jsonld","https://obis.org/dataset/b96a03d0-c759-4035-aca7-4b21612c72d9","identifiersha","2025-03-24 00:42:04+00:00"
"cc042cac3570c9f2a4f533b1ae235dce4ca1665e.jsonld","https://obis.org/dataset/82519150-e1af-4512-bf2a-2bbdad6bfe7e","identifiersha","2025-04-07 08:27:37+00:00"
"cc131541a4cae23be2911e8ea23038fec5a3f3e0.jsonld","https://obis.org/dataset/72f1ab78-1fc3-493d-943f-8e16c6112f26","identifiersha","2025-04-07 08:23:06+00:00"
"cc3490c647683549648d49a51e451a2e90f8dfd5.jsonld","https://obis.org/dataset/b3cb8bbc-803d-4b2e-8183-86f922f5a072","identifiersha","2025-04-07 08:28:36+00:00"
"cc668cb0f8d5ac7eed37eb216cfd44037a7a94ad.jsonld","https://obis.org/dataset/a76162ed-b914-448a-8137-c355ffd8c0c5","identifiersha","2025-04-07 08:27:28+00:00"
"cc6b2f1b6907ed2861a5ded04700857cad31de71.jsonld","https://obis.org/dataset/2f6e3dbd-64b0-4371-9a67-6e98305a32e0","identifiersha","2025-04-07 08:26:26+00:00"
"cc725d4d45c34e047909534f9f5dd010d6543de1.jsonld","https://obis.org/dataset/48b53def-46f8-4e6f-9fae-fb4d90a24fd1","identifiersha","2025-04-07 08:24:26+00:00"
"cc72649fe7872ac9962eaf2af2db96b233ddec2a.jsonld","https://obis.org/dataset/21ba87b4-74c1-42da-829d-ec592627361c","identifiersha","2025-04-07 08:23:52+00:00"
"cc7ea910766d029efc447dedc99d21a74e057f73.jsonld","https://obis.org/dataset/65879312-2a5b-4c60-bc9b-97ab9e105336","identifiersha","2025-04-07 08:22:42+00:00"
"cc7ec5a523a3227a6c3685d7c7af3de101115f7b.jsonld","https://obis.org/dataset/a1beaeb4-b27c-4b26-9783-2861984d8e4a","identifiersha","2025-04-07 08:22:57+00:00"
"cc841e7cd2f84606f26959715189e7d4a6c0b770.jsonld","https://obis.org/dataset/924b2a55-0735-49ff-bf4d-03b810797268","identifiersha","2025-04-07 08:23:02+00:00"
"cc8df009b398d1326e94841fc34063d56bce4efb.jsonld","https://obis.org/dataset/62658cbe-5420-4c6f-91cd-0acb6d8bc03a","identifiersha","2025-04-07 08:25:12+00:00"
"cc90987d93520e26680bcfc1f724dc96e947e3ae.jsonld","https://obis.org/dataset/b4a2c5e2-16b1-4971-94b0-bb5d7dcafdf8","identifiersha","2025-04-07 08:26:03+00:00"
"cc933d5b1d4eddae4d4c0fe416f081e501dc4c1c.jsonld","https://obis.org/dataset/f3cea5d8-361d-401e-b335-cc6a4f3361f9","identifiersha","2025-04-07 08:25:11+00:00"
"cc9ce78dba3ef9698569276277b9bb5f8d14947b.jsonld","https://obis.org/dataset/bd5a1e14-db3c-4e03-a56e-e80a5d449f8c","identifiersha","2025-04-07 08:28:32+00:00"
"cca38ad316e95aa77d5b26635adc57ebfc5d6662.jsonld","https://obis.org/dataset/15a20192-5e99-45a5-986a-f6f84b569f37","identifiersha","2025-04-07 08:23:50+00:00"
"cca59d32f7f2c389430cf286b528e053eb6b3e18.jsonld","https://obis.org/dataset/48beeea5-60d5-4e11-ad3c-754a4a814da9","identifiersha","2025-04-07 08:27:29+00:00"
"ccac455d434852c0a75d7422ae4eba128facfdb3.jsonld","https://obis.org/dataset/a638ad06-33aa-4346-a146-3ad91330e8ae","identifiersha","2025-04-07 08:27:12+00:00"
"ccde6269f55560f892ed8067212a436652500a1e.jsonld","https://obis.org/dataset/72406526-bc8d-4a71-92a6-289795e0fc9c","identifiersha","2025-04-07 08:28:11+00:00"
"cce873470c3d477e1597301a1d030c3238dfd76f.jsonld","https://obis.org/dataset/eb4c9fce-7d3f-43e4-a00e-9404866472c9","identifiersha","2025-04-07 08:24:43+00:00"
"cd09c59209c355d8cba6cb740b4e24af591865af.jsonld","https://obis.org/dataset/19311ebc-25a9-48fd-9146-f8bd4fceb3ed","identifiersha","2025-04-07 08:26:55+00:00"
"cd0cafbc770d732ba85da5ac9e464ca58f333ee0.jsonld","https://obis.org/dataset/d0e5f1d2-75ba-4905-8c54-204e9dc3a425","identifiersha","2025-04-07 08:24:14+00:00"
"cd180c812dd2c204a9a0021e076c4d913824e545.jsonld","https://obis.org/dataset/cc5adf5c-ca2a-418e-85c1-b017af0bac5e","identifiersha","2025-04-07 08:24:31+00:00"
"cd183750df755512aacb1404cbfa125eee7db987.jsonld","https://obis.org/dataset/7bb29932-5b63-4aba-8b07-591cf50cecc8","identifiersha","2025-04-07 08:28:22+00:00"
"cd1b2b51a417b5801acfefa3ffe2e5533673358f.jsonld","https://obis.org/dataset/ea93b52d-23aa-4be7-9686-a56be3b3ee2b","identifiersha","2025-04-07 08:23:04+00:00"
"cd2aa1dd963c12ee02337536e51fac3093fa2e6b.jsonld","https://obis.org/dataset/222daba8-52fe-4bf7-87b0-23ee0312ecdb","identifiersha","2025-04-07 08:23:09+00:00"
"cd2ad6e5c72af623a3cad8cbbeae0e99441cedbd.jsonld","https://obis.org/dataset/63bc35fe-a9ab-4cef-935a-56591fa0d91d","identifiersha","2025-04-07 08:23:02+00:00"
"cd3ccb4f633f55322485eb990cfb4b63a6aa2c56.jsonld","https://obis.org/dataset/8af952a7-fbfc-45ea-990d-87ee0a34a804","identifiersha","2025-04-07 08:25:06+00:00"
"cd5e1617ec6472e7f0022706fb1cdc170a62e403.jsonld","https://obis.org/dataset/2cf7b061-8bf1-4556-a8c2-e45727efc6ac","identifiersha","2025-04-07 08:28:14+00:00"
"cd671a8f34d47c5d9483d3a294fb4a434d519f23.jsonld","https://obis.org/dataset/e1596349-f981-4d71-9ab6-1c3e364f668a","identifiersha","2025-04-07 08:25:16+00:00"
"cd7271197496e2462ca7b3f9227a074189bd1243.jsonld","https://obis.org/dataset/1d81a51c-66fc-46bf-a7c3-311d655763d6","identifiersha","2025-04-07 08:26:16+00:00"
"cd82cc7aa826094ea8a8ac24c98058894b990a51.jsonld","https://obis.org/dataset/32f5240a-6f3c-4462-b679-55fcac058e4c","identifiersha","2025-04-07 08:25:55+00:00"
"cd8892b9f6ba95108143d73ea8db3f14b4e8b550.jsonld","https://obis.org/dataset/1ca79b61-ab96-420e-8560-09b01ca33812","identifiersha","2025-04-07 08:27:47+00:00"
"cd896cc32599d405c8bf7be3be397210b4836e54.jsonld","https://obis.org/dataset/833fad77-7f14-496f-af83-a2fdb47c0cb4","identifiersha","2025-04-07 08:22:33+00:00"
"cd8ad04c5888e7bdb6ffc6a154c25f2eb0e90b54.jsonld","https://obis.org/dataset/75696603-8f82-4554-acf4-192884bbfee0","identifiersha","2025-04-07 08:24:16+00:00"
"cd96b9aaab4850c818f2804ce21644cc29338527.jsonld","https://obis.org/dataset/d74cf62f-cb40-494f-abe5-5b447a32c401","identifiersha","2025-04-07 08:28:10+00:00"
"cd9a823323dac777a664ec72e51bd0cafe43f831.jsonld","https://obis.org/dataset/0dd40113-e298-443a-961c-239d2f58a1cb","identifiersha","2025-04-07 08:23:20+00:00"
"cdb1490e2dd2556bc82c0b4a12436ea3212726cc.jsonld","https://obis.org/dataset/6e18e05f-a198-49e2-a59d-edd721f5a677","identifiersha","2025-04-07 08:24:01+00:00"
"cdb220192fcb4b76d4e2ac87fb363174e73e94ce.jsonld","https://obis.org/dataset/0e1e9f4c-2e74-41f6-8d9d-df50ee034a46","identifiersha","2025-04-07 08:25:39+00:00"
"cdb8b477132a89daea5e1d3508169c2bbc44b0d5.jsonld","https://obis.org/dataset/81fb1b7f-edae-4e71-ac26-a3604a296eeb","identifiersha","2025-04-07 08:26:43+00:00"
"cdc66521f8ab46e17c517ef31cd75b31df45e177.jsonld","https://obis.org/dataset/2ca8a7bc-7ef4-4c60-88be-8759d1af856d","identifiersha","2025-04-07 08:26:10+00:00"
"cdd8ffece9e42a6ac3d8703ea6038ba57c76ff54.jsonld","https://obis.org/dataset/b3501f78-3dfb-4227-bd0d-16048c7b73db","identifiersha","2025-04-07 08:28:14+00:00"
"cddfe9f0ddf4e2fd573f82a1408dfac3b94a4288.jsonld","https://obis.org/dataset/91b4fde9-b9e0-4839-8ea3-ab027eb07eac","identifiersha","2025-04-07 08:28:21+00:00"
"cde0e318c19ca1a6594349e2a8189b2cf0344307.jsonld","https://obis.org/dataset/1b351842-59b5-402a-bc6d-87bd3d60da0b","identifiersha","2025-04-07 08:24:07+00:00"
"cdf0d3a444affbd4ced23704cf6efcd4a54c19b8.jsonld","https://obis.org/dataset/efd41f3b-cf56-4306-b945-87adc30c834f","identifiersha","2025-04-07 08:23:38+00:00"
"cdf70cb7b0c8299c217a0eff25113b58659ad95c.jsonld","https://obis.org/dataset/1da27b9b-4300-4767-b41a-cc04d1bcf612","identifiersha","2025-04-07 08:24:47+00:00"
"ce07f25d6cb3678bcc406f0ca8615a4526dfe5ef.jsonld","https://obis.org/dataset/ac6af23f-460b-469e-a29f-7bbd0bb48bf1","identifiersha","2025-04-07 08:22:42+00:00"
"ce08ed098c18a0d91b365141fdcb81d5fcd117e4.jsonld","https://obis.org/dataset/fca89ed4-edc3-4dfd-b907-4df3d4b6ebb8","identifiersha","2025-04-07 08:25:14+00:00"
"ce0c1a67ca49a13aaef41f430ec6f37567207238.jsonld","https://obis.org/dataset/381c303e-25b8-42ca-baeb-bd6de0288fc4","identifiersha","2025-04-07 08:27:51+00:00"
"ce1ac8c59e62f8def100afd688640fc4ba3a8c56.jsonld","https://obis.org/dataset/b2c5bf0c-4c3c-42ef-a361-2428d679c32e","identifiersha","2025-04-07 08:26:33+00:00"
"ce2804705007cbc3009d4d3008da68a7b4f9d040.jsonld","https://obis.org/dataset/3eb5bcd4-5258-48a4-93dd-ae14de6f7e56","identifiersha","2025-04-07 08:23:29+00:00"
"ce35f223dd974548b3629a4146df03edc8a2ad07.jsonld","https://obis.org/dataset/36a3b726-1080-41ae-a401-81ac5a83457e","identifiersha","2025-03-24 00:38:50+00:00"
"ce42b19b72365d9b5f18c61af035166625c1b283.jsonld","https://obis.org/dataset/e3ce094e-9d34-4df4-bbf3-21d1151011cb","identifiersha","2025-04-07 08:24:47+00:00"
"ce4341e0b60df997665f0126d30276ef8fc34328.jsonld","https://obis.org/dataset/dda57641-6187-46a1-9e9b-d682a8bc3dee","identifiersha","2025-04-07 08:25:23+00:00"
"ce496809a9613592dd02b648eedb34fc1b8de9ce.jsonld","https://obis.org/dataset/828e9105-c042-4848-adbc-69b977d10657","identifiersha","2025-04-07 08:25:30+00:00"
"ce6a16ad496a675513dc719cac1d9e92ed886e13.jsonld","https://obis.org/dataset/e9b7922b-9e31-40c3-b7fe-4b10bfa78ac1","identifiersha","2025-04-07 08:27:13+00:00"
"ce71d44569f8b4b22e33531617510531cc550bc9.jsonld","https://obis.org/dataset/3f167335-5de1-4489-87c0-b7249a3d2f1d","identifiersha","2025-04-07 08:26:01+00:00"
"ce86c1b5ef8c563ca0a136baab701b22be0ad7c7.jsonld","https://obis.org/dataset/508b1d7f-a66d-4819-8e44-89978f4d60e8","identifiersha","2025-04-07 08:24:10+00:00"
"ce8b88f5b14d61973abd345d102971c15b9cacaf.jsonld","https://obis.org/dataset/f9985d8e-1c1d-4d4a-a78e-b030ba1359c8","identifiersha","2025-04-07 08:24:10+00:00"
"ce9042608e834f1b5d6f23b9e3d9efc00c1cb3b8.jsonld","https://obis.org/dataset/f6dd8e07-b1e8-45ed-b5ad-c938ed71830e","identifiersha","2025-04-07 08:24:14+00:00"
"ce91fca31a967afa22cdafd1621a4b490dc0021c.jsonld","https://obis.org/dataset/da0ff4be-c009-483c-9603-c4849b950dc3","identifiersha","2025-04-07 08:24:57+00:00"
"ce956722eb4ddefbe2f2618cf4b9ae839bddb168.jsonld","https://obis.org/dataset/a3651bc8-54e3-4991-af36-c09b3830cac3","identifiersha","2025-04-07 08:26:45+00:00"
"ce9abe42fd82cc9d5d6c5c1770a58df66e5ddce8.jsonld","https://obis.org/dataset/df15ad3a-b08d-4e36-bb2b-a8bc0ce6a71d","identifiersha","2025-04-07 08:25:48+00:00"
"cea0cda62c12169c4f0334db28b4f6d716495b8f.jsonld","https://obis.org/dataset/7a101b4e-411f-414f-abb6-39d5abd8975a","identifiersha","2025-04-07 08:27:23+00:00"
"cea8c75ffa7519ba6c20060fdaec96f8059bccb7.jsonld","https://obis.org/dataset/015f4a3e-0202-43cf-8424-97e4eab7488e","identifiersha","2025-04-07 08:27:33+00:00"
"cebc831ba90b72071130c3596c01e0d95b538bec.jsonld","https://obis.org/dataset/ea962cd8-a6a5-4c1e-a2d2-5de6fcc5fbc8","identifiersha","2025-04-07 08:25:34+00:00"
"cec2551fe8a74e808d5a7f0780c6b7eacb562aa0.jsonld","https://obis.org/dataset/e9844e8f-a6bc-4638-8e8c-1383c07f0cc4","identifiersha","2025-04-07 08:27:03+00:00"
"cecd115f4be669fb2c68dbe4ffbbea1f6a40cd9d.jsonld","https://obis.org/dataset/483211f0-f210-44a1-85ea-deb16948baae","identifiersha","2025-04-07 08:28:00+00:00"
"ced819a08f5399016fd9e3fb3f22eed6aba7d237.jsonld","https://obis.org/dataset/6e41986a-678c-498d-ac85-8513dfc952a9","identifiersha","2025-04-07 08:23:37+00:00"
"cee6e686c1b69cca201007a08c543f3da24523dd.jsonld","https://obis.org/dataset/e3394767-0910-462e-b01f-a43eaa524a07","identifiersha","2025-04-07 08:28:38+00:00"
"ceebbd45fe5d1aa8c71445d73503f1c61c0ca171.jsonld","https://obis.org/dataset/f072e2e5-6b80-4eb4-9806-0f4c3d2fe3b4","identifiersha","2025-04-07 08:25:14+00:00"
"cef05b6b27bf7593989eaa1d4a61fb7ec0387433.jsonld","https://obis.org/dataset/6493c4fa-793b-4604-88e4-1ebbfc705ba4","identifiersha","2025-04-07 08:26:57+00:00"
"cef5578e10d93ded6e40be41f6eb704fef516740.jsonld","https://obis.org/dataset/adcb729c-608e-4673-8270-90269af0dd73","identifiersha","2025-04-07 08:26:57+00:00"
"cef8c419402b29a12f50a0acfdc1ed2947c1c144.jsonld","https://obis.org/dataset/cd6933a8-797e-41f4-94f0-fcd969b6794e","identifiersha","2025-04-07 08:23:05+00:00"
"cef97a7f1e81551c3d32de6127208d5a80e8fdc4.jsonld","https://obis.org/dataset/6687194e-fa1a-4769-9064-cf345016a115","identifiersha","2025-04-07 08:28:17+00:00"
"cefe2cd3519361dbae7581b2b588faedb6dbc7f0.jsonld","https://obis.org/dataset/629522cd-0850-48da-98d0-11c498b59997","identifiersha","2025-04-07 08:28:07+00:00"
"cf0f75b17a12b55be0c8dc68b04359ac1b16ab7a.jsonld","https://obis.org/dataset/ad2b32e8-2494-40fc-bfcd-4850cc7a1f0d","identifiersha","2025-04-07 08:28:29+00:00"
"cf1b4538c64a05f87fa2a632ff06c5d9809b34c8.jsonld","https://obis.org/dataset/71ca100f-eeaf-4e22-acbf-5fb766834c7e","identifiersha","2025-04-07 08:27:52+00:00"
"cf24f86139a5289683740350da6bba272b65920c.jsonld","https://obis.org/dataset/22084d80-20d1-40d6-9354-c6dd59f303f8","identifiersha","2025-04-07 08:24:24+00:00"
"cf3d16efb9e2308bdf0ea19241c1e1647afb0332.jsonld","https://obis.org/dataset/0c9c73d0-7fa1-4c6d-b18b-9affde19eb60","identifiersha","2025-04-07 08:22:48+00:00"
"cf417daacac4207c48aa3cc9a7be48daba55e05b.jsonld","https://obis.org/dataset/5cbb759c-29c5-42cf-bcdf-0de42e033ba3","identifiersha","2025-04-07 08:28:05+00:00"
"cf4653e0f5d81a1b830c801096d929567d497be3.jsonld","https://obis.org/dataset/4298376e-0c51-4fec-9c7e-6a21f0110037","identifiersha","2025-04-07 08:26:51+00:00"
"cf48966a5c54369dc2917c0e7197d95144f51cd2.jsonld","https://obis.org/dataset/3297b6db-7039-4a55-bae8-ffbf214e6dca","identifiersha","2025-04-07 08:26:26+00:00"
"cf4902b8d4a66afb138b34cbba36084e90e578e8.jsonld","https://obis.org/dataset/98c3a0e6-ef76-4894-aabb-d7f01a0e7cea","identifiersha","2025-04-07 08:24:11+00:00"
"cf4ed433374568c5b4894936dcd9c01962097f45.jsonld","https://obis.org/dataset/924c4d25-6358-44a3-8f4d-24086256ad3e","identifiersha","2025-04-07 08:22:40+00:00"
"cf885aa5f9c58635dcbd79e615512c210cebfd71.jsonld","https://obis.org/dataset/9965767e-c758-4a65-bd9c-126a86672970","identifiersha","2025-04-07 08:26:22+00:00"
"cf98ebb6add8145090ff347b7dc420a9862eb206.jsonld","https://obis.org/dataset/28ec3ad1-8499-452c-b402-533ebb985fdb","identifiersha","2025-04-07 08:22:55+00:00"
"cfa083f4700fc8c44d633feffa75d48421cc2787.jsonld","https://obis.org/dataset/69c18970-017d-4fc9-ae2e-71bf12ae466a","identifiersha","2025-04-07 08:26:10+00:00"
"cfbcd0c32552baca85aa2dd9018de175c51ba065.jsonld","https://obis.org/dataset/717559d3-e4e3-47cc-9fb1-277cf2a614ed","identifiersha","2025-04-07 08:25:29+00:00"
"cfc4e28ad39c252c9bea4519b074e6bdf4da5a10.jsonld","https://obis.org/dataset/4fbe4bf5-f90e-4d81-bfe2-8ea1a1fab62f","identifiersha","2025-04-07 08:24:40+00:00"
"cfccc5bde5dfe98d220c204758938ef4a05185e9.jsonld","https://obis.org/dataset/4615f91d-c382-4c81-aa2d-44b0ee64088a","identifiersha","2025-04-07 08:25:58+00:00"
"cfcd21bf197bf3d186fc228e8a08935a3608e168.jsonld","https://obis.org/dataset/67927f74-23b7-43af-b7e7-a39b1ec63a2b","identifiersha","2025-04-07 08:25:45+00:00"
"cfda5d07c8a6819d22987f3212bcdbb10d446532.jsonld","https://obis.org/dataset/49db7b2f-d4ec-4dbf-947e-65a607f64282","identifiersha","2025-04-07 08:25:37+00:00"
"cfdab668722d1d4d42b50ffec88bc23aa58beb96.jsonld","https://obis.org/dataset/b606c4a0-d693-4a03-9086-0be6e501c0fc","identifiersha","2025-04-07 08:25:33+00:00"
"cfdd28a3de5baa6c3870272aecd1dbd5d4650024.jsonld","https://obis.org/dataset/5771fca9-fc39-4c57-b70c-d9e9dffefaf4","identifiersha","2025-04-07 08:26:40+00:00"
"cfdfb87a799e41908fc4f73a1dad26ce5bb9c217.jsonld","https://obis.org/dataset/307bff4d-7eb1-45cb-8573-542efd0ab6ba","identifiersha","2025-04-07 08:26:00+00:00"
"cfe4431c827d4a80c68ea3c0d65c7e6f191dfead.jsonld","https://obis.org/dataset/0dbae3a7-3534-4993-88e3-a85a408c07d3","identifiersha","2025-04-07 08:25:44+00:00"
"cfe59c6196220667c39d53f3f7dd92b67f05400c.jsonld","https://obis.org/dataset/a3e156c9-7767-431e-bf23-83afddc5f3d9","identifiersha","2025-04-07 08:28:36+00:00"
"cfe70b9ceec54b7df53f1810b806eefc2f519577.jsonld","https://obis.org/dataset/4b27306c-2148-44eb-aafe-4f15bb031340","identifiersha","2025-04-07 08:23:35+00:00"
"cfec0e3f7674d8e81c78d5e99ab9b245e9724570.jsonld","https://obis.org/dataset/8d23af49-296a-4777-8e31-8b2c2dedad26","identifiersha","2025-04-07 08:23:12+00:00"
"cfed342c1cb83ee771ef75097b6731e3cc8443ba.jsonld","https://obis.org/dataset/e3ab9e10-7857-494a-867c-ff8d9e5b1111","identifiersha","2025-04-07 08:24:07+00:00"
"cfefa1c8886207051adec9f76db9b4b1b21e18b0.jsonld","https://obis.org/dataset/aa73dc02-43a6-4463-8fb0-0700efa6b669","identifiersha","2025-04-07 08:28:04+00:00"
"cffeec5ce8459e802f89a912919fd24e4cddc6ae.jsonld","https://obis.org/dataset/c120a0c2-faaf-4d80-8e92-6aa08084eff0","identifiersha","2025-04-07 08:23:41+00:00"
"d00116a7c2d44c41204432f655ea2c2ceadd1f39.jsonld","https://obis.org/dataset/ed9e149d-0a88-4b0b-9025-477d408b8915","identifiersha","2025-04-07 08:23:50+00:00"
"d00761c3f12f703c3e9bc028d8372205d481bde3.jsonld","https://obis.org/dataset/586537f2-2466-4347-8703-afa49f487968","identifiersha","2025-04-07 08:27:12+00:00"
"d0163060573ce11d04f4d2e3abc52f535e2a6aaf.jsonld","https://obis.org/dataset/7e76e65e-a60b-453e-bc2d-ac699241e9e6","identifiersha","2025-04-07 08:23:15+00:00"
"d016956a87ce7c7905b2bbe9d91c507d90f6a819.jsonld","https://obis.org/dataset/2a26be49-372e-42b0-894c-65ecfedb99cc","identifiersha","2025-03-24 00:28:58+00:00"
"d02c6643e29e879e688f5188056a7f4502d3f111.jsonld","https://obis.org/dataset/2aaac719-7589-4ae3-b82c-240b4628602c","identifiersha","2025-04-07 08:28:18+00:00"
"d02fab019606940bc2dbd620edd2fb4547bb62ab.jsonld","https://obis.org/dataset/a279b1c2-44c7-426e-8295-55effa2b9a37","identifiersha","2025-04-07 08:26:46+00:00"
"d04c38e451854e26d7d33f393ab1aca538f5e3fa.jsonld","https://obis.org/dataset/a4c3a9b0-04e6-4dd2-b480-8bda5ac63f81","identifiersha","2025-04-07 08:25:30+00:00"
"d0518723f4ae8f406a7ac552a4e84f51f4c876ca.jsonld","https://obis.org/dataset/e4dacf5c-6bfa-493e-8699-d65c31435107","identifiersha","2025-04-07 08:24:37+00:00"
"d059fea86fb2f2ad44ab6fe9de74978baeae05a1.jsonld","https://obis.org/dataset/55cdfd04-c597-43c1-9420-c1c2601071a4","identifiersha","2025-04-07 08:25:19+00:00"
"d05b39d0daa4506647920e946c0fe6d467907bdc.jsonld","https://obis.org/dataset/16fbf0e3-a1bf-4541-8b04-bd354678f276","identifiersha","2025-04-07 08:24:14+00:00"
"d06deb66dc9dda4e02c7a3d6c2ecfafa21f38c72.jsonld","https://obis.org/dataset/e6a83c3f-8a6b-4470-8054-e4fce4576033","identifiersha","2025-04-07 08:26:31+00:00"
"d081da1227022d9beef4e0d5dd5098acd277d202.jsonld","https://obis.org/dataset/1d468f1f-c2b7-4012-8d5b-8e903c200b76","identifiersha","2025-04-07 08:23:52+00:00"
"d083199e715fbefb89d1fb689e207805951ea799.jsonld","https://obis.org/dataset/39f65657-055e-4c22-9893-ba6a018512e8","identifiersha","2025-04-07 08:27:18+00:00"
"d0846623b0167dddb93ee363d98ae7a205214fd9.jsonld","https://obis.org/dataset/4f3144c8-16c6-40f2-aba5-ba008b1e34d9","identifiersha","2025-04-07 08:25:41+00:00"
"d09d3fa271334b2d17a8e8e68274d4cd4c941bf4.jsonld","https://obis.org/dataset/03dcbf1b-d45a-49aa-b837-d1aeb672d800","identifiersha","2025-04-07 08:27:18+00:00"
"d0a00d197673656a18cc4dbe1638f81c8ab19681.jsonld","https://obis.org/dataset/6e081641-0bf2-4f4e-9d47-8a6aed8b4dfe","identifiersha","2025-04-07 08:24:09+00:00"
"d0a1e1fc9628e9f6764d7dad35d47dff6d8f88e2.jsonld","https://obis.org/dataset/505417d2-d322-4074-b52f-a45cdd35c399","identifiersha","2025-04-07 08:24:06+00:00"
"d0bde82b27cc8c4cffacd72e1ac06d63ce3c7f02.jsonld","https://obis.org/dataset/06b385d1-0521-4a49-989b-c9d227780b6c","identifiersha","2025-04-07 08:24:10+00:00"
"d0cfc8c309d97c88d8cd7fc40c62e6db2a549482.jsonld","https://obis.org/dataset/f4d22d92-b0c8-437d-8c0b-88901dbf250f","identifiersha","2025-04-07 08:28:35+00:00"
"d0dea776a9bf2874811b46dce367e901aa199a45.jsonld","https://obis.org/dataset/2fd06604-7d20-4712-9f68-eae9ae336bb5","identifiersha","2025-04-07 08:22:28+00:00"
"d0e820d81bb701e520e05c68debafa579d363842.jsonld","https://obis.org/dataset/15700106-b0f0-4134-b3d4-4d48acce406a","identifiersha","2025-04-07 08:22:29+00:00"
"d0eaefce8afa348f2fecb519105fff9ba09e0427.jsonld","https://obis.org/dataset/d131b30d-1ba9-4f34-a273-7dc557cd45d4","identifiersha","2025-04-07 08:26:47+00:00"
"d0f9b2147c56c7b43fb539a2de19d0958d067c21.jsonld","https://obis.org/dataset/f4f661d8-d117-4cc2-b073-59d7b85b7f61","identifiersha","2025-04-07 08:23:41+00:00"
"d1339aaed8ecc44b3fe996fb519636565fb29b7b.jsonld","https://obis.org/dataset/037063c4-faa0-482b-86d5-2811786b2fea","identifiersha","2025-04-07 08:23:24+00:00"
"d15382c417a73ba3192bf17e6c6f324b8086af56.jsonld","https://obis.org/dataset/1e6fb30d-b781-4e40-906d-966119e1aeae","identifiersha","2025-04-07 08:25:06+00:00"
"d16f32ea6c2c01e32e5a97813ef606c5da04d636.jsonld","https://obis.org/dataset/47d70302-4b2c-4c70-a2da-18209ce23af2","identifiersha","2025-04-07 08:27:28+00:00"
"d1805f94285f9cb238ebd992d20437d1da82d3ad.jsonld","https://obis.org/dataset/b86ad124-78ff-4553-9af4-6226d0c2bd49","identifiersha","2025-04-07 08:23:18+00:00"
"d196975183f50ea31f7ea368352104bcc76d5fa6.jsonld","https://obis.org/dataset/329b1c55-6957-45b4-a272-08af7639930f","identifiersha","2025-04-07 08:27:51+00:00"
"d1a1c65836ab76035235aa4742902fa90e901245.jsonld","https://obis.org/dataset/07d39abf-bd4a-4d8b-8deb-4adc77a7458b","identifiersha","2025-04-07 08:23:12+00:00"
"d1b532581835e1ad2d0577f24d2db992c9ba2b3b.jsonld","https://obis.org/dataset/956d618f-91dc-4930-a253-cdf80ddb9371","identifiersha","2025-03-13 22:49:33+00:00"
"d1c2b2ff06cb8b71707c6e8e689c287ba9e556a7.jsonld","https://obis.org/dataset/86e4574f-e886-42cc-b64a-946852baf3fc","identifiersha","2025-04-07 08:26:46+00:00"
"d1cf4ec19d241ce00fa65bfbe18042f93b747f12.jsonld","https://obis.org/dataset/7ca775c8-e353-4956-8612-a7dd3a59ad9b","identifiersha","2025-04-07 08:24:35+00:00"
"d1d4c6e8faa14041978a4960ee3525f7e35725db.jsonld","https://obis.org/dataset/1cd60252-a549-4e69-b5c0-95fa0171eabb","identifiersha","2025-04-07 08:24:05+00:00"
"d1d82011857ec93f497a66d7af070681d4c88839.jsonld","https://obis.org/dataset/70d52b3b-b147-4883-8727-0cb1a0146810","identifiersha","2025-04-07 08:27:25+00:00"
"d1dd049ba9b31c32332ad358405be01727bab4a0.jsonld","https://obis.org/dataset/0fe15290-30c3-4caa-a8e9-0c194ff6b84f","identifiersha","2025-04-07 08:23:09+00:00"
"d1e099f7e37a011490d112252c15be8aea611892.jsonld","https://obis.org/dataset/7be30bac-04ad-4418-b80c-c1b606eff358","identifiersha","2025-04-07 08:25:13+00:00"
"d1f2f7707f4d09b3119dceb8cf9125f645d6364e.jsonld","https://obis.org/dataset/15450cc0-d3a9-4ea6-a169-55bd7cc7e83c","identifiersha","2025-04-07 08:25:21+00:00"
"d20eb833d66f0f7125283d4d4a3f44ec515e8305.jsonld","https://obis.org/dataset/3c19013a-8190-441a-9d0f-8b908185d87d","identifiersha","2025-04-07 08:24:57+00:00"
"d220348b630a2df205450d0cac86f3f606eab792.jsonld","https://obis.org/dataset/91aba9e5-a179-410c-82bd-7eb0829fbcbb","identifiersha","2025-04-07 08:26:18+00:00"
"d223a87c405478236b4d6715cedaf6b599502236.jsonld","https://obis.org/dataset/65ea0c83-0824-48d4-99ac-6b9f755b11e0","identifiersha","2025-04-07 08:26:54+00:00"
"d236927bd0c121c2bb599f5739a7355fff5d6360.jsonld","https://obis.org/dataset/73f31d9e-9c11-402b-9e3d-8ed61f2fcc8c","identifiersha","2025-04-07 08:22:52+00:00"
"d23a9a685a8002730fcb29714a8a971157272983.jsonld","https://obis.org/dataset/c5ce6e76-4ad6-4fce-a683-f6bb01c70955","identifiersha","2025-04-07 08:22:55+00:00"
"d240d7fb1a3321e4d3546c794e7db2718fb6b922.jsonld","https://obis.org/dataset/f6dc0532-feec-48db-952c-0d0f5b0fb215","identifiersha","2025-04-07 08:22:50+00:00"
"d258828cf27785c0534df9ed8a4714aee9c44e11.jsonld","https://obis.org/dataset/9d13b1ca-1796-4246-ac81-ca6e4daa2d70","identifiersha","2025-04-07 08:26:48+00:00"
"d2622d616e5beb9d6636f2b8c92f5b3ca1a7b454.jsonld","https://obis.org/dataset/bcee2758-d9d0-44d9-9fb5-b99fc782d298","identifiersha","2025-04-07 08:24:04+00:00"
"d26b139b93be472fe8f00aad179d884f4e4bea56.jsonld","https://obis.org/dataset/52d2ab6c-0ef3-47aa-b26a-ead6550510a1","identifiersha","2025-04-07 08:26:07+00:00"
"d2768f0cc527b5c12f5d121939c3d59c20e4ad54.jsonld","https://obis.org/dataset/239b0a6b-0ac6-4ede-a8eb-89269c0f8655","identifiersha","2025-04-07 08:24:24+00:00"
"d2845c1ccec0b09517a5f8e0c4f1abfe3f8a5400.jsonld","https://obis.org/dataset/0e8d9174-1341-44ae-9dd1-9e89f558a2d9","identifiersha","2025-04-07 08:25:34+00:00"
"d29ee67092c865b8317597710d76dce64681c4c3.jsonld","https://obis.org/dataset/213c5b91-3677-4595-a957-f6577ed48cc8","identifiersha","2025-04-07 08:28:34+00:00"
"d2aaa72ec7afd9261db234322357f3fb7239d8e4.jsonld","https://obis.org/dataset/e00e2de4-7e7a-4fae-a1da-d3b49aefbf08","identifiersha","2025-04-07 08:23:20+00:00"
"d2adf79cee2801fe03bcf5274edd8d06f1673aac.jsonld","https://obis.org/dataset/967f706a-292c-487a-a4bd-d477ff5efeaa","identifiersha","2025-04-07 08:24:02+00:00"
"d2aeb63a50ab10201db00b6c353c39ec78e971ed.jsonld","https://obis.org/dataset/cb3acb79-0ed2-4a2c-8f64-d14e0c9c82b5","identifiersha","2025-04-07 08:25:20+00:00"
"d2af4f5c805cc9cf05dfe79ed78a75cdc1b871f7.jsonld","https://obis.org/dataset/1931f1a3-0b4c-4a72-9721-78f9270455f7","identifiersha","2025-04-07 08:24:04+00:00"
"d2bfe4871cda859722264aba38988f1683081503.jsonld","https://obis.org/dataset/ae112278-06ed-41c1-a766-2eeb7ff83816","identifiersha","2025-04-07 08:28:03+00:00"
"d2c2a632d831a7d481bac4611b699865d9c38fe2.jsonld","https://obis.org/dataset/c26b2cfe-3f2d-4cc2-a7f0-67dbd14ce9c9","identifiersha","2025-04-07 08:27:14+00:00"
"d2c8a7e24d5e3deaa34c842030b82f0d335d131a.jsonld","https://obis.org/dataset/eef1de87-e023-4582-843c-943737ccaa77","identifiersha","2025-04-07 08:27:07+00:00"
"d2d5bf992a1675722008937323dbb08666a7a1ba.jsonld","https://obis.org/dataset/27f99da0-901f-4f81-9f11-46d2506fa4dd","identifiersha","2025-04-07 08:25:40+00:00"
"d3025aa8e9b4c2bdfdfcb3e48d6f5f9830eacc33.jsonld","https://obis.org/dataset/5ee3369f-ecc2-455a-be34-34f71a4319da","identifiersha","2025-04-07 08:23:57+00:00"
"d30d42d27d716324456a961bf3e946e296bf811f.jsonld","https://obis.org/dataset/a1a5ab3e-81c3-42d4-8655-d1a0f3543b4d","identifiersha","2025-04-07 08:25:24+00:00"
"d31127003dd115098a50b4e5464e619d7d6826f3.jsonld","https://obis.org/dataset/d9a20f0e-2653-4f02-a1ed-eb90782f6b09","identifiersha","2025-04-07 08:23:32+00:00"
"d31a0b4ae83a0359cd8aa1c75d0a1b820830e404.jsonld","https://obis.org/dataset/f7abb27a-cfbb-4444-a1ce-2d4eccb9d2aa","identifiersha","2025-04-07 08:27:46+00:00"
"d3244ae09c5ad383516bfd63fd7efa8f0cbffc52.jsonld","https://obis.org/dataset/01e6c76e-cdd1-4da3-b3e1-861ea4bad3ed","identifiersha","2025-04-07 08:24:25+00:00"
"d335cdb85926dbed665ec8fa684b5a1d4ee5ca45.jsonld","https://obis.org/dataset/2c02b6a1-4ee0-4ace-86e8-7abeb963bfa1","identifiersha","2025-04-07 08:26:56+00:00"
"d34afb83a5d374be35399efb6f18bea5c7983a8f.jsonld","https://obis.org/dataset/45b4833e-f40a-4c99-94a9-7bf707ae6ba9","identifiersha","2025-04-07 08:28:38+00:00"
"d34f9094d52c98aaa775e3ded354f1dcd46440cd.jsonld","https://obis.org/dataset/0b1ec148-693f-4517-b112-386e17956314","identifiersha","2025-04-07 08:25:32+00:00"
"d357a40cc87c838babb8cd196562f0e6494f0dd4.jsonld","https://obis.org/dataset/38e5dd79-5e2a-40aa-8638-7b72c8acbbae","identifiersha","2025-04-07 08:24:21+00:00"
"d3677f2cd64fdc1d83bb4059f0dbd7e9df6da935.jsonld","https://obis.org/dataset/6c853c87-0d9b-49ba-99ff-182a46a0fe1d","identifiersha","2025-04-07 08:23:25+00:00"
"d36ea8629a7adc28babc5c715807745aac4e6588.jsonld","https://obis.org/dataset/8186bdaf-4ba2-4d2a-957a-38b8ddad867d","identifiersha","2025-04-07 08:28:27+00:00"
"d3724d3a8296dc7430dc238cb33ac534cbbf20a9.jsonld","https://obis.org/dataset/ffad94ad-662c-45aa-83e6-2475891bbd11","identifiersha","2025-04-07 08:27:04+00:00"
"d389d50a32c3aef6353d786a905f434d553de7ec.jsonld","https://obis.org/dataset/6c87f945-f8ca-41ff-ae3b-b6b64aa8566f","identifiersha","2025-04-07 08:24:29+00:00"
"d39dea6f78b55a54af27b9966ff16d5038ca276a.jsonld","https://obis.org/dataset/9894e4fa-b960-4ad0-817c-6b7a922d5fa7","identifiersha","2025-04-07 08:23:39+00:00"
"d3b5bebd70958891cc7b580133d003de5944aa1c.jsonld","https://obis.org/dataset/05d045fc-bbc2-4710-97f6-baeb9e09e8f7","identifiersha","2025-04-07 08:23:39+00:00"
"d3b5ebf85d9b49b9ba324a593140ed758f31d49f.jsonld","https://obis.org/dataset/86ffd903-47fc-435e-a42e-f3aec79c2d03","identifiersha","2025-04-07 08:26:51+00:00"
"d3c7917b20993a3ce182b43280b18728f288e2dd.jsonld","https://obis.org/dataset/e2c27399-3358-499d-992d-059de9f4569c","identifiersha","2025-04-07 08:28:24+00:00"
"d3d73ae2b922dea3417afc5bef41c52c7fdf155d.jsonld","https://obis.org/dataset/0b7920b4-c0f5-402a-9c6c-b00acf540483","identifiersha","2025-04-07 08:23:36+00:00"
"d3d8b40ff87ec01ab604316e6fe67a311f7116be.jsonld","https://obis.org/dataset/d97d80fe-773a-4891-8179-47f346456783","identifiersha","2025-04-07 08:24:54+00:00"
"d3f9ded85ad0ba5a59443c53cb3a946eec31e7d0.jsonld","https://obis.org/dataset/a4026213-1f69-4c57-b9d1-e6101d5f6ebb","identifiersha","2025-04-07 08:24:32+00:00"
"d4011ace8ecee44cbbdb1629adbc7106e573e135.jsonld","https://obis.org/dataset/4f070608-41af-4ae4-aa9d-546d5bfac250","identifiersha","2025-04-07 08:26:28+00:00"
"d409ed1ce5287cc3671780f4d94d2dde0723f3fa.jsonld","https://obis.org/dataset/3cb16c22-f2b1-493b-b8f4-e6c07156a2f3","identifiersha","2025-04-07 08:27:00+00:00"
"d416ee0a660dd5aabce4f7626fbab773a9cce1cd.jsonld","https://obis.org/dataset/697a7c56-a647-49c5-aa23-65fbe4b27b60","identifiersha","2025-04-07 08:25:45+00:00"
"d427ddef499e8d547b6d826455ebc404b8dc9a8e.jsonld","https://obis.org/dataset/cc50d8e4-a00f-4ab7-b058-f1a4cc37f948","identifiersha","2025-04-07 08:25:41+00:00"
"d428249bbe152fa93d4e337cdabcb7b3c37b4df6.jsonld","https://obis.org/dataset/b5899349-ac13-49f4-bf88-ca3bbf4b4751","identifiersha","2025-04-07 08:24:08+00:00"
"d43fd47e859789cefb95fd20a086c7f486164bff.jsonld","https://obis.org/dataset/df6977ea-a704-4c48-bd46-ebbbb95e0bbc","identifiersha","2025-04-07 08:22:28+00:00"
"d449c6d5e21ae3d37046bb06a563b8a0ef2c268f.jsonld","https://obis.org/dataset/ec1dc821-fead-4448-b25f-f26651959f7c","identifiersha","2025-04-07 08:23:08+00:00"
"d44efac914d2ff2252220b407676cf7bea907606.jsonld","https://obis.org/dataset/3736d588-2964-4be9-97c4-bcfdd071c2fe","identifiersha","2025-04-07 08:24:13+00:00"
"d44f774ea3b1415295a44357ee7f89d7a80f34c2.jsonld","https://obis.org/dataset/73fe766c-c720-42f3-9b4d-4674380389c5","identifiersha","2025-04-07 08:27:24+00:00"
"d458cfcb888823aa44bef0244fbe8495e02820bd.jsonld","https://obis.org/dataset/ebf8e377-ecac-40f8-8177-dec6a99639a4","identifiersha","2025-04-07 08:25:22+00:00"
"d45a3a31a797e2d7bd722f3813e4b8a5965568b2.jsonld","https://obis.org/dataset/cd902fc8-f52b-4bda-95b8-a6782c1d0953","identifiersha","2025-04-07 08:24:45+00:00"
"d4636b9a94d9986921da91b5471b7b18254781f2.jsonld","https://obis.org/dataset/00cad65a-aa33-4d98-93a2-15155fa963e3","identifiersha","2025-04-07 08:22:27+00:00"
"d465a410e89d4f24890cdbcb13aadd60b8a0d0b2.jsonld","https://obis.org/dataset/eb7eea58-e79f-4bbd-8296-c366270ac61f","identifiersha","2025-03-24 00:35:12+00:00"
"d466f13ea4f89b6f9898d35209caac581662a0ae.jsonld","https://obis.org/dataset/c5017efe-c392-48ca-9826-7fe23220fe90","identifiersha","2025-04-07 08:23:34+00:00"
"d4829151f5748c58feecc4002f245f55f621d073.jsonld","https://obis.org/dataset/93528b77-d71d-4551-af14-24dcc2504adf","identifiersha","2025-04-07 08:25:32+00:00"
"d48a3c1f939307d6942f4b6d017473eb66e13d3c.jsonld","https://obis.org/dataset/0209f663-7a17-4422-ad50-db5a07bbe2ee","identifiersha","2025-04-07 08:28:39+00:00"
"d48f1d340d36d0d06323d0eab97bc833d01558d7.jsonld","https://obis.org/dataset/2ee46af7-fd89-48ac-9e65-8ee4c2eafafb","identifiersha","2025-04-07 08:28:27+00:00"
"d49b3ad0d4a1fb6a6b81943d22d35aa5a63b2512.jsonld","https://obis.org/dataset/fa6daffa-808f-463f-96be-8b7b5801b3c9","identifiersha","2025-04-07 08:22:36+00:00"
"d4a778501d14505e4eab516735ee37afe1b230c9.jsonld","https://obis.org/dataset/57df75e6-f271-444d-a28e-1aee7039118b","identifiersha","2025-04-07 08:24:07+00:00"
"d4b2c3a7c649dbb1d5371b7568d3b0109f4a9617.jsonld","https://obis.org/dataset/af26e02c-7fae-44ff-9f20-1ba274cb10ce","identifiersha","2025-04-07 08:24:21+00:00"
"d4b8ed4c8989f3fa47bdbe2e8f29a47486b9b296.jsonld","https://obis.org/dataset/0d4d1d93-df06-4a12-8d03-bd1083864563","identifiersha","2025-04-07 08:23:30+00:00"
"d4b8fab4bd92cc3034539c8cd0a2e72fcd2bacaf.jsonld","https://obis.org/dataset/ca62bc78-135f-4171-8a66-88d244ccc312","identifiersha","2025-04-07 08:26:57+00:00"
"d4bd7032743c09ee29aa2d61da7bd1ed04e4234d.jsonld","https://obis.org/dataset/8b172dbd-be39-477c-a24d-c27d23f1ddff","identifiersha","2025-04-07 08:28:05+00:00"
"d4c26fe9ca392fc07c7044ff3081f0e3b4abf769.jsonld","https://obis.org/dataset/6a5cec0f-7a27-4bf3-9cf6-6f2fd768cfb8","identifiersha","2025-04-07 08:25:44+00:00"
"d4c44e76da019120976f002f771356fafb6e9a14.jsonld","https://obis.org/dataset/0d5a9997-439b-42be-9e01-c50a5a85e266","identifiersha","2025-04-07 08:25:21+00:00"
"d4c71591271540d1a266c282a75e1e3a34ae0b4d.jsonld","https://obis.org/dataset/026d9e46-1734-44b3-84da-9048df73b4f6","identifiersha","2025-04-07 08:28:20+00:00"
"d4c8ca11ee2bb769649de05d62ee59cc09cbcc74.jsonld","https://obis.org/dataset/9b5c00f0-cf09-4e23-8b45-dc4799ff3b19","identifiersha","2025-04-07 08:28:02+00:00"
"d4ca43591f3844d701124b5baeec5ee40524c1f4.jsonld","https://obis.org/dataset/f180f1e9-817b-49f7-b5f4-04e1cc193f48","identifiersha","2025-04-07 08:23:55+00:00"
"d4d3cf3d356437fa589fcb0f6bd47924004e0d05.jsonld","https://obis.org/dataset/babe9ac5-4043-4e81-afe4-1897f3daabba","identifiersha","2025-04-07 08:27:35+00:00"
"d4df3c616321f938343a3aab28eeab71fa7afa23.jsonld","https://obis.org/dataset/2dc8ac96-9909-49e7-b003-29a0c6fdcf93","identifiersha","2025-04-07 08:26:54+00:00"
"d4e793bb2ff347e0491fdc4a8a1a574253391eaa.jsonld","https://obis.org/dataset/7239fcad-39bb-4fe6-84cc-4295cdf08143","identifiersha","2025-04-07 08:27:22+00:00"
"d4efe7b80877abd301569ec13c6434cddb2bc3d5.jsonld","https://obis.org/dataset/65bb59f2-99fb-4d13-a427-ae49a8dc13d5","identifiersha","2025-04-07 08:26:02+00:00"
"d4fc9082f7c199368e0e18320e0d8899500dfaaf.jsonld","https://obis.org/dataset/bd4d319e-4735-4c2d-b96b-d5b482bc71f3","identifiersha","2025-04-07 08:28:37+00:00"
"d507f81452bd9a31cf75602d2ad1cac9b54843b1.jsonld","https://obis.org/dataset/97bdf279-6f78-4ed7-ad9d-27a5886f8ff2","identifiersha","2025-04-07 08:22:54+00:00"
"d50c451860ffb0b70c95c1f2170c02979f2f4424.jsonld","https://obis.org/dataset/f7777a70-e23c-436a-a0cb-9200bf87e194","identifiersha","2025-04-07 08:23:07+00:00"
"d51c618852fb274e2d487f3362f9bd3c3675061b.jsonld","https://obis.org/dataset/e588e45f-922a-4cc5-a96f-929e3e6623de","identifiersha","2025-03-24 00:33:20+00:00"
"d520c22f3e77c35d969d6434738eb4b91827a7d6.jsonld","https://obis.org/dataset/6f0c7e6b-f07c-4fe8-90e1-210b8626279a","identifiersha","2025-04-07 08:28:26+00:00"
"d5277b978721dfe5e96c976ebcdeb2aa06bea8e0.jsonld","https://obis.org/dataset/1094c4c4-d397-4112-b413-4e5d77ca4eea","identifiersha","2025-04-07 08:23:21+00:00"
"d52f8ca85036050881147871883f653f663663d9.jsonld","https://obis.org/dataset/e2162917-3213-4220-820f-b5ea0ead986c","identifiersha","2025-04-07 08:24:27+00:00"
"d53fe69d4a7c867d5b40c14d8f5de0b8d9fa86d4.jsonld","https://obis.org/dataset/e1290ff2-6728-4a35-a3f1-3d0dc216eb51","identifiersha","2025-04-07 08:27:41+00:00"
"d548443551abcdff100ce8f3a56bc14b7e9187b9.jsonld","https://obis.org/dataset/53bfa100-9727-4926-bf0a-6875a1bd14fe","identifiersha","2025-04-07 08:26:14+00:00"
"d565ba1634d14723f7ae82142470638b9646577d.jsonld","https://obis.org/dataset/bd6463c3-1afe-417a-bcbb-64db96906e47","identifiersha","2025-04-07 08:25:11+00:00"
"d56d3997c170b3d3da4542c2964b4a8c8ecd6f34.jsonld","https://obis.org/dataset/36fab8d3-5e4f-4c6b-a529-246a2bda72d4","identifiersha","2025-04-07 08:25:52+00:00"
"d57bef1caaa1ad6ed8620f388d71597d66d75520.jsonld","https://obis.org/dataset/739c0486-3adf-4e88-9f8d-f0b48ea9b5ad","identifiersha","2025-04-07 08:26:00+00:00"
"d5825b2b5e30e4ebda0d08d9cd0475a41be770be.jsonld","https://obis.org/dataset/a2160400-5b14-45ce-b63a-b9b5d97e8de3","identifiersha","2025-04-07 08:25:18+00:00"
"d5bb60f2f4913ac025e355d0f73860dae032ff5a.jsonld","https://obis.org/dataset/0dee1c07-b9b6-4260-a4bc-6c6fff25a041","identifiersha","2025-03-24 00:29:36+00:00"
"d5c2ff96aac3e9dc1144285351060bbdd4b55446.jsonld","https://obis.org/dataset/3799aaf8-5d1a-4f27-aa68-89e08e2bc9f7","identifiersha","2025-04-07 08:25:41+00:00"
"d5c477cd7922f81c32a568d37808b83470b1506a.jsonld","https://obis.org/dataset/531498a3-a537-4ea7-a778-5e64dfc71c2c","identifiersha","2025-04-07 08:25:18+00:00"
"d5e90e1ff12689ffe747763f1d079a0940394790.jsonld","https://obis.org/dataset/e01f8fc6-6ead-40b5-ab19-a7023f7e015b","identifiersha","2025-04-07 08:26:19+00:00"
"d5ebe6e16f0967ea97f4f4406a25462850c352a8.jsonld","https://obis.org/dataset/78abd3fb-c9be-4b02-86ee-5eacd05e9d32","identifiersha","2025-04-07 08:25:41+00:00"
"d5f147a57b8d32f7e78d4dca08c1e2d700cc984a.jsonld","https://obis.org/dataset/e676e2f9-c373-4fab-be41-3ef0b8d174df","identifiersha","2025-04-07 08:27:41+00:00"
"d5f5432cbf5f4480d7c6955c8338687968b1744e.jsonld","https://obis.org/dataset/16510183-66c1-4a7d-a152-cad8f1379a8b","identifiersha","2025-04-07 08:28:15+00:00"
"d61a45bd0f78ed33d4118bfd1960fd1d57638f5a.jsonld","https://obis.org/dataset/0077bf56-535b-4981-8dfe-5d84a508e847","identifiersha","2025-04-07 08:23:16+00:00"
"d623c358dfa9ac8b8c7285af974a2c7c779b63ca.jsonld","https://obis.org/dataset/455e7040-7bac-4d72-ac4e-42f7dbae7b0b","identifiersha","2025-04-07 08:27:33+00:00"
"d63b3632d0be04acef6ca2a69c4843bc3d8f4518.jsonld","https://obis.org/dataset/27898a45-7048-4c11-95bc-1bc8884e0b73","identifiersha","2025-04-07 08:24:19+00:00"
"d653fa10efa0b9f385309beb11964e20d1a1a588.jsonld","https://obis.org/dataset/c431bef6-78ce-4308-9e36-3561d18d4414","identifiersha","2025-04-07 08:22:47+00:00"
"d65772fdf8af8e3f31204068ad78fe01da745a39.jsonld","https://obis.org/dataset/45428160-b6af-48d4-a924-e0692384632e","identifiersha","2025-04-07 08:24:59+00:00"
"d66133d065449f5e5ca2d79a51dd6cb1a9d7ae9f.jsonld","https://obis.org/dataset/7fa72df8-86b3-4b2b-aa71-32a04981c3ff","identifiersha","2025-04-07 08:27:04+00:00"
"d6680c61673738430eefb7cdbad0e5a4dd86fc3e.jsonld","https://obis.org/dataset/3afa6b1c-0084-40eb-9bf4-56989286b063","identifiersha","2025-04-07 08:26:54+00:00"
"d66aff7d7707768cc790862d9d02b55539dedd33.jsonld","https://obis.org/dataset/27291387-588a-489a-870b-c1ba7b182825","identifiersha","2025-04-07 08:24:16+00:00"
"d6776c8ab704c306647f9823ccc5b7715be1e780.jsonld","https://obis.org/dataset/f7d8aa43-cdfe-4be2-82a6-88ee33c5c60c","identifiersha","2025-04-07 08:22:43+00:00"
"d67c550522a9c67728c8817881e2ca628258332b.jsonld","https://obis.org/dataset/5986a314-c32f-47c7-9252-37fdf90891fc","identifiersha","2025-04-07 08:27:03+00:00"
"d69b97ef307eb5e1c82fb7bf7cd88bf73b0a71fa.jsonld","https://obis.org/dataset/58108baa-935b-4c43-be09-203776f3bda3","identifiersha","2025-04-07 08:27:09+00:00"
"d6b5919b04d9acd4252b6a10c748084bbe6ebdf7.jsonld","https://obis.org/dataset/f8915ecc-9976-4cbe-9e0d-fac654508b95","identifiersha","2025-04-07 08:24:39+00:00"
"d6b6a05f1ce20c02af4a2fb58c017d4753c4003a.jsonld","https://obis.org/dataset/0d712923-95e4-4ace-8aa2-6da6c10e54ef","identifiersha","2025-04-07 08:26:48+00:00"
"d6d5899b91663a65279b0c74a1b4222fe09088cf.jsonld","https://obis.org/dataset/f7e3baa2-48c9-47d9-9219-0a457615d610","identifiersha","2025-04-07 08:22:37+00:00"
"d6d8412d019a19e6dae8838b05f50dfb18df5a51.jsonld","https://obis.org/dataset/ddc5a74e-79b0-4ed7-a8de-ceed75bc341e","identifiersha","2025-04-07 08:23:06+00:00"
"d6e8bae998246d7ec1d40ea31d0a465131b1ba10.jsonld","https://obis.org/dataset/179aa7bb-d57a-4234-9e71-95607753e8d8","identifiersha","2025-04-07 08:22:26+00:00"
"d6f077da39fc144025a9c788be98ce242b802af8.jsonld","https://obis.org/dataset/36fe915e-d5e9-4342-8856-ef5d5a5c3404","identifiersha","2025-04-07 08:25:55+00:00"
"d70667ac202522484fde46c9121b1c8419030336.jsonld","https://obis.org/dataset/a953d73d-f08e-4cd5-a7b0-a2506e5b14b8","identifiersha","2025-04-07 08:23:27+00:00"
"d70a9c9ea88930903fb1329a1e5a67ca115f4ddb.jsonld","https://obis.org/dataset/e748c7b0-7bd4-48d5-89bd-dd463131f410","identifiersha","2025-04-07 08:26:01+00:00"
"d71456c505d04da93b874b8d1982115cc0eceef2.jsonld","https://obis.org/dataset/f92ccbf5-6460-4319-8ee3-c672df824e45","identifiersha","2025-04-07 08:24:46+00:00"
"d71c4ee1e7011bde37b6d2b6224781983e6adae7.jsonld","https://obis.org/dataset/0912e81c-c5ac-4a53-b719-a9ae6535f895","identifiersha","2025-04-07 08:23:21+00:00"
"d72ad5b9a9b95fb47d09ece22ab3a9fefa8a50ea.jsonld","https://obis.org/dataset/5075195e-a764-4738-9bff-49d10e3b0be6","identifiersha","2025-04-07 08:27:37+00:00"
"d73af6f8e5f8fe87e00da788adc95dfcf2294815.jsonld","https://obis.org/dataset/e6757350-32dd-48f1-a3fe-cd14260dbba9","identifiersha","2025-04-07 08:25:00+00:00"
"d73db9187c7ed0e007c632ce370ce300e4c94952.jsonld","https://obis.org/dataset/7a083ebc-8265-4e71-a189-01e84a52b163","identifiersha","2025-03-24 00:40:07+00:00"
"d7406ce8d2ea18c07e911888dbd895e3a4a8247e.jsonld","https://obis.org/dataset/009d668f-904f-44de-8375-967477cc47e7","identifiersha","2025-04-07 08:27:52+00:00"
"d74891a1ca58113f6cac749eb8d984741ce7e1d2.jsonld","https://obis.org/dataset/90337abd-9194-4e44-ab99-7b69c0415e03","identifiersha","2025-04-07 08:26:21+00:00"
"d7515d4535da5ac1ffe3b396070737080ef8c68a.jsonld","https://obis.org/dataset/b9efe6e8-dc63-47ef-a9c6-de82936746d1","identifiersha","2025-04-07 08:25:33+00:00"
"d76001549c416362b777902e237e9940f4b6e6b1.jsonld","https://obis.org/dataset/b78c3265-088f-436f-a968-669f3ef4d8fc","identifiersha","2025-04-07 08:24:43+00:00"
"d761fab90a625205c3e73fd25ad540666c3fd9ba.jsonld","https://obis.org/dataset/6f8f677c-5a18-43b4-806b-070e30caf90c","identifiersha","2025-04-07 08:27:38+00:00"
"d78595fd590b62b3a12e4e7f6f61d1a72350c77d.jsonld","https://obis.org/dataset/747833df-5664-4e4b-ab70-9b5ba2986f09","identifiersha","2025-04-07 08:27:42+00:00"
"d789d02b9995cfdb37fd286e03d55366ce83c540.jsonld","https://obis.org/dataset/c21f2063-3856-4003-859b-f44c270c9fc7","identifiersha","2025-04-07 08:25:14+00:00"
"d792202ba19ace97b11a8fdc2f006934b5efe31c.jsonld","https://obis.org/dataset/52e86e3a-583f-4218-9c1a-ecd232d165af","identifiersha","2025-04-07 08:28:00+00:00"
"d79c8556c4f4bc247ec1ae23f99f8b2a3314f904.jsonld","https://obis.org/dataset/b2d5f13a-85e6-43dc-bf19-789c40de19ff","identifiersha","2025-04-07 08:25:10+00:00"
"d7ac0ff3d48764cbaa19410d74ecd06c83c91e76.jsonld","https://obis.org/dataset/04730108-3137-483a-9281-8b53c4d2869a","identifiersha","2025-04-07 08:23:45+00:00"
"d7ae53cf7a7e306eb314abed569618bc18e0523c.jsonld","https://obis.org/dataset/724eb292-104f-4e8f-8f26-ffa45a1a3be5","identifiersha","2025-04-07 08:23:05+00:00"
"d7b2c4fc2ba7666582c56d57b4d28b26f17090a9.jsonld","https://obis.org/dataset/4945cc97-c830-42bd-aec0-036f74937b93","identifiersha","2025-04-07 08:26:05+00:00"
"d7c128b281fb3fb69fc67bec618bd4b44dd5cf96.jsonld","https://obis.org/dataset/5cefe6a4-68f1-43c9-8f1b-4d857454f1c2","identifiersha","2025-04-07 08:28:33+00:00"
"d7ca24e2422a683e43530636635f2063fba87261.jsonld","https://obis.org/dataset/e06daf5d-9e6b-44e1-a6a7-cc91a3ee1f3b","identifiersha","2025-04-07 08:22:46+00:00"
"d7d401eb77df8f773fc20da5da136fa562b7a51d.jsonld","https://obis.org/dataset/897b06c4-72f3-4e62-874c-71787b0a25f7","identifiersha","2025-04-07 08:23:43+00:00"
"d7d8b9e37eb7781b744e473b0b6cb259fcf97f0e.jsonld","https://obis.org/dataset/97da5bf7-5319-40bc-9487-04b882cbaebe","identifiersha","2025-03-24 00:35:57+00:00"
"d7f80334ac42167f2a775d3e47fb9e068b02fe15.jsonld","https://obis.org/dataset/ad407107-a13e-46ea-bd96-9279efccf706","identifiersha","2025-04-07 08:27:07+00:00"
"d807f734359a18b316b1758b7769ecc3a00e1403.jsonld","https://obis.org/dataset/a6abb9a1-cb9c-48f0-a501-2986c9d3ed2e","identifiersha","2025-04-07 08:28:14+00:00"
"d80cff5ae8bc4aa4ab83bf38fbff5f95dc535cdd.jsonld","https://obis.org/dataset/e91bc088-64c7-4205-990c-525684d9d9d7","identifiersha","2025-04-07 08:28:03+00:00"
"d8310e22043516452aae544fb32ed14cbf32044d.jsonld","https://obis.org/dataset/86bc6112-33a6-432e-aafd-4c96d515f371","identifiersha","2025-04-07 08:27:37+00:00"
"d839015082a6aeea283ce10d7e38cf0595329bbf.jsonld","https://obis.org/dataset/5c2508f8-e945-429f-b091-57b06d71031b","identifiersha","2025-04-07 08:23:02+00:00"
"d84802d962f3d9c3182723937cdc6937a1f999c9.jsonld","https://obis.org/dataset/ac65d488-e078-4c46-ae32-92879d638e25","identifiersha","2025-04-07 08:25:59+00:00"
"d84ee7bcde55235c78cd60c5464d00127bce1300.jsonld","https://obis.org/dataset/43ce2170-7cc5-4ee6-a84b-25d168c8f8e8","identifiersha","2025-04-07 08:27:35+00:00"
"d853689bc35d19ca32a9efb02c1379c12cc53c0d.jsonld","https://obis.org/dataset/1d92117d-2b4b-4b6f-9602-6e4c7c0bebc5","identifiersha","2025-04-07 08:26:30+00:00"
"d855b94857e95944aa8628df7deb5081ad44da68.jsonld","https://obis.org/dataset/02d5c4ed-d372-474a-8166-e79d341ea04e","identifiersha","2025-04-07 08:22:30+00:00"
"d85b7f57a57108e19d69ec2acbf7706024abe489.jsonld","https://obis.org/dataset/ca22acb3-c922-4597-85fa-99416bea26e8","identifiersha","2025-04-07 08:24:41+00:00"
"d85ff3e43782a07e09228361d4a01adcd079d3c5.jsonld","https://obis.org/dataset/a2c3b699-a2f2-4fd2-bcc1-4eb4c7830eeb","identifiersha","2025-04-07 08:27:46+00:00"
"d86045c9629722cb464fa9dcf21b066bc7d87743.jsonld","https://obis.org/dataset/9dbcdf1e-debc-4933-9388-ee316b48fa42","identifiersha","2025-04-07 08:24:00+00:00"
"d861e2cb7cee3adc3f35105785fa497fb7b4955b.jsonld","https://obis.org/dataset/8f4a1a8f-d7d1-4566-95f3-babcf1bbd8d9","identifiersha","2025-04-07 08:23:09+00:00"
"d8716fe9a1e83bd0219121630eff7fef7e7d99fb.jsonld","https://obis.org/dataset/2c04a963-5844-46e9-a25c-14f492fe24e5","identifiersha","2025-04-07 08:27:11+00:00"
"d87f75c41670864b3a410bb8c75d12abd75a2561.jsonld","https://obis.org/dataset/00357427-cf76-49d9-a1fc-6df20209988c","identifiersha","2025-04-07 08:28:01+00:00"
"d884fb348762697e81bec8171b41a90cec262283.jsonld","https://obis.org/dataset/ff4fbad2-4dc2-4eda-804c-d0e1b12eb842","identifiersha","2025-04-07 08:23:00+00:00"
"d88d7a5714ac020855094db09443e86912b9251d.jsonld","https://obis.org/dataset/62125eda-53d3-41bd-ae1f-1b7e0cda2963","identifiersha","2025-04-07 08:23:58+00:00"
"d8985f5be79362cf9920e3a6938a0cd6ffd2db53.jsonld","https://obis.org/dataset/c4b97a90-db88-43c6-9bab-d45298213475","identifiersha","2025-04-07 08:27:45+00:00"
"d8abdcb713de60014bfc34d94c9575e08bf4c68d.jsonld","https://obis.org/dataset/b51d6da0-c6a7-451c-afc8-103e7dcced17","identifiersha","2025-04-07 08:25:03+00:00"
"d8b9f13a24b25b5d642938fea6898d3a7d6d87f6.jsonld","https://obis.org/dataset/f3c02ebd-f672-4787-ae0b-92263041cf0d","identifiersha","2025-04-07 08:22:51+00:00"
"d8c47f5677e1771ce42ccab165a3822673202f92.jsonld","https://obis.org/dataset/029e5f38-0b14-4818-bc52-db51e2d7df3d","identifiersha","2025-04-07 08:25:29+00:00"
"d8ca1e1fe723703e97beaccbda17d1b77df398fe.jsonld","https://obis.org/dataset/b63b0f52-41c4-461d-849c-d0e09ab9a80f","identifiersha","2025-04-07 08:25:20+00:00"
"d8cec8bcdca3f26b4f7f402b75e1863c7870b64f.jsonld","https://obis.org/dataset/e6c1ee03-56a5-45b6-aa82-25650d010a6d","identifiersha","2025-04-07 08:23:35+00:00"
"d8d43621894f473ade6e85aad01b5d6ffe421efb.jsonld","https://obis.org/dataset/4bbc55dd-08bb-407b-871b-defa88bb580f","identifiersha","2025-04-07 08:25:05+00:00"
"d8eaf83996a66c59006b815b7b8d931e4f8f3d3b.jsonld","https://obis.org/dataset/ff9646f7-47eb-4476-bf23-543977e67d40","identifiersha","2025-03-24 00:30:43+00:00"
"d8ecee73abf77f064e6f7e9ee6bb89792a5b259a.jsonld","https://obis.org/dataset/7e04563c-49c3-44c7-8660-77ef411c8a39","identifiersha","2025-04-07 08:27:21+00:00"
"d9079f78bc21f337a9237d791098aba0c76df46d.jsonld","https://obis.org/dataset/cc8cfc8e-3ce7-4071-a2a4-9c2525d64d1a","identifiersha","2025-04-07 08:27:00+00:00"
"d917b67bf4d64ec455acc95bf22bd3191de1fe9d.jsonld","https://obis.org/dataset/99659178-978a-4133-952a-1fa821ba8e23","identifiersha","2025-04-07 08:23:09+00:00"
"d91f1fa767ad97f0c882161d19126424fa5dffdb.jsonld","https://obis.org/dataset/eafd68c8-af31-4609-b7c8-34d1bccfecc5","identifiersha","2025-04-07 08:23:53+00:00"
"d928385b7d3d2635bf894e9e3138c34ff4680113.jsonld","https://obis.org/dataset/d45a9a91-0786-45d8-a601-168726ede9ae","identifiersha","2025-04-07 08:27:53+00:00"
"d93439ce49f5bfa12c3955e0108d8068b3da2e34.jsonld","https://obis.org/dataset/a83766d8-df0e-41d2-878d-4094a264247a","identifiersha","2025-04-07 08:27:57+00:00"
"d93e46e4a89f09387e67c0c8fd8c16e2d75d6023.jsonld","https://obis.org/dataset/315b6a36-8687-4740-a792-bb41705cac43","identifiersha","2025-04-07 08:23:26+00:00"
"d951fdf64401b8673fc2c2085a1696e3243fe4d8.jsonld","https://obis.org/dataset/c204e975-113e-4150-862e-03648294ded8","identifiersha","2025-03-24 00:39:50+00:00"
"d956bcae9d5b3c8da0d15b9ae5cee02bfc4da1a9.jsonld","https://obis.org/dataset/db99b405-1b51-432b-86b6-cc77465d08c5","identifiersha","2025-04-07 08:25:21+00:00"
"d95d8a7f19316bb0fe3e14491af3215f208ebff0.jsonld","https://obis.org/dataset/357e9435-8b35-4ca9-a674-d3df0b32f0d0","identifiersha","2025-04-07 08:24:47+00:00"
"d963c31bc6a1d51e6444f75027247106805106bf.jsonld","https://obis.org/dataset/8b13309c-3183-42c7-af95-68a13b4562bc","identifiersha","2025-04-07 08:23:34+00:00"
"d9789cb39f5aace73a84f3c516f6bce228deffdb.jsonld","https://obis.org/dataset/b6a86e84-89f3-45d6-8502-8fa4c7454680","identifiersha","2025-04-07 08:27:26+00:00"
"d9840580e9a560dae73336307315c7e37b0594f2.jsonld","https://obis.org/dataset/7666cde7-83ef-4161-b0f1-798770d33ca0","identifiersha","2025-04-07 08:26:43+00:00"
"d99128671179018f313af58cee2c12deb09edcfc.jsonld","https://obis.org/dataset/c2df871a-533b-4b9f-8068-76f1ffa439ae","identifiersha","2025-04-07 08:24:37+00:00"
"d9a6766fb1b133c1a75bcc6519283168cdae0afd.jsonld","https://obis.org/dataset/29c81640-3052-4ad0-b66d-14c21dc3270d","identifiersha","2025-04-07 08:25:58+00:00"
"d9a9b0f7a50794fc473f7570802dcd33b6e1ce08.jsonld","https://obis.org/dataset/81ca9ffc-9cbb-4a48-87b3-191c8b5d94d9","identifiersha","2025-04-07 08:23:38+00:00"
"d9cf361e653cdc37099b10401d57cfb732f931ef.jsonld","https://obis.org/dataset/d5d038ac-e400-4381-8283-a0ef9efa9dae","identifiersha","2025-04-07 08:23:22+00:00"
"d9d3a7dc0c805a131d722c2f306b7d33e0ba9c47.jsonld","https://obis.org/dataset/bea2b8fe-bda9-4ccb-aa39-17eb8a511ad0","identifiersha","2025-04-07 08:23:37+00:00"
"d9f51bcf4de709d10ed173991c12ff735a7eb0dd.jsonld","https://obis.org/dataset/f5b2a495-bfda-4b58-9913-63c22803161d","identifiersha","2025-04-07 08:22:36+00:00"
"d9f7dfb1f0dbc6f1484563287821ecddc49f2154.jsonld","https://obis.org/dataset/97fe69cf-f3e2-4673-a0ba-0cda26a73d17","identifiersha","2025-04-07 08:26:29+00:00"
"d9f97be5ae58e39f5ebfbe73e8c3db712976ca9c.jsonld","https://obis.org/dataset/527ef2c2-0537-4853-86ac-2d9c02663e78","identifiersha","2025-04-07 08:25:44+00:00"
"da0004e81531151e54cf87b48682315b0a5f4024.jsonld","https://obis.org/dataset/8f75db5c-a8a7-4c83-8512-38c27ef8838f","identifiersha","2025-04-07 08:25:15+00:00"
"da2fcf65b1642cdf1103cba758e02565719aaf09.jsonld","https://obis.org/dataset/d8be35cc-4b8f-4143-b754-ed6ae2edd6b4","identifiersha","2025-04-07 08:28:16+00:00"
"da33069a9b3be89a19a0e4e1b9e2174c79a71db4.jsonld","https://obis.org/dataset/dfba2240-b672-4759-9171-d269bba44a70","identifiersha","2025-04-07 08:25:17+00:00"
"da4ac5bcda590de3cfedc6f7eda357ccbdb0d079.jsonld","https://obis.org/dataset/1a653b53-5fe5-4d67-b62c-a69294553304","identifiersha","2025-04-07 08:23:15+00:00"
"da4f964a33dc5da199e1a4fa8c87bf4d03fcbca3.jsonld","https://obis.org/dataset/1beb5c4c-81bf-4d53-acbe-6ce562bd091e","identifiersha","2025-04-07 08:26:52+00:00"
"da7dc3dc863e5d75f34a6eb11d6b68b0275219d5.jsonld","https://obis.org/dataset/6d589629-7053-4bd8-84c0-228909705ccd","identifiersha","2025-04-07 08:26:55+00:00"
"da8a3d7a09f1df954379e7b55b58d91ee634a038.jsonld","https://obis.org/dataset/0ab75303-b204-455f-b284-0fe4a3b440e4","identifiersha","2025-04-07 08:24:15+00:00"
"da8d1d6551bd091d0cc3cc1000b5e3c5a827b254.jsonld","https://obis.org/dataset/cce4e3d8-f2c8-45a3-8d0b-0a5a43f59bd1","identifiersha","2025-04-07 08:24:54+00:00"
"da8d4f67b50d78157c84837dc2c035d67d6bd46e.jsonld","https://obis.org/dataset/ecb053c2-5f16-4eea-b227-447c7d7e2226","identifiersha","2025-04-07 08:25:49+00:00"
"da9bb7885cf3efbd3766a5f023e433a857146983.jsonld","https://obis.org/dataset/d04d8315-ef50-42e5-9631-a5baa483762c","identifiersha","2025-04-07 08:28:31+00:00"
"da9f164b9c6ab4febcb648c4056d671a2a661e75.jsonld","https://obis.org/dataset/43b58971-4fda-4210-a6ef-654fe0ce226d","identifiersha","2025-04-07 08:22:34+00:00"
"daa42de588041e9f9f3920e536d82ca9cd63ebdb.jsonld","https://obis.org/dataset/4f6a005a-43e3-4dd5-a3b0-97efd0cfd7e4","identifiersha","2025-04-07 08:28:26+00:00"
"daa48368e2c36cb0cc22c58e17b5ca8146010dfe.jsonld","https://obis.org/dataset/924106a6-5edc-4bc9-b0f4-ec5743d2f843","identifiersha","2025-04-07 08:25:15+00:00"
"daa59bc4e879efb37844f49b89c05bcb147bda14.jsonld","https://obis.org/dataset/42d73fa5-352d-46f0-9b3d-b95a8649934d","identifiersha","2025-04-07 08:28:09+00:00"
"daaa8a36f832839133a13f90091053415ad1be81.jsonld","https://obis.org/dataset/7686d78d-fe4f-4e22-81d1-18197b5f76e3","identifiersha","2025-04-07 08:26:58+00:00"
"daae13d70767b45928ff1c865102a167e67ec843.jsonld","https://obis.org/dataset/f7a8bd7b-1c7f-4c99-8e20-ecfabeb02e75","identifiersha","2025-04-07 08:22:43+00:00"
"dab49f6e9321e4bed6a067d55627feca8f3c11f7.jsonld","https://obis.org/dataset/9106e863-8a29-4bd2-8983-fe7a071760cb","identifiersha","2025-04-07 08:23:19+00:00"
"dac560eaff169513f3d4d251f94081c2f447f434.jsonld","https://obis.org/dataset/1e1704af-41b4-4d48-b69f-5807d02a7e58","identifiersha","2025-04-07 08:25:38+00:00"
"dac8d8f85dbc8234bc2fa1d194cc15218551596d.jsonld","https://obis.org/dataset/47d7790c-a82c-43b0-8c5f-6a181cd8cb79","identifiersha","2025-04-07 08:23:37+00:00"
"daccc4bed58c4d75ecebcb6cddf74abad263d9b6.jsonld","https://obis.org/dataset/6f017f69-5d59-4253-b73d-d9338cc51646","identifiersha","2025-04-07 08:25:50+00:00"
"dad1536c3832bbc4178a3eff259f6f6e75b01f4b.jsonld","https://obis.org/dataset/c75ed3c5-f376-4115-8a5b-54a6dfc369bc","identifiersha","2025-04-07 08:25:16+00:00"
"dad76da6e0bd98ecc242f482a79763d09146704a.jsonld","https://obis.org/dataset/f8792cd3-f0b5-42e9-94b8-d42879206527","identifiersha","2025-04-07 08:26:31+00:00"
"dafdac3d5ef4b47414eeb5b3918f3b56f429db53.jsonld","https://obis.org/dataset/85af7df2-901e-4d19-ae64-2e0f68a7d39a","identifiersha","2025-04-07 08:26:42+00:00"
"db0771b28903a146652ad78e650ed7e57e8220ba.jsonld","https://obis.org/dataset/3e9b3c7e-d405-4333-b545-9ebe92cd1660","identifiersha","2025-04-07 08:27:46+00:00"
"db07f4271cfd05ec7a08afba0cf3290efa3a6a65.jsonld","https://obis.org/dataset/c518278c-5c55-45ce-93c2-a3074a53d32d","identifiersha","2025-04-07 08:24:18+00:00"
"db1c6e394d6b86d9e11d9e4d73ba338b1511ecf8.jsonld","https://obis.org/dataset/36861ccc-815d-40af-99e6-2e1a4eb1d5a6","identifiersha","2025-04-07 08:27:59+00:00"
"db2d4283037b793ff0e285c1b7628c98a7ba2098.jsonld","https://obis.org/dataset/e7800c95-713e-4ad5-b169-6f5af31ffb9c","identifiersha","2025-04-07 08:28:20+00:00"
"db449c3fc8ebe555c43cbf2bcfb2f77910ad1954.jsonld","https://obis.org/dataset/5cc24371-fada-4eba-a048-efb5ee4a651b","identifiersha","2025-04-07 08:27:39+00:00"
"db4603b09097ea78faa78c4e11ddfb0db62a0a78.jsonld","https://obis.org/dataset/c7cc1960-c392-4c47-b860-d87904852495","identifiersha","2025-04-07 08:26:25+00:00"
"db5647d482d59d0cb15263f49c3542c9d4e0eb66.jsonld","https://obis.org/dataset/dc0cb399-10ef-4676-a1e6-9005eeff67d9","identifiersha","2025-04-07 08:26:19+00:00"
"db5d1d4b5ec1422ac199b9e44ae21bc8e071ed19.jsonld","https://obis.org/dataset/af5cffee-635c-42b7-80df-9dbca0143e20","identifiersha","2025-04-07 08:22:49+00:00"
"db7f188e50ed7d36bf0f6153b134cdab7c45e1fb.jsonld","https://obis.org/dataset/579ff94c-c6a5-4589-9903-8ce3db8051d1","identifiersha","2025-04-07 08:24:56+00:00"
"db8842abd035ee64dcdfef91fa516f8a77faa385.jsonld","https://obis.org/dataset/2e0f8766-9a75-4422-9ba4-7f65acfbeb51","identifiersha","2025-04-07 08:22:58+00:00"
"db8a4db24717ed1e7f7fe96fd7963902144acd7d.jsonld","https://obis.org/dataset/4d5057db-fde3-4a69-bd7a-2eabc9623e94","identifiersha","2025-04-07 08:28:28+00:00"
"db8b9630de97a0dc02017b224ea24a42cc16fa2c.jsonld","https://obis.org/dataset/ce28c897-d3e7-40d9-bf93-bd87c4aff63c","identifiersha","2025-04-07 08:23:07+00:00"
"db98a1884edf9cb3cb9b0b4a69318e94311e3822.jsonld","https://obis.org/dataset/afa5b0e8-826d-4433-b698-beb176ef7880","identifiersha","2025-04-07 08:24:26+00:00"
"dbbb18f7b7b59138620e9bfe606f2ee374f8a41a.jsonld","https://obis.org/dataset/766a82c0-8ce1-41ce-81f6-5e1154f5a25f","identifiersha","2025-04-07 08:28:28+00:00"
"dbc4541f0b7c1876d83a444e89090c68654e2a53.jsonld","https://obis.org/dataset/6d6b23b6-8c20-43ca-a76a-23ef80f779b7","identifiersha","2025-04-07 08:24:24+00:00"
"dbd13627b8e1073a5ab994066022876276a76c89.jsonld","https://obis.org/dataset/6c444d85-e355-46a9-939f-6b2dc6ac9def","identifiersha","2025-04-07 08:27:22+00:00"
"dbe759e42c37e5c0666cdbe8b518d096737374e1.jsonld","https://obis.org/dataset/7f2a3db5-5f18-4586-8336-c3ba0a5fb4bd","identifiersha","2025-04-07 08:28:15+00:00"
"dbe7e5a05826805f9fef38711bcc7899c32af280.jsonld","https://obis.org/dataset/baa2fd15-8103-4153-acaa-268bd41e5462","identifiersha","2025-04-07 08:24:59+00:00"
"dbf2c29044180a786ebcd6325046fc3b43088c38.jsonld","https://obis.org/dataset/5db35580-0f57-48c4-b4c0-4fd82bd9cf31","identifiersha","2025-04-07 08:24:18+00:00"
"dbf8db57f67af76678b7a9417ba0b736965d69e9.jsonld","https://obis.org/dataset/69a06619-6cb4-4c8a-8bb2-41f88c5669a1","identifiersha","2025-04-07 08:23:48+00:00"
"dc2d63b9005154785cd8e99182a8e79059647089.jsonld","https://obis.org/dataset/3fd63e87-e4c0-4b2e-be33-a7a1306a3539","identifiersha","2025-04-07 08:22:49+00:00"
"dc307956437f091ff6fd08809c272fa96a5c4d20.jsonld","https://obis.org/dataset/1377096c-40b9-43ba-b705-31c5cc3e3742","identifiersha","2025-04-07 08:25:03+00:00"
"dc3da932ca685e98ab40618ff5db968d7d6959ab.jsonld","https://obis.org/dataset/e59f3fe1-8594-4dc4-81a2-58ddfa2a4026","identifiersha","2025-04-07 08:22:32+00:00"
"dc4cd2c539161e3a76fb4701bdbe5115d3aec385.jsonld","https://obis.org/dataset/8b0d5fdd-6a3f-48c7-a4aa-84f39f2df647","identifiersha","2025-04-07 08:22:25+00:00"
"dc4df7450beeb790ab6b413c720c0a4d6856e119.jsonld","https://obis.org/dataset/aec15b68-859f-41ed-aa27-11b4f7305a63","identifiersha","2025-04-07 08:25:00+00:00"
"dc574de5e49f6d57c88732dfee185e590db7d201.jsonld","https://obis.org/dataset/f7daa4f5-9adf-418c-bdf9-a502fa3e34a7","identifiersha","2025-04-07 08:24:43+00:00"
"dc5e481d713e2466841de1a4701cfcd543b4af8d.jsonld","https://obis.org/dataset/23c8118f-5343-4fca-a09a-de477348e0b2","identifiersha","2025-04-07 08:26:01+00:00"
"dc60ddf7b16a80f973246597a0397d3c988d9700.jsonld","https://obis.org/dataset/2a5e49d6-8c65-426c-8e1a-fecbc92b7823","identifiersha","2025-04-07 08:23:35+00:00"
"dc699cc0fe3facc870d3b8f85ae7562d4297e5e3.jsonld","https://obis.org/dataset/553e813b-993b-46f4-b42e-d3a5bf064572","identifiersha","2025-04-07 08:23:05+00:00"
"dc78f4357d23054cc3d5e825293bbbab37d64e94.jsonld","https://obis.org/dataset/c7796179-94ff-4620-98a5-ce066e83f7ef","identifiersha","2025-04-07 08:25:04+00:00"
"dc7d9db3411280db743ad1defa923b8689390290.jsonld","https://obis.org/dataset/8603ecb0-e292-4f5d-a24a-0fff93b53770","identifiersha","2025-04-07 08:25:16+00:00"
"dc9dbf6ce4d9081c906a29ceb023216a2b7e25d1.jsonld","https://obis.org/dataset/6a854b88-254c-40dc-9a5c-a95b0a76037e","identifiersha","2025-04-07 08:28:26+00:00"
"dca7f102849506412fe4cf4de8c52ef52b84deb8.jsonld","https://obis.org/dataset/f7a69ece-9e1b-4203-b90a-ebcdf2bbde30","identifiersha","2025-04-07 08:27:50+00:00"
"dcaf6334b44a3f0a5887005ba4ace57497dd6aa5.jsonld","https://obis.org/dataset/fc18744b-4e55-4acc-8785-c29fb6692b34","identifiersha","2025-04-07 08:24:55+00:00"
"dcc6c3e1ac3830c0b4d58d7414c93dfd9c2fcc2c.jsonld","https://obis.org/dataset/0b6fd326-7ec6-487a-a386-b4e0d655d3ef","identifiersha","2025-04-07 08:22:52+00:00"
"dcce9d2be89c2f1f9192409b6891c18f807434f7.jsonld","https://obis.org/dataset/3565aa91-aa9b-4a3d-90d0-949f79807cea","identifiersha","2025-04-07 08:28:00+00:00"
"dcd98c7a34b4a1c7086e54a2a00b7e3cf21be0d7.jsonld","https://obis.org/dataset/5d20e8d2-36a1-4a54-9754-77ee82a27caf","identifiersha","2025-03-24 00:45:01+00:00"
"dcdf09cd6e38749083884fc344b7793e6045ac1d.jsonld","https://obis.org/dataset/3cb562c7-59b4-4f8c-ac62-fc49fc7ef79b","identifiersha","2025-04-07 08:25:15+00:00"
"dce0f40c7659f83ee16e06ec9f64178ea3099859.jsonld","https://obis.org/dataset/32e4711c-07ff-4d6c-8a03-968985a924f2","identifiersha","2025-04-07 08:28:11+00:00"
"dce5a4d67d7c186f4cc8689869adf81b6a69911e.jsonld","https://obis.org/dataset/ca01e76e-027b-4c21-aed6-235a3f942535","identifiersha","2025-04-07 08:26:20+00:00"
"dd01984f3ca5d31642819df73c0012c2328091f3.jsonld","https://obis.org/dataset/13edfad1-54eb-486e-9711-f9e9eb01eb1a","identifiersha","2025-04-07 08:24:09+00:00"
"dd01a95ce73a7307eeb65ebe7c7d62b4a1e1d271.jsonld","https://obis.org/dataset/420d5051-7d48-4c63-94d8-2553b9aad236","identifiersha","2025-04-07 08:25:22+00:00"
"dd0cb7298ab9453e888edd75c951c1dd718f818f.jsonld","https://obis.org/dataset/93de658a-9e25-47f8-811d-0e6365b0f6d7","identifiersha","2025-04-07 08:28:12+00:00"
"dd106d21be60a2dbb8cc670771db3b8720a5c9c2.jsonld","https://obis.org/dataset/217bc2a9-4d9a-4064-bab4-457121c68145","identifiersha","2025-04-07 08:23:17+00:00"
"dd12cb5c818758babe10ce750e0285b597cd9cd5.jsonld","https://obis.org/dataset/3d79aa7d-d918-4924-a8c4-bfcb799b63aa","identifiersha","2025-04-07 08:23:55+00:00"
"dd1e35f5dc4141ac16d83dd17cb2989cf56a8cca.jsonld","https://obis.org/dataset/67927f74-23b7-43af-b7e7-a39b1ec63a2b","identifiersha","2025-03-24 00:34:12+00:00"
"dd23c9b1790e05927c16355883f0c09a526d6f4b.jsonld","https://obis.org/dataset/a9c331f4-922f-44bf-bfcc-1980b7b5c6dd","identifiersha","2025-04-07 08:23:58+00:00"
"dd3b54e5762de0833982946646d023f3b0ec9e29.jsonld","https://obis.org/dataset/ecb089bf-3f8a-4202-a304-47ec5e0ddc2d","identifiersha","2025-04-07 08:23:05+00:00"
"dd43941e57ec6feadbb5423ddbb74c36eb7fbd71.jsonld","https://obis.org/dataset/71748d53-57e9-4e30-9678-ede83ca6c7ba","identifiersha","2025-04-07 08:24:12+00:00"
"dd4da56d5506c5eff0b676b2b481f605aded326c.jsonld","https://obis.org/dataset/8e48c245-e862-4e74-b818-53812c435ccd","identifiersha","2025-04-07 08:24:23+00:00"
"dd7b11ae3e15a6e3ab13e254642a2eba0fbba247.jsonld","https://obis.org/dataset/19eca4c8-ace3-4bd6-b059-9051cb732d40","identifiersha","2025-04-07 08:26:10+00:00"
"dd81e1c5a8e90f517a03d8ddcd6332e4ca2a8beb.jsonld","https://obis.org/dataset/b1d4a459-7648-4254-97f5-68a5180c2820","identifiersha","2025-04-07 08:25:57+00:00"
"dd8f7a782818daec3bcfd38e95610fd810043be5.jsonld","https://obis.org/dataset/6651cf9e-b40f-48dc-a91f-e2e13f7b0891","identifiersha","2025-04-07 08:27:33+00:00"
"dd96bf4658b379abe460ae3c2f3a6b6d3f5cb502.jsonld","https://obis.org/dataset/f9901fb0-739d-49d4-a2ff-2a490ddf0809","identifiersha","2025-04-07 08:27:19+00:00"
"dd9937f5d025ba2c915ec8459dda672f231a90b6.jsonld","https://obis.org/dataset/4462e452-1184-44eb-982c-ca2551931ee8","identifiersha","2025-04-07 08:24:45+00:00"
"dd99ea8a595099679d87883072096420442506eb.jsonld","https://obis.org/dataset/05f29159-ae9e-4d58-b9ed-2d67791e204b","identifiersha","2025-04-07 08:22:44+00:00"
"dda8270d39ea6c7f7273835ec2cb4e5eb47f56c0.jsonld","https://obis.org/dataset/f5392a89-f52b-45e7-91d2-90305c243b05","identifiersha","2025-04-07 08:23:53+00:00"
"ddbd4f5d977697decf33eeb1eee8ac4fb5c071bc.jsonld","https://obis.org/dataset/ff8b7809-41bc-40ad-8160-0e33862817a0","identifiersha","2025-04-07 08:22:56+00:00"
"ddc3cff46e5d43a7f12d8fcbf3306e50a49f5124.jsonld","https://obis.org/dataset/a4257cff-3c2c-4a60-ab29-91f65545bb08","identifiersha","2025-04-07 08:23:41+00:00"
"ddc8c8895d99502e02f7d3f8dc3d2a87f3e72e01.jsonld","https://obis.org/dataset/059a80c4-0955-484c-ab64-d2f524c7e9bb","identifiersha","2025-04-07 08:26:27+00:00"
"ddcbd0fbcdfd6b954aa2a72530e1dffb411582f7.jsonld","https://obis.org/dataset/27634725-9cfd-433b-8f14-6672844e69bf","identifiersha","2025-04-07 08:26:10+00:00"
"dddeb40c005e9c6db0c3626e7e63d1b25b86a6cc.jsonld","https://obis.org/dataset/decbd260-0bf6-439b-b25f-c36bb5ddb373","identifiersha","2025-04-07 08:24:39+00:00"
"dde8ae074edf6a87f3b9b8fe3f692ab5c4ce1978.jsonld","https://obis.org/dataset/25303bf2-07eb-4d0c-8dd2-f5802c433064","identifiersha","2025-04-07 08:25:54+00:00"
"dde9c0505e6734ad07ad10d7f0f3dc9e8f6df6d8.jsonld","https://obis.org/dataset/05c894e2-f4d3-41eb-b85a-0235e457c815","identifiersha","2025-04-07 08:28:33+00:00"
"de04d5f2f47d08c18eccb075516cc72d14c4d545.jsonld","https://obis.org/dataset/babb19f7-e258-4d4e-8423-b6e6b8255fe6","identifiersha","2025-04-07 08:24:07+00:00"
"de1b0e335799fb30a9311f29133a80eb2968205c.jsonld","https://obis.org/dataset/814e548f-f6ec-46c7-8fd2-43764952c515","identifiersha","2025-04-07 08:25:17+00:00"
"de2ee104e7541ecc80f1a3b235641f31bb14f07e.jsonld","https://obis.org/dataset/5854c350-c259-4ed7-af6c-067df8062725","identifiersha","2025-04-07 08:24:19+00:00"
"de3005a2c7bb13a10b6cc7ec22739720fd50d117.jsonld","https://obis.org/dataset/f50ab652-1960-4bbe-a0e5-f0349cf0b4b0","identifiersha","2025-04-07 08:25:56+00:00"
"de34b38298a5c68f404b55ec2d41ba72dfa296da.jsonld","https://obis.org/dataset/237d9d1b-7e81-4776-aa32-c4cfa6707f10","identifiersha","2025-04-07 08:28:02+00:00"
"de37bfc0827cf3433a74dea294584eb6797945aa.jsonld","https://obis.org/dataset/a7b4fc5d-7754-4018-9ebb-68015edb6d08","identifiersha","2025-04-07 08:25:04+00:00"
"de486506d9641757c27aa3388731cc9f59d71777.jsonld","https://obis.org/dataset/006afa73-f64d-4234-a03a-7514f8a764d0","identifiersha","2025-04-07 08:28:01+00:00"
"de516b4fdd2b4dcbd8bcffe9a8d3161c78c2a228.jsonld","https://obis.org/dataset/55659e7a-ea4b-4389-a9ad-833f2cdb910b","identifiersha","2025-04-07 08:23:33+00:00"
"de55c6d94ad554c6f24afa8e64d0d7ab94aaff22.jsonld","https://obis.org/dataset/46005357-02b8-4f17-b028-065bfc1cd384","identifiersha","2025-04-07 08:27:01+00:00"
"de55d8d898dad6869063156d78309bf8bd024a1f.jsonld","https://obis.org/dataset/79755e05-5223-4e12-9db2-9e2c9bd6b770","identifiersha","2025-04-07 08:26:46+00:00"
"de632e2794d609f8a8fc7d59649a600204c57ab8.jsonld","https://obis.org/dataset/b13cce4b-3894-4e89-82e6-aefa341ec2f7","identifiersha","2025-04-07 08:23:55+00:00"
"de79c89c2835125bbc10a80d307fc72b105ba6f5.jsonld","https://obis.org/dataset/6367c644-71bd-4437-9e9a-38e75ee505b0","identifiersha","2025-04-07 08:26:11+00:00"
"de99ebd3c23bbe988989e1953f0eccb2bae0803b.jsonld","https://obis.org/dataset/236070b0-e8d2-41aa-aecc-848f457c3e1e","identifiersha","2025-04-07 08:23:20+00:00"
"dea7206e102d77613f41eacc85faa377c3b2f29a.jsonld","https://obis.org/dataset/0d3c28c8-42ef-4518-88a4-4d33645b56fb","identifiersha","2025-04-07 08:24:28+00:00"
"deab3ebf050e62ec9a398e5dd9989ab350443398.jsonld","https://obis.org/dataset/66fe7e4b-ddcc-44aa-8378-c7c7482c2844","identifiersha","2025-04-07 08:22:27+00:00"
"debcdf31f68352a686ead1f61fa079a4a139e0e8.jsonld","https://obis.org/dataset/5a54c569-d156-4593-89e0-7e8b48a18a3a","identifiersha","2025-04-07 08:24:33+00:00"
"decfe9c40665b52eca22464189d569097f907acf.jsonld","https://obis.org/dataset/8dbd0669-92d1-41ef-a5db-527bc6aa1ec9","identifiersha","2025-04-07 08:23:18+00:00"
"ded25964e7fffb9d28dcede81d32baf2913db2b8.jsonld","https://obis.org/dataset/5e25947f-fb67-4bcd-97bf-73549bd88ab2","identifiersha","2025-03-24 00:27:37+00:00"
"ded74696d6dbf17838c49f5e25b82e1874fd5275.jsonld","https://obis.org/dataset/d69036d6-00c8-445c-89aa-f9149cb1de31","identifiersha","2025-04-07 08:24:42+00:00"
"defcdc1c1cfffe5e962b84c973524a0fe69512b9.jsonld","https://obis.org/dataset/27493871-464e-49a0-89a6-7153bb09bc89","identifiersha","2025-04-07 08:27:42+00:00"
"df3118ba2b6afee6b6f9aa68366881f11d5e6da0.jsonld","https://obis.org/dataset/e84e4864-bb77-486d-9940-d784014dd2fc","identifiersha","2025-04-07 08:22:35+00:00"
"df325693b33577e041eb2c462be2c456a586a619.jsonld","https://obis.org/dataset/937da8a1-06b0-40ad-8ea4-af9db9490081","identifiersha","2025-04-07 08:24:32+00:00"
"df37f477bae6bf40149f855a6e2bbb481946577f.jsonld","https://obis.org/dataset/165ddab4-6d2a-4e0c-9649-9114d18c0fd1","identifiersha","2025-04-07 08:27:33+00:00"
"df46ba57b61e572ea7d6d1f0c82a9f9163393e08.jsonld","https://obis.org/dataset/2b3ebd3f-fb41-40e9-94ed-9aee2fbf38ec","identifiersha","2025-04-07 08:24:54+00:00"
"df6e9922a490fc4964c985ce73722e290bf7bcc2.jsonld","https://obis.org/dataset/200898fc-2229-433d-abe5-db9eb084152d","identifiersha","2025-04-07 08:28:19+00:00"
"df7388a35707038dc68fe0a69a867ba3287ad6ed.jsonld","https://obis.org/dataset/0ef4bb91-c27c-4e90-b679-c170252dddb6","identifiersha","2025-04-07 08:25:00+00:00"
"df812a6768619d7f05a016f593b3841bdd226595.jsonld","https://obis.org/dataset/0c26d43f-3b01-4667-ae53-43bf7fac27ed","identifiersha","2025-04-07 08:26:22+00:00"
"df89a8b9771fb8cf9d6390376d22bd5d3fc2c817.jsonld","https://obis.org/dataset/04fc903c-a2c1-4d03-9183-888d544931bd","identifiersha","2025-04-07 08:25:56+00:00"
"df91239dbc8a3f12ed153fe591c3f3d2b33057b1.jsonld","https://obis.org/dataset/34fcc0ba-f098-4281-87d5-ca8301be7a1b","identifiersha","2025-04-07 08:22:55+00:00"
"df928bdde9f9dc0ab89e25ce76f704b8f1540b8d.jsonld","https://obis.org/dataset/aa1aa398-2222-4d26-b8b6-e7c6f7b294a0","identifiersha","2025-04-07 08:26:56+00:00"
"df9af8b45d90874b04913baa0a6d7ec6fc0ffc12.jsonld","https://obis.org/dataset/b856037f-bbdf-45da-9b43-c7ac1a6c74d3","identifiersha","2025-04-07 08:26:53+00:00"
"df9b14d1d9ba0bddee8ffb9d62da06cb6876ad33.jsonld","https://obis.org/dataset/9bbbb303-5f9e-4a27-8be1-a2f8d1299d97","identifiersha","2025-04-07 08:24:27+00:00"
"dfa532b9170e60486cd0d19dca57357999d2037d.jsonld","https://obis.org/dataset/b976134b-70af-4608-ae99-9ad599e284c6","identifiersha","2025-04-07 08:27:26+00:00"
"dfbb0815024a9885332e52befe1673cb77114967.jsonld","https://obis.org/dataset/f2cfae14-4a02-4371-b653-4618134ee0bd","identifiersha","2025-04-07 08:24:17+00:00"
"dfc50fab48c395bb8cbdda27b624682129586873.jsonld","https://obis.org/dataset/31151dce-cee4-4d86-9140-6ec0a5efcd90","identifiersha","2025-04-07 08:27:56+00:00"
"dfcdd6a5d2de00bfd9c8dda0adb1caa7b3bfceac.jsonld","https://obis.org/dataset/7da2613f-909e-47d8-9563-94e817825e2a","identifiersha","2025-04-07 08:27:35+00:00"
"dfd8f6f18f85872289fe3a1612475f250df6a767.jsonld","https://obis.org/dataset/4f047510-f0e4-4eed-a89f-25a2ca5c2754","identifiersha","2025-04-07 08:22:48+00:00"
"dfe66532374d2936e3303a4af93981586dd7d8ec.jsonld","https://obis.org/dataset/0ad46fa2-466c-4dd6-87d6-7261ea1909ce","identifiersha","2025-04-07 08:26:49+00:00"
"dfec94c6d4580fb54c0abac76b57942022c11b64.jsonld","https://obis.org/dataset/269609a8-58e6-4b58-86af-7d3b5cd44e71","identifiersha","2025-04-07 08:23:55+00:00"
"e00e0c16dcbd75dde3f36caa333f26f90bff9563.jsonld","https://obis.org/dataset/f3fa4dc5-3717-4a09-87d2-1672f1db6a65","identifiersha","2025-04-07 08:27:23+00:00"
"e01ca9782a2691cbb811a29a60cbd1be85c6195a.jsonld","https://obis.org/dataset/713998f6-4562-4c27-be49-24934e85a967","identifiersha","2025-04-07 08:26:56+00:00"
"e02c653ba6b903d0fe91781ff6afb08922f422aa.jsonld","https://obis.org/dataset/704d7278-2647-436d-9bd0-8913a1d189cb","identifiersha","2025-04-07 08:25:28+00:00"
"e034a297e039fe749b56294bce7a4592dc1b8c86.jsonld","https://obis.org/dataset/bc2af4c9-d294-4a05-bcdb-1dc183e1cad5","identifiersha","2025-04-07 08:24:03+00:00"
"e040c3c5aa0b81f9b2229dab713c3b5fc4f6918e.jsonld","https://obis.org/dataset/ba8a24ca-a78b-4fa1-a6ca-0e8fc8026871","identifiersha","2025-04-07 08:28:13+00:00"
"e0474cae431ccf8f5e887f1a7f80c8ff9da4e6c2.jsonld","https://obis.org/dataset/06bf1a7e-55fb-43a7-8427-86d5c3f56e17","identifiersha","2025-04-07 08:26:57+00:00"
"e04b9744b1e292d913e3388af2482b2fdd6d0183.jsonld","https://obis.org/dataset/9c8a2ac6-f394-4fa1-981e-227fa7b14675","identifiersha","2025-04-07 08:22:37+00:00"
"e04d77e2db72c39a320fc6412526ce1eac04ae62.jsonld","https://obis.org/dataset/3fa47f4f-8313-4e53-ac92-ca87fc119c4c","identifiersha","2025-04-07 08:25:15+00:00"
"e07731c247555899acea2b2a30ae1349c340173f.jsonld","https://obis.org/dataset/84df1ad7-e089-4199-9fb4-62f586c7c34d","identifiersha","2025-04-07 08:22:34+00:00"
"e08b40562f734db1c8ac7277ba78500fc34fe594.jsonld","https://obis.org/dataset/fdb221e4-7d7e-452b-af1b-d8e5ed5ddf8a","identifiersha","2025-04-07 08:25:47+00:00"
"e0a366b5426c9b05f7c95c8f10c6d79b1b382bad.jsonld","https://obis.org/dataset/1ad8e2d8-06c8-403b-abc0-9882990fedf8","identifiersha","2025-04-07 08:24:01+00:00"
"e0ad59933f69ae2f5470199726553c2628b19d82.jsonld","https://obis.org/dataset/51c555be-c3e8-49de-9299-6f08f029002c","identifiersha","2025-04-07 08:24:23+00:00"
"e0ae15c102a6f4b6a60557f03318164c0097c0d8.jsonld","https://obis.org/dataset/2e64d936-f31a-4dab-a40b-41422870e37c","identifiersha","2025-04-07 08:24:55+00:00"
"e0b6ac3581be7a66271fdf14f0833eb4d93c4d0c.jsonld","https://obis.org/dataset/fad57650-e793-4b0c-bb34-b47832c5cc90","identifiersha","2025-04-07 08:28:12+00:00"
"e0cc08c77ea16967c5669d1972db549b5b08ef73.jsonld","https://obis.org/dataset/0c02d1bc-07fa-4f16-838f-50755a61e703","identifiersha","2025-04-07 08:24:54+00:00"
"e0d4039391732ba4a5e20f6c2a2a225279f33c73.jsonld","https://obis.org/dataset/3232d039-4ee1-4bc1-a490-9abd0c319b89","identifiersha","2025-04-07 08:26:36+00:00"
"e0da03ca3cf285a9f621dfdec5759f1b672fda4f.jsonld","https://obis.org/dataset/c003e456-804a-446e-8339-d9dbae7abd8a","identifiersha","2025-04-07 08:28:34+00:00"
"e0ddfb539db709c96dfb8458c9e4748d1e51c0c2.jsonld","https://obis.org/dataset/f1ce66ae-a916-4ebd-abb5-f5a40dbc9168","identifiersha","2025-04-07 08:25:52+00:00"
"e0e84b0c4205b4630b490f4163926d8a7ad70d4a.jsonld","https://obis.org/dataset/afb4c3d7-c51b-4d7d-9338-3d2837b73be0","identifiersha","2025-04-07 08:25:51+00:00"
"e0eccdc66c76f71c138dc2a6a0d3b934d3e9dd29.jsonld","https://obis.org/dataset/3ea2f318-e018-4c0d-bb35-52ebb61a7f21","identifiersha","2025-04-07 08:23:43+00:00"
"e10338dfcb40e9c87dd93cdb27ef297f640db578.jsonld","https://obis.org/dataset/f93a5880-533f-462d-8c89-2ff311e9c072","identifiersha","2025-04-07 08:26:51+00:00"
"e10c165d650a70c84762a5c575c9d5edf2223d48.jsonld","https://obis.org/dataset/6767e714-f438-4c0f-ac71-363a413b8261","identifiersha","2025-04-07 08:23:16+00:00"
"e10f18e3bf2c3ec6c4630efcbc7a435f540ab45d.jsonld","https://obis.org/dataset/11c9e3fc-84e2-45eb-95cb-0e8e3743f9f6","identifiersha","2025-04-07 08:25:03+00:00"
"e11127677509a9316a95dc8f2f3e45123eef5e96.jsonld","https://obis.org/dataset/d6ba0ad4-6a38-415f-8fb2-72337b675f38","identifiersha","2025-04-07 08:26:02+00:00"
"e11373e8f5c62c1844e062d047b32a762035cb1d.jsonld","https://obis.org/dataset/d67927da-46d3-4c05-af5d-80b88d8f3048","identifiersha","2025-04-07 08:28:09+00:00"
"e11e50baf17c55f3d979beec6260e3ec468380d1.jsonld","https://obis.org/dataset/f4b07adc-cd2a-4b82-89d4-acb8155e2115","identifiersha","2025-04-07 08:27:01+00:00"
"e12185a139df3b9d8e99f5e94500e238984781e9.jsonld","https://obis.org/dataset/a0317166-af21-48b9-bda7-25547a34f558","identifiersha","2025-04-07 08:28:15+00:00"
"e14a95d58b1de660c7946987d7a67d6326138b1f.jsonld","https://obis.org/dataset/9228a6df-b054-4323-9858-027d7961959b","identifiersha","2025-04-07 08:24:59+00:00"
"e14d1ad1c72f42dbef4449fbf18abe97082bca09.jsonld","https://obis.org/dataset/419f84d6-c6b5-4fd4-82ee-099dc2a92788","identifiersha","2025-04-07 08:25:51+00:00"
"e15fa9eefa6911d5b6ee5622b4f11a6d7d97b42d.jsonld","https://obis.org/dataset/6771b0cd-d355-45aa-a9ba-6bf4daccda16","identifiersha","2025-04-07 08:23:46+00:00"
"e18fe31129e29f7c1987076f472e38b88fad1285.jsonld","https://obis.org/dataset/a4acb9be-50da-4837-a71d-020888dd03e4","identifiersha","2025-04-07 08:25:29+00:00"
"e195d9f9d53186ff15d93ba8288bb1df3698db99.jsonld","https://obis.org/dataset/60c97678-97b8-407e-8bea-3e00c9a48328","identifiersha","2025-04-07 08:24:59+00:00"
"e1af71c5eb2268fa9cd9c9f6d5c7226267341570.jsonld","https://obis.org/dataset/ec6bfce3-b62c-4a2b-b071-0d5856def57f","identifiersha","2025-04-07 08:25:23+00:00"
"e1b23600f71d200fad8d96a846a38ef959490921.jsonld","https://obis.org/dataset/f170f9f3-4fc5-4541-95c7-352064d211c1","identifiersha","2025-04-07 08:28:25+00:00"
"e1b86f36d8d14cdc02367b9e984a1497c9eebcc5.jsonld","https://obis.org/dataset/acbc0d27-61d6-4fe7-895d-324fefdd727a","identifiersha","2025-03-24 00:45:25+00:00"
"e1cd2f645ac0b77e64cf572576288460e1e67950.jsonld","https://obis.org/dataset/6a443ad0-f5b6-4f2f-869f-94615eb75a0e","identifiersha","2025-04-07 08:25:21+00:00"
"e1ded8e2c493d80edce8f97fe0ee22ab18f66c25.jsonld","https://obis.org/dataset/c475545f-8fe7-4541-9583-6d609164c871","identifiersha","2025-04-07 08:25:55+00:00"
"e1ef3962c6795fe680c4f654094959be90ab7361.jsonld","https://obis.org/dataset/0860ea0a-6f67-4ef9-8f80-3938e55b951b","identifiersha","2025-04-07 08:25:02+00:00"
"e1f2292d58ebcc7b8fa9028623150eec16acccf6.jsonld","https://obis.org/dataset/6de2c727-9a1a-46e3-9912-b998e1b80893","identifiersha","2025-04-07 08:25:35+00:00"
"e1f62424d1e98e0aecc9af19a2971f1dbff012c6.jsonld","https://obis.org/dataset/dee11aa0-8173-490d-8f70-9d3806a8c076","identifiersha","2025-04-07 08:24:44+00:00"
"e1f7e0f54f46432e29827f8006394f88c02e6ac3.jsonld","https://obis.org/dataset/6ced1167-d236-4a60-a783-b0ea06b49ff0","identifiersha","2025-04-07 08:24:29+00:00"
"e20fafa1a2fa5542cf4340d40c7565a2527e2dd5.jsonld","https://obis.org/dataset/6792a6d1-45de-417b-bcbb-93649611df8f","identifiersha","2025-04-07 08:27:53+00:00"
"e218ac03027254500744b15a5c5210d2183d47c4.jsonld","https://obis.org/dataset/58f229d6-8aad-4d85-b4b6-621d4f25d5ec","identifiersha","2025-04-07 08:22:53+00:00"
"e21d87e35687de1559ce507105e64fde3977da24.jsonld","https://obis.org/dataset/7005b764-2feb-436a-8f17-0b41c6cd8435","identifiersha","2025-02-18 23:24:14+00:00"
"e22ccfa2be80af0fa44b0455921c7e9940c39803.jsonld","https://obis.org/dataset/c7765899-824c-4cd7-be5e-40a17eeddacc","identifiersha","2025-04-07 08:28:32+00:00"
"e23b9dbb958fe52f073d04bacb284f4fefada1f5.jsonld","https://obis.org/dataset/4cb4bedc-4c62-4a90-a05a-200054cb3bd3","identifiersha","2025-04-07 08:28:26+00:00"
"e247e1de0f1d41db8652ace4a0494843959f582c.jsonld","https://obis.org/dataset/10c69325-1aa3-4deb-ba1b-3f635b221a92","identifiersha","2025-04-07 08:23:38+00:00"
"e24a6335ed9ee37ad2f72868c994de57071982b1.jsonld","https://obis.org/dataset/d648e5d9-4b4e-46a1-90b6-0fe8380ada2e","identifiersha","2025-04-07 08:22:42+00:00"
"e25326aa78df77e8ddd410519ff2e90c7211ed83.jsonld","https://obis.org/dataset/573e9ab1-78d1-4d73-ab42-992ceeed0638","identifiersha","2025-04-07 08:27:07+00:00"
"e268a5c83b72ecdd634cbffbb837f2250c6e72d9.jsonld","https://obis.org/dataset/387148c5-6ab1-477d-b5f5-e95a0ef01a41","identifiersha","2025-04-07 08:23:07+00:00"
"e279e85d2346db846754d2a948c4d7a82eb5fa5a.jsonld","https://obis.org/dataset/27898a45-7048-4c11-95bc-1bc8884e0b73","identifiersha","2025-03-24 00:33:58+00:00"
"e29bb166d5f0b53c52c3a65093d02107d13c89d9.jsonld","https://obis.org/dataset/472bfcd1-0629-4ba2-adf9-318618f69b14","identifiersha","2025-04-07 08:23:29+00:00"
"e2a1b69541833566abef8e1b6dce28a375b57762.jsonld","https://obis.org/dataset/3be000ec-4591-43a9-a815-07889a15bc9d","identifiersha","2025-04-07 08:23:47+00:00"
"e2a8e8c8f9aed8f843ce61ce90436177d1994cab.jsonld","https://obis.org/dataset/bcd4cb33-c483-40e6-9d11-a6a779cd8ec7","identifiersha","2025-04-07 08:24:06+00:00"
"e2a9475acf1efa63f14b9d801313bb9c079d232c.jsonld","https://obis.org/dataset/6b64e7b9-1042-47d1-9b94-43a0572de43b","identifiersha","2025-04-07 08:27:27+00:00"
"e2b833962af263e39744a414deb49aa2652e9518.jsonld","https://obis.org/dataset/56e153b6-9480-4bd6-8875-f3871d41dcc8","identifiersha","2025-04-07 08:24:31+00:00"
"e2beec60d4bbc97922bbb453a5590ebfd074a5be.jsonld","https://obis.org/dataset/ed8342e1-2f06-4532-a0bf-69fe05aeff1a","identifiersha","2025-04-07 08:26:50+00:00"
"e2c85a788401788b452bc57afb20315fe0d82dfa.jsonld","https://obis.org/dataset/0681f804-ea29-4fef-a9d9-ba617ea76d0d","identifiersha","2025-04-07 08:28:11+00:00"
"e2cc37ef1e906651e47e4a49424ffa58a8693522.jsonld","https://obis.org/dataset/60984932-a0bf-4838-9134-6ff99143c165","identifiersha","2025-04-07 08:24:17+00:00"
"e2d039bb13a044a80608b4d712cb520cf9b5f2a6.jsonld","https://obis.org/dataset/40cfed36-6e07-448a-879f-daf0212602f9","identifiersha","2025-04-07 08:27:15+00:00"
"e2e47dc9673251f66db3b56be6025bf68c356401.jsonld","https://obis.org/dataset/ef974c20-6187-4263-b161-5f83918a395a","identifiersha","2025-03-24 00:32:27+00:00"
"e2e8758f781caaa00d201de7bad20b20b1efbfe7.jsonld","https://obis.org/dataset/768d9e0b-a4d8-4e02-8c50-74f0adf4cf52","identifiersha","2025-04-07 08:27:11+00:00"
"e2eb0db1d4cad1d5f82d021bf52df2fcb2e42168.jsonld","https://obis.org/dataset/c697826c-1da7-4916-a387-e35008a90415","identifiersha","2025-04-07 08:23:27+00:00"
"e2f7861419d3ed5107eb562c8ae06d9006006625.jsonld","https://obis.org/dataset/085b8194-5549-4c1e-8a76-7e89ccb8c920","identifiersha","2025-04-07 08:27:16+00:00"
"e30402afd85bd08f8f3b7fd255bb0a43969d54bb.jsonld","https://obis.org/dataset/41de338d-6a8a-43f7-a351-ce5c61a7708e","identifiersha","2025-04-07 08:23:14+00:00"
"e3112af5ba9d372bb5420e8689ed1c5af066bab4.jsonld","https://obis.org/dataset/926a4586-de33-424a-b2b2-cdc9e7c108c0","identifiersha","2025-04-07 08:22:55+00:00"
"e31c5b8d93a2753365dcf3a38ffaa783b2942f29.jsonld","https://obis.org/dataset/28debc1f-b8c7-4ce3-9bc5-408ebf9e59e3","identifiersha","2025-04-07 08:26:14+00:00"
"e322ca8f6da662e998038f7588b877fa61d757aa.jsonld","https://obis.org/dataset/b60529e4-5012-4ea1-b7a6-acdc7dec58f6","identifiersha","2025-04-07 08:28:07+00:00"
"e32656b40ba0dbb53e94c6ad72f656b844576343.jsonld","https://obis.org/dataset/8173d544-3c07-4143-8db0-091fc5973544","identifiersha","2025-04-07 08:26:05+00:00"
"e329a86562f24b856455d5c455b5ca60c0018feb.jsonld","https://obis.org/dataset/190f3394-a704-413b-a430-26b91a555dcb","identifiersha","2025-04-07 08:24:27+00:00"
"e3301b74b76f980bb1ff3aeb08300cd7a0ea67d1.jsonld","https://obis.org/dataset/38834776-d4a3-442b-82ea-726054c6dd28","identifiersha","2025-03-24 00:42:57+00:00"
"e343d729205a2c2248a07b33f3f0c64e3f6acd1b.jsonld","https://obis.org/dataset/a410a638-2b80-4f66-a0e3-87b9cb280423","identifiersha","2025-04-07 08:27:03+00:00"
"e346f1fd307bf8e2555596d8666c446f66de90e6.jsonld","https://obis.org/dataset/ed2e3dcf-1aa0-445a-926e-2043a437c8d2","identifiersha","2025-04-07 08:25:55+00:00"
"e349d6b532aea6861e6e4d1e841c051ee34fbabc.jsonld","https://obis.org/dataset/4dea922a-c5be-4680-b9ec-bdd356403e91","identifiersha","2025-04-07 08:28:15+00:00"
"e36bacc48105ed3234e7569e7fdc8f144d190b75.jsonld","https://obis.org/dataset/5eadc9bf-ceb9-493f-ba9d-04e62870766e","identifiersha","2025-04-07 08:22:36+00:00"
"e36e72eabb00ff80536aa6c8477ed0fc8b38e431.jsonld","https://obis.org/dataset/abe0fc82-02b9-47fb-8f7c-5ce51b528425","identifiersha","2025-04-07 08:24:00+00:00"
"e3789af3e3a3dd1dcf42a1211390d98bd61cbb8f.jsonld","https://obis.org/dataset/f1db48b2-d553-4858-b657-1943f60c59c8","identifiersha","2025-04-07 08:25:13+00:00"
"e38e0809188041f202ae93ea9461da97277f5163.jsonld","https://obis.org/dataset/7438886f-08b3-42c2-be14-9641471af765","identifiersha","2025-04-07 08:23:24+00:00"
"e3922d9c725e727a27ba2572b302fa5b377298d0.jsonld","https://obis.org/dataset/1e69cd84-1703-4383-ae5f-d8c9336d4a05","identifiersha","2025-04-07 08:24:25+00:00"
"e39914047381d8d86e2d17dc08efc382cecdf7c2.jsonld","https://obis.org/dataset/b6d3cafe-c59e-4c55-92d9-850be70fc5bb","identifiersha","2025-04-07 08:28:19+00:00"
"e39ad5873b207ddb6623e3fbf5aaceba1897d2e2.jsonld","https://obis.org/dataset/0e353f8d-53eb-4f17-af14-9f7ba021b175","identifiersha","2025-04-07 08:28:12+00:00"
"e39df2c502fc6462e0e8570e3bed46050510cda6.jsonld","https://obis.org/dataset/38834776-d4a3-442b-82ea-726054c6dd28","identifiersha","2025-04-07 08:24:44+00:00"
"e3a4c36ddfbc4717aa936d51db98ff474e48c458.jsonld","https://obis.org/dataset/5533fa1e-d1a6-47dc-b93e-bc51e2692589","identifiersha","2025-04-07 08:25:06+00:00"
"e3ae9b501a37e52746c39cfbf68c825402bd8dfc.jsonld","https://obis.org/dataset/286fc9ac-2812-49a0-9f76-f1e59d9777b2","identifiersha","2025-04-07 08:26:01+00:00"
"e3b595cd7dc920c459a25ad2d01476cbf9315e64.jsonld","https://obis.org/dataset/a4afb352-a688-418f-861c-aa549427a28a","identifiersha","2025-04-07 08:26:18+00:00"
"e3c20e8cf9c5462ee3c11ac2e4ea9016398880c0.jsonld","https://obis.org/dataset/c49997fd-7f9d-404d-af03-96c36b8dea9a","identifiersha","2025-04-07 08:25:25+00:00"
"e3c8b5647109233dde8d87facb72917a1cd2086c.jsonld","https://obis.org/dataset/85a55afa-8057-4019-8b43-93ed063d66be","identifiersha","2025-04-07 08:27:39+00:00"
"e3d92892733527fc9aa8c38750dd1f848ed14f1d.jsonld","https://obis.org/dataset/bcd1417a-c05f-4495-8f79-ca6cdb691215","identifiersha","2025-04-07 08:24:41+00:00"
"e3e9d0b2e1567dec372cb097ca7b2a04cefe17c7.jsonld","https://obis.org/dataset/8452fbd0-7a42-4880-bd2c-0721b526f8a8","identifiersha","2025-04-07 08:24:46+00:00"
"e3f2300c4fff1899b8d009b278bf3376623ff31a.jsonld","https://obis.org/dataset/bcc4d307-2e54-40d9-9a71-3615e10a2c3b","identifiersha","2025-04-07 08:27:52+00:00"
"e4035b357ea932e10445fd6dacd38c1963a573c6.jsonld","https://obis.org/dataset/e947aedd-4eff-4469-bd9c-08b317eba57c","identifiersha","2025-04-07 08:25:32+00:00"
"e40caa044bce182904f176d70cbc4d12d3fd0060.jsonld","https://obis.org/dataset/ca0effc7-48e3-4fe5-b1b8-1c3a46b81d37","identifiersha","2025-04-07 08:27:42+00:00"
"e414a862952c1ef5d57126ff376d53545a98b0b6.jsonld","https://obis.org/dataset/e668dcb3-24cd-4d87-8835-e14d1961cccd","identifiersha","2025-04-07 08:22:41+00:00"
"e415cb123ad0eb07798797a5eef80735bd9b79aa.jsonld","https://obis.org/dataset/d69484a6-ce0c-4d64-b2c9-6282cb9dcb94","identifiersha","2025-04-07 08:24:22+00:00"
"e4273d0f2699642b91add0a85f1f97b300993739.jsonld","https://obis.org/dataset/4b5e4ccb-cf66-44e4-8890-fa68f8404c3f","identifiersha","2025-04-07 08:25:39+00:00"
"e427c9a058c7d119bf56487db96e4b2284276600.jsonld","https://obis.org/dataset/e3c48dc5-ab62-4652-a60e-1d05298ef385","identifiersha","2025-04-07 08:25:58+00:00"
"e4304ca5c786ba405790fe8f8476d08ca5adaae8.jsonld","https://obis.org/dataset/ddb391eb-e918-4eb9-8a4b-65bddba563a4","identifiersha","2025-04-07 08:28:21+00:00"
"e4319e81cbc299fc1d58451ab88163be50e3fd84.jsonld","https://obis.org/dataset/ffedb747-4afe-4151-98fc-6b2470c51f8a","identifiersha","2025-04-07 08:27:40+00:00"
"e43aa1ae87ad3e1fd08361c2efc72bf8d02e82e6.jsonld","https://obis.org/dataset/f0fc91b1-6554-4e71-bd9c-8f6c6fd80a16","identifiersha","2025-04-07 08:24:52+00:00"
"e44331f10812f382e539a31e1254eb54c990091c.jsonld","https://obis.org/dataset/3167d822-f335-4a69-9361-f2b575691226","identifiersha","2025-04-07 08:26:44+00:00"
"e44b361f5f261e573f327a87ae7743fb6036cfae.jsonld","https://obis.org/dataset/a9dacd9b-ae5e-4006-bfe7-b83f918bc67e","identifiersha","2025-04-07 08:25:11+00:00"
"e45a7c19af9194e797e2c16b7e68b7abfc552850.jsonld","https://obis.org/dataset/93f488c2-653b-4340-a816-24614e2d2ef3","identifiersha","2025-04-07 08:26:13+00:00"
"e46ea1dc58f0c3b7dd452c03649f1c00be6fe710.jsonld","https://obis.org/dataset/d6af0fac-8a21-4d77-8872-f10d471fc0cf","identifiersha","2025-04-07 08:22:33+00:00"
"e4749bf82482d4b9c17cc689c31cdb9aa64cfdf8.jsonld","https://obis.org/dataset/b4c988b0-60aa-43e0-b9fa-f86b9b522b35","identifiersha","2025-03-24 00:39:52+00:00"
"e488814798e6a5a9019ffd9bd37568dc68740f3c.jsonld","https://obis.org/dataset/cbd9ed79-4fae-42ed-8ee3-00ca6b5028f2","identifiersha","2025-04-07 08:23:45+00:00"
"e48d8b77eabe77d9a967da5ac56f4612fe7d5406.jsonld","https://obis.org/dataset/749b833f-d87a-4fde-95d1-f5b34a392c7e","identifiersha","2025-04-07 08:26:05+00:00"
"e4958872a8eb9083575f3b7295b7c26dce74357c.jsonld","https://obis.org/dataset/2a851007-1cd8-4f08-9848-d924edbe6986","identifiersha","2025-04-07 08:23:36+00:00"
"e498ae8d4c03551f13d02637138c16ec016d3f70.jsonld","https://obis.org/dataset/27f259f7-db48-48fe-8003-832804fcf365","identifiersha","2025-04-07 08:27:48+00:00"
"e49d130e1091a62e4df902521e8bf79a214d8ed1.jsonld","https://obis.org/dataset/4296c51b-fdff-4625-8f6f-bd892000754a","identifiersha","2025-04-07 08:23:26+00:00"
"e4a6a22cde7e28cdd0e43335e98da6b54eae7c36.jsonld","https://obis.org/dataset/c67e4372-e610-4e8f-bf25-43d4e885c1fc","identifiersha","2025-04-07 08:28:08+00:00"
"e4a87f37cee4821d54ca5b31064e1e6bf54ecc83.jsonld","https://obis.org/dataset/cff8a83a-585c-4c06-8a6e-aa86fc85546b","identifiersha","2025-04-07 08:27:01+00:00"
"e4a9b3ba78ccda45c739974bf3123b2c55ce38a9.jsonld","https://obis.org/dataset/c5671a74-f8ba-4dfb-a758-1adbbdf6034a","identifiersha","2025-04-07 08:28:16+00:00"
"e4b59b84eb62e6c7783c7e17f0f5a212a345f757.jsonld","https://obis.org/dataset/5173de13-ca01-44e0-bb59-9b9dfda40266","identifiersha","2025-04-07 08:22:36+00:00"
"e4b7eff10b0f71f96cf0da1fb2596853c2273c26.jsonld","https://obis.org/dataset/2a70e6f3-0e14-46d6-8734-940091927343","identifiersha","2025-04-07 08:26:59+00:00"
"e4c5ed6ae281e20b47e79f480d0e2e6b107a6e1f.jsonld","https://obis.org/dataset/5ebbf3dc-12c8-4b97-8e00-610c1333bef1","identifiersha","2025-04-07 08:25:34+00:00"
"e4ce288011b395cff0059d87d97714b535af9e65.jsonld","https://obis.org/dataset/aaa7c282-5909-4055-845c-026b0db8b86f","identifiersha","2025-04-07 08:26:25+00:00"
"e4d556f8a4a7fe0513c729379300b63402662209.jsonld","https://obis.org/dataset/e395157e-339e-4f4c-890b-ad3464964d5e","identifiersha","2025-04-07 08:27:28+00:00"
"e4e5601624391be1312e99c23e73c695d03d4c01.jsonld","https://obis.org/dataset/e27fe9b5-a6f4-48da-86ec-86b4bc171201","identifiersha","2025-04-07 08:28:36+00:00"
"e4f2f401565b8a4ebd335a930e1b85cc0ab05267.jsonld","https://obis.org/dataset/779da843-9e8f-41e9-bae3-e8c2ba582530","identifiersha","2025-04-07 08:24:48+00:00"
"e4f5cd1a55db2ad2f469365a39c7c33ee8f3904d.jsonld","https://obis.org/dataset/55a4ceb0-6d00-4d71-b6be-49a9cdb51b2c","identifiersha","2025-04-07 08:25:57+00:00"
"e50a1a9c5124f1542fa7e4ccfbd644363ae203ee.jsonld","https://obis.org/dataset/4cfae7c6-13a8-4ed4-9a91-3ea4aa64c3c3","identifiersha","2025-04-07 08:23:26+00:00"
"e513b339d9a3e222202cd0ed29b615bac797acae.jsonld","https://obis.org/dataset/9e352504-b02a-4137-a837-3c7dddc93559","identifiersha","2025-04-07 08:26:03+00:00"
"e517964a22183db59a08f8cc5281d8513956d9a5.jsonld","https://obis.org/dataset/651f0e7c-1655-4be5-9e2e-ba3c2a729731","identifiersha","2025-04-07 08:26:34+00:00"
"e5220dac7ecc60f3dab1f17bf38a276176da7b0e.jsonld","https://obis.org/dataset/3db646e3-ca43-4496-8bb2-15803fb140b4","identifiersha","2025-04-07 08:27:48+00:00"
"e530e9fb1cfd7a1b84d23e126f7b33a4b9cce44e.jsonld","https://obis.org/dataset/eb277ffd-cd26-4783-ad1a-2b6acfb50a93","identifiersha","2025-04-07 08:26:00+00:00"
"e5420f584081fc4b5b5f376df65a5440af0ea05f.jsonld","https://obis.org/dataset/28fc6d00-b0fc-4249-9227-ce19e040dbe6","identifiersha","2025-04-07 08:26:00+00:00"
"e547b0e7d1d95917d5b6b4a5c9b288d0a67a4872.jsonld","https://obis.org/dataset/d1f1ca8c-e78e-4a82-8fe3-771e27214f1d","identifiersha","2025-04-07 08:28:13+00:00"
"e54ff005420ee842da9c0a01f58e3ab774cdc0f9.jsonld","https://obis.org/dataset/29a3b2cc-9c2c-4c2b-b732-05467c43ad67","identifiersha","2025-04-07 08:23:47+00:00"
"e55869d66b9aacc09a57ebee9e8b24951b6f04d7.jsonld","https://obis.org/dataset/c46e6e28-87a1-4464-a44e-d6ab96511580","identifiersha","2025-04-07 08:22:34+00:00"
"e55aa4a0bf6a9d7fb741842dea8f7695b62f5346.jsonld","https://obis.org/dataset/cda0da6a-9a18-4ed9-9077-ed4ad461d9f3","identifiersha","2025-04-07 08:22:47+00:00"
"e55ab0bbcb0c8a959b3d2f3012adce8542186c06.jsonld","https://obis.org/dataset/4b8b3141-28a0-46e7-8651-46a786827419","identifiersha","2025-04-07 08:24:10+00:00"
"e563d3047033a2c3fd2f4f3dd736bf864c453240.jsonld","https://obis.org/dataset/621a372e-f5e0-4ecb-968f-42969d521794","identifiersha","2025-04-07 08:27:08+00:00"
"e56575920907e6f12374469dd669c19e204d986a.jsonld","https://obis.org/dataset/774d7cef-f596-4015-a283-5b6575f995f8","identifiersha","2025-04-07 08:24:46+00:00"
"e567f9fd3ab1e4ef8a0618b2660926cb182bbe63.jsonld","https://obis.org/dataset/689b8597-99d6-4979-adb8-c8c72b94d04e","identifiersha","2025-04-07 08:23:24+00:00"
"e5756ebc4ed8716aaf2276216edecd7bbff15987.jsonld","https://obis.org/dataset/46bffce3-4daf-47a2-868b-00a14765ea7a","identifiersha","2025-04-07 08:25:09+00:00"
"e5a383b1eaf9aa5cb25b8f0e78aa79b98090fb72.jsonld","https://obis.org/dataset/8a2af528-f41c-4adb-8cbe-29ba0a596bb2","identifiersha","2025-04-07 08:26:50+00:00"
"e5bb4fe803b0ddff38fbb1504929175de60e9742.jsonld","https://obis.org/dataset/d19d6c41-ab39-467e-871c-472ae67bbd57","identifiersha","2025-04-07 08:23:11+00:00"
"e5c56bfa03022c8185354ed256f2b859df1b9366.jsonld","https://obis.org/dataset/a4548e3a-9652-49ae-acca-762c8bfe5f59","identifiersha","2025-04-07 08:26:30+00:00"
"e5c60528ae2e97e8ec4945bdcf35d35467475634.jsonld","https://obis.org/dataset/1ea34638-560e-4eac-9d14-25a095771f55","identifiersha","2025-04-07 08:23:20+00:00"
"e5d5369f1cb5db48ab072079cbe9450cb103cba9.jsonld","https://obis.org/dataset/cfa6809d-50cf-4f29-99d1-9e9bbf39c59c","identifiersha","2025-04-07 08:22:37+00:00"
"e5d862dd20f21d29c456a4a118eca59853baaae6.jsonld","https://obis.org/dataset/3bac1bfd-301c-44d9-abed-6588cc51365b","identifiersha","2025-04-07 08:28:12+00:00"
"e5e741250cffb56aacaa05865346ecaab99d9e30.jsonld","https://obis.org/dataset/f1987b75-508f-4562-8bbe-77cd9f6162d7","identifiersha","2025-04-07 08:24:26+00:00"
"e5f32baaf0d604c2e95fa5438fff223849b18d2b.jsonld","https://obis.org/dataset/02e343a2-d532-40f3-9402-d223d9fbab6f","identifiersha","2025-04-07 08:26:30+00:00"
"e5f6e7521eafdff9fde73cadcdd16edf0ad7f24d.jsonld","https://obis.org/dataset/9d5d07ef-4f64-480e-9ece-96d5132b9f6e","identifiersha","2025-03-24 00:43:36+00:00"
"e5fdeeecd5c22bbb14d3de952c38d59896908630.jsonld","https://obis.org/dataset/07b8bff0-177d-419f-9498-07c14b82f9db","identifiersha","2025-04-07 08:28:00+00:00"
"e6112ade9937cf3fc3871296b96316fcc073f88e.jsonld","https://obis.org/dataset/494170c7-3cfd-42e1-96c4-5a5f888c31ee","identifiersha","2025-04-07 08:24:18+00:00"
"e618ab475638f6a4692c3f8101e0074b8f41dacc.jsonld","https://obis.org/dataset/1bc1fe8f-4485-4342-92a0-b87d61b7e826","identifiersha","2025-04-07 08:28:04+00:00"
"e62562cb6a3d29e1ab35cc660616fc4e1f70bd82.jsonld","https://obis.org/dataset/3087802c-2d4d-4c5e-8a92-2a6f79f80541","identifiersha","2025-04-07 08:24:45+00:00"
"e62b0f4b7dc38282e52c3d894138241c40dd70c5.jsonld","https://obis.org/dataset/7803e742-5130-41cb-9bc5-104f9ae77d8e","identifiersha","2025-04-07 08:27:19+00:00"
"e633d7a2be2970ec4ff7bf14866a812d9991dc42.jsonld","https://obis.org/dataset/c0677106-e5a9-4a39-8351-c6a141ea7efa","identifiersha","2025-04-07 08:24:27+00:00"
"e645b3cb29636c318246d655a1606a813435c108.jsonld","https://obis.org/dataset/2e34a667-0140-40a4-a5c3-a4b0e37ae88c","identifiersha","2025-04-07 08:24:14+00:00"
"e654982658f43182b6f085e6f84b07f7e7b4b8be.jsonld","https://obis.org/dataset/0b9426df-0864-4ec5-a5e9-264ad4e22ab8","identifiersha","2025-04-07 08:27:24+00:00"
"e655b6af1699f1534710aaec0947e2a0cd0bd569.jsonld","https://obis.org/dataset/4d87824c-476f-419f-a96f-18b0fe20ad21","identifiersha","2025-04-07 08:26:44+00:00"
"e679bca5b703216d7ec731d696d577b728dc0c07.jsonld","https://obis.org/dataset/31b19749-85e6-44f6-8edb-33abe12b3ec7","identifiersha","2025-04-07 08:27:27+00:00"
"e6808218c0fa8d6fb6dd2958bcb8699ef9415ef9.jsonld","https://obis.org/dataset/f5a4799e-dc24-4807-89d9-01da47d52e3b","identifiersha","2025-04-07 08:22:27+00:00"
"e68be8076d668a010b8130944adf81ba2b79d9dc.jsonld","https://obis.org/dataset/53092237-536e-4ad2-bb28-00fc467dbd26","identifiersha","2025-04-07 08:24:53+00:00"
"e68edaa1ffc84ef5c229db09b14f5296593f6fc9.jsonld","https://obis.org/dataset/30b9ee29-50d7-40eb-8d45-8f9b331754df","identifiersha","2025-04-07 08:25:47+00:00"
"e694ee3f94af239dcc0df2ee300a11a87400776a.jsonld","https://obis.org/dataset/5924af46-df64-40ca-a2e6-14df429290e6","identifiersha","2025-04-07 08:25:57+00:00"
"e69604519fbf9a3c20b0985ac553c790a172c97d.jsonld","https://obis.org/dataset/ec81f563-539b-450d-8d6a-ede0b370c4a9","identifiersha","2025-04-07 08:22:32+00:00"
"e6a99d0693ee346389c0cc7d32983270760c2079.jsonld","https://obis.org/dataset/6ec96298-c3de-4767-9467-8ef2e486b5a7","identifiersha","2025-04-07 08:23:07+00:00"
"e6b31dab0bbf4ec878f00a7e228a8fc676424acc.jsonld","https://obis.org/dataset/14d41748-ac95-4b42-abb1-28a9b6fc6529","identifiersha","2025-04-07 08:24:59+00:00"
"e6bdfb9ccccaf6875506b4fe27b67bff40952453.jsonld","https://obis.org/dataset/9dda6bd7-c159-44ba-aa3f-6c01914d7f78","identifiersha","2025-04-07 08:27:27+00:00"
"e6c0950c1d2cffb2ff490751ffa9ce880d0ee827.jsonld","https://obis.org/dataset/f8ef97b4-23f4-4ec7-8158-87179fc8a517","identifiersha","2025-04-07 08:23:45+00:00"
"e6cfb908ca775dbd3b016d2858a7508541e352c6.jsonld","https://obis.org/dataset/d8ff6b4a-adb5-4af2-b68c-3bfea55949d8","identifiersha","2025-04-07 08:27:59+00:00"
"e6d6eee8fb980d0e50da16be3a3e48b9ba8d7e84.jsonld","https://obis.org/dataset/87fe249b-e0a2-4e0c-b642-fe5cd1cb78da","identifiersha","2025-04-07 08:25:08+00:00"
"e6e7d765a38764c33be21c17704599ae4df43a30.jsonld","https://obis.org/dataset/ca8c19c6-9f5b-45f9-b2cf-fd820d2e2ccc","identifiersha","2025-04-07 08:27:05+00:00"
"e6ed026b4faeba38d13a4fbee50eeedd5c73589a.jsonld","https://obis.org/dataset/46389886-a09c-4cc4-bd5b-76ada2157a52","identifiersha","2025-04-07 08:22:28+00:00"
"e6f8f5c7b7d5c1c25b22bffe7ad72ff8d0d47d09.jsonld","https://obis.org/dataset/ae274cc9-1bdf-4f9c-9db1-55fa8c95530a","identifiersha","2025-04-07 08:27:54+00:00"
"e702159419f6db105a3ca54198d32f828f730d0a.jsonld","https://obis.org/dataset/d45704f8-c04f-4b41-bb3f-1deb97ce24b5","identifiersha","2025-04-07 08:27:10+00:00"
"e707708d04271d34fec38507409e154fdc21fc49.jsonld","https://obis.org/dataset/ebc6dbff-0a72-4d3c-9de3-354d7b0f42ff","identifiersha","2025-04-07 08:27:35+00:00"
"e7114554f4e8846458224b35de93386fcc227304.jsonld","https://obis.org/dataset/6ca768d4-fcfe-413c-84d2-c1e3113946da","identifiersha","2025-04-07 08:23:28+00:00"
"e71d46c54107f5c608028a33ed1b5697567584d7.jsonld","https://obis.org/dataset/796780d8-2753-48eb-8dc8-02f16a023e59","identifiersha","2025-04-07 08:24:22+00:00"
"e72591993a530f171fde25e7759a19bf27ec39ac.jsonld","https://obis.org/dataset/b42e9179-87a6-4686-a358-057d3e624c85","identifiersha","2025-04-07 08:23:45+00:00"
"e72f0223c9ca3fdd0f31c225b8451a97a17afad7.jsonld","https://obis.org/dataset/dddc3bc5-2e72-4a09-9310-1bb803a9a6e7","identifiersha","2025-04-07 08:25:23+00:00"
"e7315892b0fb887b9ff5a75f138715d19a8a2da6.jsonld","https://obis.org/dataset/346ccc17-7d58-418d-84ed-42da85216f2a","identifiersha","2025-04-07 08:28:18+00:00"
"e7377d2f1507267902194667d625c0c7762e29e2.jsonld","https://obis.org/dataset/51f0f3ff-39a7-4302-ab26-258bfe614975","identifiersha","2025-04-07 08:22:27+00:00"
"e73dac0c5edd8a93672b6a6d42ccac4f6f8e4e05.jsonld","https://obis.org/dataset/2b99fd91-5a53-41fd-b54d-cb10ec4ab745","identifiersha","2025-04-07 08:24:11+00:00"
"e7410dfb7ae6d3d83c0b63446aab70207b51db7d.jsonld","https://obis.org/dataset/168f4ed7-0d77-43cb-a6af-e689bb5dedae","identifiersha","2025-04-07 08:24:37+00:00"
"e74c78c1ac18a4bd6dbecd5ed5b3cac7ed549c77.jsonld","https://obis.org/dataset/b0a12a0e-3b16-4330-9924-03a5b9bc94bd","identifiersha","2025-03-24 00:41:20+00:00"
"e74dc64d5f3113d48ab0e32b4650d29fcaadb89c.jsonld","https://obis.org/dataset/278ec077-4f8d-479f-8172-983014d9f929","identifiersha","2025-04-07 08:27:50+00:00"
"e74e380b6436e503515ef6373529acf1d31d3622.jsonld","https://obis.org/dataset/02ce69ec-e57c-4228-bed0-71bd83311e05","identifiersha","2025-04-07 08:24:12+00:00"
"e7510b4af425eecdf2a5e8cffaddddbbb94520c3.jsonld","https://obis.org/dataset/0863a646-ab1c-4f68-ba42-ba99ba0229a8","identifiersha","2025-04-07 08:25:27+00:00"
"e75b34cb82b9962835cc23ffc3f118dc3d6e393e.jsonld","https://obis.org/dataset/9048ca40-f527-4410-ba6a-579789d7ebc6","identifiersha","2025-04-07 08:26:29+00:00"
"e75e96d8f8d1fa1aa20bf5652eb93b94f467f938.jsonld","https://obis.org/dataset/90411e40-55ce-4ab8-b0d8-29359243e3ce","identifiersha","2025-04-07 08:22:46+00:00"
"e77cacf87a17a6bbaecbf27b47515f01faee532f.jsonld","https://obis.org/dataset/9a2ca2e2-e8fb-4de6-9c7c-a532578494ca","identifiersha","2025-04-07 08:24:10+00:00"
"e77cc8c42db32b9bab8382fa61312db5a38ec762.jsonld","https://obis.org/dataset/6c774cc8-b095-4be7-a254-a4e0fdcfbc17","identifiersha","2025-04-07 08:26:20+00:00"
"e7874e1cbdbe94f9191baa5f11427851e1bececf.jsonld","https://obis.org/dataset/edef216b-024e-41e4-bec4-7126a482c703","identifiersha","2025-04-07 08:27:16+00:00"
"e7a59ff2aaf30c019899d10b9603da48ab5fa4af.jsonld","https://obis.org/dataset/81b2d57a-6ea6-46f2-93f7-8aa772731d61","identifiersha","2025-04-07 08:23:17+00:00"
"e7b2bbcea8e5c65370f928ca52929458dfaad9da.jsonld","https://obis.org/dataset/2633ced5-70d7-492d-a72e-fcee04738467","identifiersha","2025-04-07 08:26:51+00:00"
"e7b8dd33e25b127bec05b7bc1decf80046a277ed.jsonld","https://obis.org/dataset/6a98097c-e795-46c8-882d-54c2eb1e31be","identifiersha","2025-04-07 08:26:39+00:00"
"e7c153b16aeec9d1a7e32d2a8b3e70bdd13a86f5.jsonld","https://obis.org/dataset/2988d0f0-e51c-493b-8f6f-9a88a0fb6435","identifiersha","2025-04-07 08:23:49+00:00"
"e7c78ac369cad2dbb477baff3198bf0acb370a01.jsonld","https://obis.org/dataset/f7168684-e6a8-4759-ade4-579ea74d9016","identifiersha","2025-04-07 08:26:51+00:00"
"e7d4ff16823fbc1350dc0d53752b283ef29bc268.jsonld","https://obis.org/dataset/338c41fb-0296-4be8-89fe-c5bb1057ef34","identifiersha","2025-03-24 00:37:56+00:00"
"e7d95e6596b7499829218bd8edd375bfa471977b.jsonld","https://obis.org/dataset/e4a2fe06-f082-4f36-9165-73263a121508","identifiersha","2025-04-07 08:26:24+00:00"
"e7df9024b33d41cbf99084e470caadef8a12b944.jsonld","https://obis.org/dataset/d712ea8d-e511-4939-8a97-63740374fb4c","identifiersha","2025-04-07 08:28:31+00:00"
"e7ec084f5fcee0b3acf20f39f26c9e1d90d5b023.jsonld","https://obis.org/dataset/603dd1fa-8dd9-4fdd-8bd1-85e634d3bc94","identifiersha","2025-04-07 08:25:19+00:00"
"e7f40130886f53096f04e81df6847b8be81de485.jsonld","https://obis.org/dataset/7009678a-05ed-49fe-9033-c3d81f3bb19b","identifiersha","2025-04-07 08:26:19+00:00"
"e80b4b35266da901b1f4222c8a8dbdd3d992f485.jsonld","https://obis.org/dataset/18d7384e-31ef-48a3-aa3a-bae1e32a38aa","identifiersha","2025-04-07 08:24:28+00:00"
"e80e760588fdf6d79aaaba0a99711dc5a02b0cea.jsonld","https://obis.org/dataset/69043aaf-751b-4bf0-9325-a99e719f4b61","identifiersha","2025-04-07 08:28:36+00:00"
"e81b5244d5d01bdea6cc6936c33e31fafb439c98.jsonld","https://obis.org/dataset/d18d8386-a08a-4459-98f1-c95220847bed","identifiersha","2025-04-07 08:25:08+00:00"
"e824a855424ef1cabf980a2f6e04f41032fed7eb.jsonld","https://obis.org/dataset/6f8008c3-3c95-4f4e-8f2d-1a282da8ba68","identifiersha","2025-04-07 08:25:50+00:00"
"e835ef60bce6ab582a09f6c52f02388ec7d220ed.jsonld","https://obis.org/dataset/108c84f3-ea9f-47cd-82c1-6b89ea9b292c","identifiersha","2025-04-07 08:23:35+00:00"
"e842afb70c8893b122c257f2c03de71834ced597.jsonld","https://obis.org/dataset/90b41b79-a5a2-4d6f-80d5-fbf2fa3a682b","identifiersha","2025-04-07 08:23:11+00:00"
"e84b0bd2beafbd9fe1ee0486f70c779661a4c5cc.jsonld","https://obis.org/dataset/8e877919-a1b8-4911-9e02-6e927a30cacc","identifiersha","2025-04-07 08:27:41+00:00"
"e86cdeef912c3e110393f6855d1b91246caf3d95.jsonld","https://obis.org/dataset/dc590428-7a0e-4272-985e-b5ad279a245a","identifiersha","2025-04-07 08:23:30+00:00"
"e897128b3dd424631c38bdbf26bbd19ce964f0ba.jsonld","https://obis.org/dataset/a80f6e1c-bb4a-4eec-bf45-a77f9644d967","identifiersha","2025-04-07 08:24:51+00:00"
"e8986676b8d30ec5586ad6302261f65cd5ef31dd.jsonld","https://obis.org/dataset/8f4c4352-9ea2-481b-8bb2-bb2552597608","identifiersha","2025-04-07 08:23:58+00:00"
"e8b386feb032cc3382ed0838641d3f54ee6ba9bb.jsonld","https://obis.org/dataset/f42430fb-55d5-4588-9079-442169f356ad","identifiersha","2025-04-07 08:28:31+00:00"
"e8b64d5c3e5691874c03dbf20711bda8cd468073.jsonld","https://obis.org/dataset/1123992d-bdd3-4fc4-ae83-aa3938a53781","identifiersha","2025-04-07 08:23:16+00:00"
"e8c4972e7615d304a1c2da79948dd78d2362c68e.jsonld","https://obis.org/dataset/23824d76-c44e-400c-a3a7-f3f36df32d4e","identifiersha","2025-04-07 08:26:01+00:00"
"e8e660adb67b8d54608703ec7fd0678aef6e7dcc.jsonld","https://obis.org/dataset/2b946355-6f27-49b9-896d-c9b3a3157f7d","identifiersha","2025-04-07 08:28:25+00:00"
"e904576d91cfa7700872504cbca8afee1498ad47.jsonld","https://obis.org/dataset/16d777d9-156a-477d-b9da-100fc433d43b","identifiersha","2025-04-07 08:23:44+00:00"
"e910032aa75b706b391043320eaaa32ed45285ba.jsonld","https://obis.org/dataset/0dee1c07-b9b6-4260-a4bc-6c6fff25a041","identifiersha","2025-04-07 08:23:31+00:00"
"e91a8fc3e0b045433f30c112a6422a409d105de4.jsonld","https://obis.org/dataset/1662ded3-666e-4e85-b4a7-fe7f103521bd","identifiersha","2025-04-07 08:27:15+00:00"
"e91acf2055bfd540d6ff944155cc3bf1a3e9d457.jsonld","https://obis.org/dataset/513269a2-1a3c-4984-9041-91b943091978","identifiersha","2025-04-07 08:26:45+00:00"
"e93108628a93896a3d6862ef33f4a0930d925bc0.jsonld","https://obis.org/dataset/cf674a5c-d45e-463b-b6bd-327fa6a58d6c","identifiersha","2025-04-07 08:23:53+00:00"
"e94b47709736d2101d48c6ebaa401502ea76d20b.jsonld","https://obis.org/dataset/5d6813fd-a0e2-4d9f-93c0-2bb399fbad84","identifiersha","2025-04-07 08:24:12+00:00"
"e9525ae52602a758f0d0f73454dc0ab1d93e25dd.jsonld","https://obis.org/dataset/d78fe17e-a714-45b3-9d8a-ac750fe22370","identifiersha","2025-04-07 08:28:34+00:00"
"e95d368effe96dffb5e390bd4b2f36757891c4c4.jsonld","https://obis.org/dataset/4d6cd31a-4559-4fd3-beff-4d47f5e2ee86","identifiersha","2025-04-07 08:24:33+00:00"
"e980478ed5e16ccf78562572db967c74d473bcb5.jsonld","https://obis.org/dataset/c3ff6558-b4ec-4410-8395-985c20f67fd2","identifiersha","2025-04-07 08:27:42+00:00"
"e98492ab6e68056e5e596b0b3b255c7cd8e5fa68.jsonld","https://obis.org/dataset/78ac5402-ed2e-4d85-8362-42a546619b48","identifiersha","2025-04-07 08:24:49+00:00"
"e98b8873283535d5a301868fda57b5d926788065.jsonld","https://obis.org/dataset/d3f51225-e412-4752-beb9-6ab415bf0c81","identifiersha","2025-04-07 08:25:05+00:00"
"e98d838939f79c20ee0116e69efc55a085f52172.jsonld","https://obis.org/dataset/7d92856b-a7fe-4e99-89c9-cc1d56354134","identifiersha","2025-04-07 08:23:33+00:00"
"e99c90b645a1d961160d10089e0f11e807d95d1d.jsonld","https://obis.org/dataset/36b58f28-0a03-4447-b688-e4eed56afa3d","identifiersha","2025-04-07 08:26:54+00:00"
"e9d301ab5d30db92abc1d73dbe259759c774293f.jsonld","https://obis.org/dataset/23f104bf-b4c9-4144-955d-121c583f20d2","identifiersha","2025-04-07 08:22:29+00:00"
"e9d417c978d561e87e75d58ee42b7caaeada8818.jsonld","https://obis.org/dataset/38c8ff67-7e42-46a7-9fbe-2d4ec402f1d6","identifiersha","2025-04-07 08:23:11+00:00"
"e9e458a76b2b99c4032fd39e5aa779a4c79fe72c.jsonld","https://obis.org/dataset/33f39020-dfb7-4d45-bee3-9e3910792d9d","identifiersha","2025-04-07 08:22:44+00:00"
"e9ea5957d7e011b9c5aa29302514650c0116a5b7.jsonld","https://obis.org/dataset/996c79d5-04aa-4075-ae6c-e5ff60eeae37","identifiersha","2025-04-07 08:24:15+00:00"
"e9fdf9b34fac59822177561e3cfda781e9a6553b.jsonld","https://obis.org/dataset/4ef885ce-fdff-4eda-87f9-8c70a4c6cc40","identifiersha","2025-04-07 08:26:10+00:00"
"e9ff8e7229c365be4a64b127135edb6cfb187ce6.jsonld","https://obis.org/dataset/5cdefe7f-f7ba-4140-b508-66ae2f5cc4a0","identifiersha","2025-04-07 08:25:34+00:00"
"ea0a315863fbd828096d8c23ffd8044df30de4ab.jsonld","https://obis.org/dataset/f8904fd6-b3b4-4981-8bdc-72f6c3098ca6","identifiersha","2025-04-07 08:23:54+00:00"
"ea302646c1c79ec3b3295b2802b6b3fe4e9b73a5.jsonld","https://obis.org/dataset/8b7d13f0-7be3-434a-8e73-b8ee0aadb288","identifiersha","2025-04-07 08:24:07+00:00"
"ea3688616787c85e928255f48af7e94caaa9c809.jsonld","https://obis.org/dataset/2d08b89d-bcb0-4855-ad58-1773ea6e7ebc","identifiersha","2025-04-07 08:23:01+00:00"
"ea36ba9470a592f6b30e6e0a461cf9714d32fbae.jsonld","https://obis.org/dataset/c37c6228-542c-45a2-8bef-009ee03672a8","identifiersha","2025-04-07 08:24:44+00:00"
"ea3a17f0fb47aceba483c344f9810383c6a647e9.jsonld","https://obis.org/dataset/5702d4da-3041-4601-94f7-7a2e3c6e722c","identifiersha","2025-04-07 08:22:36+00:00"
"ea5be9e6490d4d9d603d560e060e7a1b76423475.jsonld","https://obis.org/dataset/8c685cd2-897b-4db4-853f-d4d7ae041c51","identifiersha","2025-04-07 08:28:10+00:00"
"ea70d0543f880ae89e0f4119bf3ad7bf6beecce4.jsonld","https://obis.org/dataset/65091597-7d3c-432a-a73c-9629c85bb0ab","identifiersha","2025-04-07 08:25:55+00:00"
"ea79b20baaba8f2697835ea2bb4ac2fd8050a93b.jsonld","https://obis.org/dataset/81e02f70-402c-4547-b4a7-36804662fa23","identifiersha","2025-04-07 08:27:52+00:00"
"ea91f09160f40ea53ff0ee4b26fcec09a2bc9e41.jsonld","https://obis.org/dataset/2c337395-363b-4e88-81b6-c3bab5ee83fe","identifiersha","2025-04-07 08:28:12+00:00"
"eab9aa334aff1cd1449d232a74da3c754f1b91f3.jsonld","https://obis.org/dataset/747eedb6-dca9-4c9a-849d-618bffeaa18f","identifiersha","2025-04-07 08:23:46+00:00"
"eac223f3c2e306546f8888e6b0b541ad526da692.jsonld","https://obis.org/dataset/0faea49c-2263-492e-a5e4-26e1931c50a9","identifiersha","2025-04-07 08:27:46+00:00"
"ead68f1406840cb5150dd7843f87fc44b48a2db5.jsonld","https://obis.org/dataset/7f3a491b-9a9a-4329-9fcc-a1bc804cb803","identifiersha","2025-04-07 08:27:20+00:00"
"eada0160f6eb238ed58ae1ef4af4f43b97d77c2d.jsonld","https://obis.org/dataset/1b14f4a2-95ea-47d0-94fd-a1d3b1c6a4bf","identifiersha","2025-04-07 08:25:19+00:00"
"eadb2dc1a56084b487b4405a6696203c9bfc03d4.jsonld","https://obis.org/dataset/2ae2a2bd-8412-405b-8a9f-b71adc41d4c5","identifiersha","2025-04-07 08:22:33+00:00"
"eae3e639b231165db55a5d7c426d3f41d9b2807e.jsonld","https://obis.org/dataset/e69a5cc7-2c7d-4ef7-8662-a68a326bddad","identifiersha","2025-04-07 08:22:51+00:00"
"eb0c55526de2e871b9cb523eb947dd70d345959b.jsonld","https://obis.org/dataset/9b502f87-b1a8-429a-8222-d813ea7733b8","identifiersha","2025-04-07 08:23:19+00:00"
"eb16c36d5de13fd38b101d2338b83f2817047807.jsonld","https://obis.org/dataset/ba719115-3d9d-4038-9e77-9d2a24b6c4da","identifiersha","2025-04-07 08:27:42+00:00"
"eb30c2ab76aeec85fa793fd18069735e370ffa64.jsonld","https://obis.org/dataset/793a1379-9d03-4349-9b0a-4d9de0b10dbb","identifiersha","2025-04-07 08:25:49+00:00"
"eb3dfffb76ddd85a363cb3cd7255d7c6a2446efe.jsonld","https://obis.org/dataset/ffa68723-b596-41d9-a2c8-59f71063a4a5","identifiersha","2025-04-07 08:27:48+00:00"
"eb5c1fcf8a6796e59840ae408cd4bf91610e4682.jsonld","https://obis.org/dataset/80aaa9c9-9a7e-4e08-9f92-2b01fedf643b","identifiersha","2025-04-07 08:26:20+00:00"
"eb61122aa3338f3bbd1e0f1b526280ac3d8c2311.jsonld","https://obis.org/dataset/03d772f9-454f-42f6-91df-4d1faf2ead16","identifiersha","2025-04-07 08:23:11+00:00"
"eb650284218e69a1289cfed60dc7d8d7986471d3.jsonld","https://obis.org/dataset/9310a22d-a9bd-4183-b2a1-299e2e727c36","identifiersha","2025-04-07 08:28:13+00:00"
"eb7ce86e5e493f1622093be32f51be57cf0a9d6f.jsonld","https://obis.org/dataset/a71b7b9f-5e64-42cb-9acd-af86c507bc20","identifiersha","2025-04-07 08:24:57+00:00"
"eb8077d3d6a388c40e9ccbc946fc9c14e0dcfe0a.jsonld","https://obis.org/dataset/105b3c12-a0c1-497e-bc61-4d8a09c30a69","identifiersha","2025-04-07 08:23:10+00:00"
"eb8e2b3616ca16a71f12358874cf34066c3a6669.jsonld","https://obis.org/dataset/5da1ec95-8d7c-4af5-b059-3d7f7eb7d9b1","identifiersha","2025-04-07 08:25:36+00:00"
"ebaef3b017f0aa3d8e6786f9ed028d3ca0e3b16b.jsonld","https://obis.org/dataset/0e81882d-712e-4788-af40-a60cdcc8a36c","identifiersha","2025-04-07 08:24:45+00:00"
"ebafb86a4b8e170bc4771b3dfa7b6f84995b720d.jsonld","https://obis.org/dataset/dbf24318-379f-4f37-8ce7-2b292ed35125","identifiersha","2025-04-07 08:24:22+00:00"
"ebbb4b4046c7e0190a313e30a61a19f5915b4610.jsonld","https://obis.org/dataset/31b17f30-52ff-4fb7-9a43-dba1eee8385c","identifiersha","2025-04-07 08:22:35+00:00"
"ebc10a657722282d74ff972e4ca9de64ed09ef45.jsonld","https://obis.org/dataset/bd1a0f89-afb6-45d9-9a33-eb7504f7d76e","identifiersha","2025-04-07 08:26:09+00:00"
"ebc82092b0d643afdd99cd9ac5270611d01f13f8.jsonld","https://obis.org/dataset/8ca04221-af65-4904-a23e-41e5dd92d429","identifiersha","2025-04-07 08:27:27+00:00"
"ebca66fa659bcd2d455d96bf489c2fc9da999373.jsonld","https://obis.org/dataset/35ea76e5-be21-405c-a9f0-eeddd0c68e70","identifiersha","2025-03-24 00:37:22+00:00"
"ebe388862a6831596514b421d02cdbfd2dbec174.jsonld","https://obis.org/dataset/d0dc72dc-0a2c-42f3-8ef8-e9c21e0d9b76","identifiersha","2025-04-07 08:24:16+00:00"
"ec06110f16da2ca364464b6024701eea4c6876d4.jsonld","https://obis.org/dataset/a6def4bc-5acb-4715-9b91-7d8bf2b1947b","identifiersha","2025-04-07 08:23:43+00:00"
"ec10411f2aee61ce86de154933fc112f4c18b045.jsonld","https://obis.org/dataset/0cae33c0-a38d-4a64-ba78-52f6d2d42ea0","identifiersha","2025-04-07 08:25:50+00:00"
"ec256451ebe51195ac5ab57eeeca4a658844a76d.jsonld","https://obis.org/dataset/6a884ad0-9874-40bc-a6b6-f1e3eaf22e63","identifiersha","2025-04-07 08:22:52+00:00"
"ec3292c85ffabf408222314cc29fa383b5fda859.jsonld","https://obis.org/dataset/7d73a408-cb0b-48d3-8b08-ae1f25b0b729","identifiersha","2025-04-07 08:24:31+00:00"
"ec3cb23efad56c45a0436f1e3dc033c72007511c.jsonld","https://obis.org/dataset/9a81d405-545b-4a1b-bdaa-aff5350a0c39","identifiersha","2025-04-07 08:23:11+00:00"
"ec545183f68789b8fd2b1d6cf6a5ee778cb0b1a0.jsonld","https://obis.org/dataset/21a91240-5ca0-48ac-9486-283dec768d9f","identifiersha","2025-04-07 08:24:20+00:00"
"ec576ec13072b692c66f37bc5b9fb60e04f6b569.jsonld","https://obis.org/dataset/fdefce25-0b7d-4c05-83de-c8f53a283586","identifiersha","2025-04-07 08:25:49+00:00"
"ec5c77262f8baeb556a54dfa10170e84e4d0df37.jsonld","https://obis.org/dataset/6808176f-ffe5-4f24-a7ec-b3fb4b630a28","identifiersha","2025-04-07 08:22:44+00:00"
"ec77a69563ea69f98d34fba9be6252fe0849a58e.jsonld","https://obis.org/dataset/ed7cb012-2169-41e9-98b6-3da7c23d018f","identifiersha","2025-04-07 08:23:02+00:00"
"ec8d3aebf4c33cff587cab48a0f2cac6d7f0ad64.jsonld","https://obis.org/dataset/43d19bf8-4d49-413b-bedb-4fa4547714fa","identifiersha","2025-04-07 08:22:45+00:00"
"ec90ac63219e3332dc06602bcaee20dddb5f4787.jsonld","https://obis.org/dataset/a4dad102-eb66-4217-a6b7-10d79ee17413","identifiersha","2025-04-07 08:23:23+00:00"
"ec935f9c766db0c941ae11487963157debd926e9.jsonld","https://obis.org/dataset/40d3d980-b417-4f0f-a90a-6b98a0093bc4","identifiersha","2025-04-07 08:22:27+00:00"
"eca6f4ea4bb2b18555b6730ef5222c2ce4fe1842.jsonld","https://obis.org/dataset/50903a57-ee9f-4367-b2cd-0b36dcf4a6ad","identifiersha","2025-04-07 08:22:45+00:00"
"ecb0edc5ad6c4839369e6ddd324511aeef61e1b6.jsonld","https://obis.org/dataset/62fddab8-521b-42b4-b9fe-c0f0f3e2bd58","identifiersha","2025-04-07 08:25:49+00:00"
"ecdf0344b1c370147b250ab0b3bbaff4073daf35.jsonld","https://obis.org/dataset/e8c110c1-0116-4fb3-abcb-58fab68e79c1","identifiersha","2025-04-07 08:25:35+00:00"
"ece5a9d1cee10eac1e50e6fe6b5d8b27c7b8a81a.jsonld","https://obis.org/dataset/23b62349-04a4-442e-bf20-8d91dbc03488","identifiersha","2025-04-07 08:23:46+00:00"
"ecf7e306803ecab353440dfef48fc753dacd4de8.jsonld","https://obis.org/dataset/215c984f-b790-49bb-ac65-6eaadcfee536","identifiersha","2025-04-07 08:27:38+00:00"
"ed1bef5a76aa2bba78b11a5dc38ef7e069926b88.jsonld","https://obis.org/dataset/0d3b648d-808f-439c-8afe-68b5e42d3b71","identifiersha","2025-04-07 08:28:11+00:00"
"ed239b62d22d3b1d91c8925dbe1145fd159cb226.jsonld","https://obis.org/dataset/8d4a8bf1-0d31-402b-8b59-1170c100813c","identifiersha","2025-04-07 08:23:27+00:00"
"ed24d1b0e1a1d0f8efb1842a87ab241806c4dea1.jsonld","https://obis.org/dataset/97893f92-f124-40d3-876b-1dfd28fa69e1","identifiersha","2025-04-07 08:25:41+00:00"
"ed3b009f3aa55f9795e66b0b7d38c8a95397c7c5.jsonld","https://obis.org/dataset/eee81b0b-6b72-4963-9f43-ff1631bbfea3","identifiersha","2025-04-07 08:23:16+00:00"
"ed5e94369a206bf8dc0182edc2f8deec0c32eb37.jsonld","https://obis.org/dataset/51e93be3-9850-4fbb-9a07-88813527e942","identifiersha","2025-04-07 08:24:07+00:00"
"ed6c2028497299fa30fa15b54550b532b28a999f.jsonld","https://obis.org/dataset/2f225f89-ec58-4118-9389-589f1263436e","identifiersha","2025-04-07 08:28:14+00:00"
"ed77991a606df2ef894f4fcd6eb66257bfff097a.jsonld","https://obis.org/dataset/a0737a06-66ef-41e7-9458-9c05f53340b5","identifiersha","2025-04-07 08:22:30+00:00"
"ed7decfb88729e0b103e1a7ea3ea7791cf61eddc.jsonld","https://obis.org/dataset/c52d1311-dd2e-4761-a6f6-1ba9a28e0c66","identifiersha","2025-04-07 08:26:58+00:00"
"eda9fdb589461eec8004a7cfcf1027f19883cd19.jsonld","https://obis.org/dataset/964774b3-fc9f-4b05-987c-30e0d86797de","identifiersha","2025-04-07 08:28:32+00:00"
"edb21a934676e4ef524b06489e18ea20069f3bcb.jsonld","https://obis.org/dataset/76fed020-c5fb-467d-a70e-8e2ef1eb3069","identifiersha","2025-04-07 08:27:16+00:00"
"edb83976b2b020490123bf4ae6d3cd279863cb05.jsonld","https://obis.org/dataset/aefdfcac-74b8-42ac-88c6-ae67133ee4f3","identifiersha","2025-04-07 08:23:53+00:00"
"edc3910cd075cb48ac1984b0e8cf724c29118bb7.jsonld","https://obis.org/dataset/978f5fc4-c5c5-47c3-9d26-b82d8ad38308","identifiersha","2025-04-07 08:24:49+00:00"
"edc608c7bdf678b1bfd8e11b9f63d1886ce81f1e.jsonld","https://obis.org/dataset/6c80820b-61d2-4c69-9f3b-9564c014e1f9","identifiersha","2025-04-07 08:26:13+00:00"
"edc90ab3097c49766127e7de34169a8d93f88548.jsonld","https://obis.org/dataset/92bacebb-9cfb-419a-b435-ce1ecb061859","identifiersha","2025-04-07 08:24:23+00:00"
"edf19728453486b4880e64e6e95336120fc13c1d.jsonld","https://obis.org/dataset/f6095707-4117-4580-ad3e-e7e6bd20df5a","identifiersha","2025-04-07 08:24:40+00:00"
"edf4aa4d7949480bf2be79ed8d73f442fcc297c0.jsonld","https://obis.org/dataset/f44a71c1-7392-4b32-a45c-18f0c97d8e50","identifiersha","2025-04-07 08:25:45+00:00"
"edf5afb4da0a7fdf038cb26c559d656767427ba2.jsonld","https://obis.org/dataset/19201a58-d4e4-42be-8384-676b6522443d","identifiersha","2025-04-07 08:27:01+00:00"
"edf5bf60789e2dd89d305e6040d7247df7cef63a.jsonld","https://obis.org/dataset/d32266b4-d98d-4eed-8207-57dff1f14cc4","identifiersha","2025-04-07 08:23:42+00:00"
"edf933cec94f98f10d61d93f19ad2d01bd65315f.jsonld","https://obis.org/dataset/6e99cb6c-0efe-4087-b808-19c7cc17ae3d","identifiersha","2025-04-07 08:24:14+00:00"
"ee05b40f25badf13320457f0b6f77d99eadf8f9c.jsonld","https://obis.org/dataset/34776b3e-9a42-450e-8a25-42a050bcbb3e","identifiersha","2025-04-07 08:25:48+00:00"
"ee0afe621b804bc00f90bbff7e1d943134f6d7c1.jsonld","https://obis.org/dataset/d6229742-b1bc-4db8-bbf1-ab7db7db1271","identifiersha","2025-04-07 08:22:58+00:00"
"ee0f72fe49cfae85a3085173ad46e7232e97426f.jsonld","https://obis.org/dataset/411904ba-1c40-47e7-aa86-04f644016825","identifiersha","2025-04-07 08:24:19+00:00"
"ee17344d475467f7ec3d3cb5e56b17711d89f0a9.jsonld","https://obis.org/dataset/a9e4f771-6674-42c7-a5bc-05a26b8aee32","identifiersha","2025-04-07 08:27:12+00:00"
"ee25ccb366645f52f5d571e09182ed3903ba60af.jsonld","https://obis.org/dataset/bfa928e8-142f-4825-9641-589a4ab807fe","identifiersha","2025-04-07 08:26:14+00:00"
"ee37f8cbd3240a0ff23d42d5deebcecce978d287.jsonld","https://obis.org/dataset/ea2e6813-2342-4791-8931-527a6d79de28","identifiersha","2025-04-07 08:23:17+00:00"
"ee3affe254992ea58dabb791b5e47c6a11a2c929.jsonld","https://obis.org/dataset/5e009291-b1ce-454f-bbcf-d98142eaeda9","identifiersha","2025-04-07 08:26:58+00:00"
"ee3e2b2b22cf3f8e31eabf93365343b496165573.jsonld","https://obis.org/dataset/45fd60a8-cd81-4d04-b8e0-39c8fa75e4f8","identifiersha","2025-04-07 08:23:41+00:00"
"ee4b0cb7b500643782851651196092756b6f7d00.jsonld","https://obis.org/dataset/b77e4cce-7f97-446a-bb09-67db4f495f7b","identifiersha","2025-04-07 08:26:55+00:00"
"ee561d3f54cd1c85a04f812682a517e6f9a49ae6.jsonld","https://obis.org/dataset/47c5a2bd-a37b-4b39-80aa-0bf79d198479","identifiersha","2025-04-07 08:28:35+00:00"
"ee5bd9a170c7065761c8ba9d99da99971d61c55d.jsonld","https://obis.org/dataset/cdcddae2-a8e0-4c86-9e8d-f85134876937","identifiersha","2025-04-07 08:22:44+00:00"
"ee67490a466f7429a57c7e89e8db55becb1d7f87.jsonld","https://obis.org/dataset/f8c046f0-e8ae-49f5-b94c-f78809a8b7dc","identifiersha","2025-04-07 08:23:08+00:00"
"ee6b26a1ffabc9276b16f7f5c8cf880aa58b0348.jsonld","https://obis.org/dataset/7b10ab45-4e68-423f-ae04-0ebf66cd2030","identifiersha","2025-04-07 08:27:19+00:00"
"ee7dedbf190b3feb6d1aed839465b4cbf79eb294.jsonld","https://obis.org/dataset/ba2b1f6b-20ef-4968-a63f-264aeffb4d37","identifiersha","2025-04-07 08:24:09+00:00"
"ee8891f2d6c9cf65440c751a7ae46aa0ddcad6fb.jsonld","https://obis.org/dataset/e61983e3-b3ee-4535-8c40-32c20b7e7390","identifiersha","2025-04-07 08:28:34+00:00"
"eea1cad6866bc7820505a64394d3ffb8357cbb87.jsonld","https://obis.org/dataset/3a35a9ed-7a23-46f6-bbe5-71c6890c3466","identifiersha","2025-04-07 08:28:10+00:00"
"eeb5033245dd8c0f64e0474439313a20a20a38e0.jsonld","https://obis.org/dataset/adc95f98-963d-4678-9b10-57cebf81dc8d","identifiersha","2025-04-07 08:24:09+00:00"
"eebda353c40e51e746f0cb7588dd1ced6f8ec335.jsonld","https://obis.org/dataset/52f4fad0-38e6-48a5-a853-c8a635b4811a","identifiersha","2025-04-07 08:25:33+00:00"
"eec00e8ded950b5200651c5b908c11d2a8e3b242.jsonld","https://obis.org/dataset/a943762d-9caa-438c-b1ab-e633cd1a4033","identifiersha","2025-04-07 08:26:22+00:00"
"eecb7f808f43eabbc026021bc105b1250d4e9ef8.jsonld","https://obis.org/dataset/c01640e5-5308-4da1-ad28-ad28dda29114","identifiersha","2025-04-07 08:26:30+00:00"
"eecc6e8e4cec127370df7ce6f7fd62fef66d7928.jsonld","https://obis.org/dataset/33c1db5a-fd19-4dfd-822c-d82c0487009b","identifiersha","2025-04-07 08:25:06+00:00"
"eecd3d32cc7944b522f3fed8857ffa7d55f4a6c2.jsonld","https://obis.org/dataset/55978cae-35e9-4a02-9830-cbd954dfed01","identifiersha","2025-04-07 08:25:03+00:00"
"eecdf1607871fd3fc5ed2cb714997885e2731ff2.jsonld","https://obis.org/dataset/066f002f-58d5-4687-bdb8-b39cdaef0c2b","identifiersha","2025-03-24 00:29:51+00:00"
"eece3b1ec91d069e9cd714b5aa3197335fecad6e.jsonld","https://obis.org/dataset/6e8cdf0b-77ce-4593-a667-b02c8f01985f","identifiersha","2025-03-24 00:34:11+00:00"
"eed20dcb90047884d22e150d846d8c6fcda9c0e7.jsonld","https://obis.org/dataset/cce047ce-e38f-4007-b5f1-1eb4ec203879","identifiersha","2025-04-07 08:27:59+00:00"
"eee1b8ac2bce2116070b9a5ab56a5f38bb7abdf1.jsonld","https://obis.org/dataset/fb24e556-9973-4903-9d6e-b429d5c12694","identifiersha","2025-04-07 08:24:42+00:00"
"eeedd9fdaac019912505b93ff890f6947996fa4e.jsonld","https://obis.org/dataset/b0b9bb8e-fa46-4781-a355-df9f2ed8be30","identifiersha","2025-04-07 08:26:14+00:00"
"ef1f9080fd20852c4de6ddfbf2ecb0b68e7a96fa.jsonld","https://obis.org/dataset/0b7ba344-5ff5-4a72-8e20-43eb86b097da","identifiersha","2025-04-07 08:22:27+00:00"
"ef26f6a61526b30df9678ae97b77150c1540630e.jsonld","https://obis.org/dataset/423c7250-6e26-4fb9-831a-8418c8aa9eac","identifiersha","2025-04-07 08:27:48+00:00"
"ef27dee6f11c4ac2ffacd02aebf99739f68f3b3c.jsonld","https://obis.org/dataset/35d186b8-e4c8-4382-bcaa-8d5df8f14f45","identifiersha","2025-04-07 08:28:27+00:00"
"ef312058a8e7b88bb2b92c62d98847e2959a2872.jsonld","https://obis.org/dataset/1d9a302f-7f63-428e-a27d-e2fdb6c7fd16","identifiersha","2025-04-07 08:28:33+00:00"
"ef3233853eb0e7962008ddbe74d6bec75af72f74.jsonld","https://obis.org/dataset/e466439e-6a74-4b50-adc9-4e174e7311b2","identifiersha","2025-04-07 08:25:40+00:00"
"ef373bcf5c95beff7748932902343782eef82189.jsonld","https://obis.org/dataset/afc9f684-6ac0-4fd7-9600-a11b23e868b3","identifiersha","2025-04-07 08:25:44+00:00"
"ef3c071f9ad60ed73bbf2783cf9d791a8e2a1303.jsonld","https://obis.org/dataset/7096cbf5-0449-4981-bfac-4b670735af61","identifiersha","2025-04-07 08:27:34+00:00"
"ef45706d4e7b4fb496622b15074aa3753c0d10b3.jsonld","https://obis.org/dataset/55fe88ac-f76a-40c5-b529-037b460a5771","identifiersha","2025-04-07 08:22:50+00:00"
"ef52ae866ae74f52bd3af848ec8a22a794fc4832.jsonld","https://obis.org/dataset/e49ec110-4fc2-49a7-b409-7537312e7d52","identifiersha","2025-04-07 08:23:00+00:00"
"ef65d33324338850f763a38d5a66669616c31fc0.jsonld","https://obis.org/dataset/029f143a-09ae-4b69-be12-b8339d22c78c","identifiersha","2025-04-07 08:26:40+00:00"
"ef6eda60b89278e3df2f01481347c2b22f545f1f.jsonld","https://obis.org/dataset/2dd370b3-69cb-47d5-9837-d3f84a65ea4a","identifiersha","2025-04-07 08:24:14+00:00"
"ef70f96e3a9e9e06886f83285897de87c7554493.jsonld","https://obis.org/dataset/ea0d2009-f567-44a9-9749-7bcbaf930d03","identifiersha","2025-04-07 08:22:55+00:00"
"ef789bd7f21f2e9d38a3dab72d039f4ea1ab2389.jsonld","https://obis.org/dataset/561441ab-128b-4be7-8fce-de1ef79855da","identifiersha","2025-04-07 08:22:32+00:00"
"ef7b126a58f350708ee04e37dab554865c6d08c5.jsonld","https://obis.org/dataset/aa60750c-4921-43e1-8146-7b16aad675ac","identifiersha","2025-04-07 08:22:40+00:00"
"ef7c6a2a6a7136eaaaccfff41f2355bde320a978.jsonld","https://obis.org/dataset/2c9890c1-45f9-4ac7-a61a-3ec987659045","identifiersha","2025-04-07 08:27:50+00:00"
"ef9523250d9d77272bec84e81814babf5c9ac77c.jsonld","https://obis.org/dataset/cc88dadf-56a4-4d09-9b02-77f967204701","identifiersha","2025-04-07 08:24:40+00:00"
"ef9ce781f971bd1954c88ab842ae674ac59858e2.jsonld","https://obis.org/dataset/b43e35f1-93b3-4b15-9925-76ac85224c72","identifiersha","2025-04-07 08:24:22+00:00"
"ef9ff506833e16dcf4928369c0a25149dd64301f.jsonld","https://obis.org/dataset/333a0cb5-5a6b-4f97-957c-9128270ee540","identifiersha","2025-04-07 08:23:40+00:00"
"efa37863232c7d467bcdbb1aa3de859d1cd4361f.jsonld","https://obis.org/dataset/208bbf73-5dac-4d20-a017-5fc7d18a5b48","identifiersha","2025-04-07 08:22:44+00:00"
"efa5f926163cb0a018348766a742bd4d27014171.jsonld","https://obis.org/dataset/f378a4a3-072a-4d98-8110-8b3b9819ae87","identifiersha","2025-04-07 08:24:44+00:00"
"efa8514121dc630451814bf89056005ca8583e62.jsonld","https://obis.org/dataset/73741f8a-713e-45c0-a6ba-1be9fa50770f","identifiersha","2025-04-07 08:24:36+00:00"
"efa9a647d87e54ffcdb0703a1c4cf8a41eea1b33.jsonld","https://obis.org/dataset/acbc0d27-61d6-4fe7-895d-324fefdd727a","identifiersha","2025-04-07 08:27:49+00:00"
"efaa0d7baa8e36a53120648c45e1dfaef5ce6b2d.jsonld","https://obis.org/dataset/5acccdb9-8230-4ec7-bea0-5bf3b0ce9d70","identifiersha","2025-04-07 08:26:48+00:00"
"efb33eb9c38b60037bda7628eca4d8f1be13ee95.jsonld","https://obis.org/dataset/5cb8ee1b-13f3-4bdb-b187-541777fc7df2","identifiersha","2025-04-07 08:24:13+00:00"
"efbb3b06acc14a6567319386e224a3ae630720b3.jsonld","https://obis.org/dataset/1ea50009-5087-43ac-88c7-f9acccee539d","identifiersha","2025-04-07 08:24:10+00:00"
"efc9cfb13384177306493b3effe52affdc3a0977.jsonld","https://obis.org/dataset/99cfb3b8-52fa-4523-8345-ecc020b6688e","identifiersha","2025-04-07 08:24:58+00:00"
"efd6a93d2a4d536afaded4c92302682c3a9362be.jsonld","https://obis.org/dataset/4df1f317-d933-4f27-a73b-7ee117751ed0","identifiersha","2025-04-07 08:25:32+00:00"
"efd8a6dd2333986252dc321ee0fd2043efcd0446.jsonld","https://obis.org/dataset/d28b4411-1710-4b08-9ec7-99b8c68ae4b2","identifiersha","2025-04-07 08:22:33+00:00"
"efde16c3cfd530803da26885940509fc1be4bf08.jsonld","https://obis.org/dataset/bf823e19-82eb-4da6-be39-2daf297d3a92","identifiersha","2025-04-07 08:24:00+00:00"
"efdeb29b30f4f09b7c3cdfab08571da1d9ca02e7.jsonld","https://obis.org/dataset/7ed58608-0db6-4a9b-a8f1-4527d2002214","identifiersha","2025-04-07 08:26:31+00:00"
"efec1a3bb3d67fed7b4f62417dea547bdff6bb4a.jsonld","https://obis.org/dataset/7406cdba-3aa9-4563-a003-64caeec04058","identifiersha","2025-04-07 08:26:23+00:00"
"efec365ab3e8fb0234957f7f7c923869f53545c5.jsonld","https://obis.org/dataset/2647b5a1-85b7-40e6-ba5d-af8bde46384b","identifiersha","2025-04-07 08:23:20+00:00"
"efee2ae0b8e162d3a48cd4ba9276a775cb476424.jsonld","https://obis.org/dataset/fd7ade64-1931-4542-a92f-2b9d56ee295f","identifiersha","2025-04-07 08:25:23+00:00"
"eff0ec7ecd3816981b9e5332acc450d7e6ea5d4e.jsonld","https://obis.org/dataset/02ce202a-dbbd-420a-a7e2-a133d9ab862d","identifiersha","2025-04-07 08:26:29+00:00"
"f001d8f5316d14da708534deb4aae3de9a1979d4.jsonld","https://obis.org/dataset/d80e376f-daaf-4cf0-b802-c302768beb4d","identifiersha","2025-04-07 08:24:17+00:00"
"f010eb66b69dd4112f6b82fd3a44cb8d688d4c10.jsonld","https://obis.org/dataset/a27cc4b4-755f-44f4-ae3d-c2dc31a1d80e","identifiersha","2025-04-07 08:26:50+00:00"
"f01a16ecb1cf1c677d288378dc8a3f66a80c4299.jsonld","https://obis.org/dataset/e23bf817-593d-40d8-a7a3-6823d741d50b","identifiersha","2025-04-07 08:24:35+00:00"
"f01cce13d51c23f93e8ebde9063172d45d5ef07f.jsonld","https://obis.org/dataset/6f7372ff-0199-4e51-9728-69cb536aaa14","identifiersha","2025-04-07 08:22:36+00:00"
"f0208c84bc5ab368aeac9828bc9f95c6293066ee.jsonld","https://obis.org/dataset/9a6a8387-d928-4cb8-b187-09d79e79b998","identifiersha","2025-04-07 08:22:31+00:00"
"f025f2d6135befd623c4d31ed1493e225377a26a.jsonld","https://obis.org/dataset/4505624c-fbbd-4abc-833e-14cbb9fadc28","identifiersha","2025-04-07 08:24:34+00:00"
"f02debf9d86a2e6ce7ab11146895ea5870e258ea.jsonld","https://obis.org/dataset/93c55b6a-0da2-45c4-a7b2-e59102d554b7","identifiersha","2025-04-07 08:23:16+00:00"
"f032204ffb85a88e9370313450dc3b67baa7ec64.jsonld","https://obis.org/dataset/d7b8383e-4476-4e9e-89c5-c1bd0352c1d9","identifiersha","2025-04-07 08:23:50+00:00"
"f03ba49101bd723ea21db59ea47da13d454d9d23.jsonld","https://obis.org/dataset/ea7c2ba6-5d7a-44bb-bf1c-0e606b1f1147","identifiersha","2025-04-07 08:22:38+00:00"
"f03fa99e80b2b26fd9bbd71d8b2d0e5c5ff02f3f.jsonld","https://obis.org/dataset/d8bfad4d-f013-460d-a0f5-e04d53bc5cde","identifiersha","2025-04-07 08:24:09+00:00"
"f04303645c1fb31d42210c3351200e1d14ba5de9.jsonld","https://obis.org/dataset/4f1bd082-01de-43af-9faa-510eb483bdc0","identifiersha","2025-04-07 08:27:13+00:00"
"f05eb3e6f4e601ee1809ea59b2b19b1ff5cf8413.jsonld","https://obis.org/dataset/a187888d-07b2-4188-997d-aa38b866e480","identifiersha","2025-04-07 08:26:52+00:00"
"f0609fa91bcf4a489302e51642c203c5a3c6aa16.jsonld","https://obis.org/dataset/160d5105-5357-4d2b-ba69-e8e3e0d5d626","identifiersha","2025-04-07 08:27:46+00:00"
"f079063b82fb3c4db1d050777171cc578ec726c2.jsonld","https://obis.org/dataset/7fad32f7-40f3-4134-84a8-beca24103910","identifiersha","2025-04-07 08:23:37+00:00"
"f0791df06e3168024d18b7a12f7fb2c88978ae9c.jsonld","https://obis.org/dataset/506723d9-6a80-4d9c-b7fa-5d11ccefea95","identifiersha","2025-04-07 08:26:35+00:00"
"f08f078400d9de6736c608ec3325b5f0774cb531.jsonld","https://obis.org/dataset/b339f72f-eb69-40c5-b60c-1a37aaffdfb7","identifiersha","2025-04-07 08:23:33+00:00"
"f098329cf185e5298c0b04587de46e1d80285975.jsonld","https://obis.org/dataset/22efe5f4-e7e0-468e-b7bb-296f393d89f8","identifiersha","2025-04-07 08:26:30+00:00"
"f0a4410a705fc7e0ff2c0956890cc1eb21c96745.jsonld","https://obis.org/dataset/5803e1ae-b493-4174-83ed-260363d08047","identifiersha","2025-04-07 08:23:49+00:00"
"f0a48009db305dc2ce8fc70d04290798af680af4.jsonld","https://obis.org/dataset/002abcc3-980d-42df-9d8e-1ec8487e14cc","identifiersha","2025-04-07 08:27:43+00:00"
"f0af684a6a68b96e88c2400458906cf520621325.jsonld","https://obis.org/dataset/6e8cdf0b-77ce-4593-a667-b02c8f01985f","identifiersha","2025-04-07 08:25:23+00:00"
"f0b75d2547566ea0e71dd6b77528604d77831563.jsonld","https://obis.org/dataset/230e0287-79c3-47f0-9aed-718b63c0a074","identifiersha","2025-04-07 08:23:07+00:00"
"f0bda1c74518dfdfeeee10a76dc2d3105aa704d0.jsonld","https://obis.org/dataset/31f00d1e-d833-446d-b3bd-924574dbb9e1","identifiersha","2025-04-07 08:23:24+00:00"
"f0cd284d151a95e8fdec21ac9c747632e6aed015.jsonld","https://obis.org/dataset/d52444db-3aee-4ac3-8181-b8952fe53821","identifiersha","2025-04-07 08:22:31+00:00"
"f0dc0ab8d12a7d976e8b2358e144f7767614903d.jsonld","https://obis.org/dataset/34370444-238d-4908-9ffb-73d98e2057b0","identifiersha","2025-04-07 08:25:50+00:00"
"f0ec1c977f8b1ef50a78b652ca23b5892f225a92.jsonld","https://obis.org/dataset/1796755f-18ea-44bf-98d6-8b76c991004b","identifiersha","2025-04-07 08:28:32+00:00"
"f10c84c17c47e6ce8b4d0a1a02484ee4e07c4952.jsonld","https://obis.org/dataset/b7041269-d327-49fc-9c2d-729e971158b9","identifiersha","2025-04-07 08:23:58+00:00"
"f11b7718adc4f867954557b0f89a509ce643c426.jsonld","https://obis.org/dataset/ce58a8e2-2314-4cc9-baa7-2b456ac6999e","identifiersha","2025-04-07 08:26:34+00:00"
"f11e0c1645f1408158e239071693de8c0908b481.jsonld","https://obis.org/dataset/759428c4-ee17-40aa-8e84-fff19bb4dfd2","identifiersha","2025-04-07 08:26:28+00:00"
"f122283d2d61cf34505d210d47dd83657629d44b.jsonld","https://obis.org/dataset/d0fb113f-bead-4429-9fc1-e863e77b0dd8","identifiersha","2025-04-07 08:24:18+00:00"
"f1353d13d15c7d8fc94fe7294c7f59434558515b.jsonld","https://obis.org/dataset/b19eed73-2149-4a94-8a93-28ba7d759086","identifiersha","2025-04-07 08:24:07+00:00"
"f13aebbcd1528776b6148f7b4129275cc667feae.jsonld","https://obis.org/dataset/d092651c-d9b4-4583-a6c0-78e98a1dfbec","identifiersha","2025-04-07 08:28:09+00:00"
"f13e880853d5a2b6f1bcb73d9d9efeb8725c019d.jsonld","https://obis.org/dataset/e835c407-7c5a-445c-9e5a-d130e5ea2fd1","identifiersha","2025-04-07 08:27:58+00:00"
"f142ff74c7eb2e23cc5188a0e8b12f2b377a262f.jsonld","https://obis.org/dataset/687b6812-dffe-45d0-b45e-a444d737a0eb","identifiersha","2025-04-07 08:23:31+00:00"
"f1512a673312dc1b9281ee9696778af6398d1f05.jsonld","https://obis.org/dataset/f3f5f40c-de45-4f03-b8d7-a4600ae33211","identifiersha","2025-04-07 08:22:46+00:00"
"f15961a14187f669e69f5ed79ca002fc8604a755.jsonld","https://obis.org/dataset/76c3acae-1579-4e86-8b08-5b03ea4c61ba","identifiersha","2025-04-07 08:28:25+00:00"
"f15cf9f15e04c793594575f91b6e633909a8a713.jsonld","https://obis.org/dataset/3a3c43f9-eff5-47f2-ab9a-967f09a5d70d","identifiersha","2025-04-07 08:23:32+00:00"
"f17546b8868524c9d51488d3d3ce0e05b08c9952.jsonld","https://obis.org/dataset/0ba361c3-f0d8-488f-a1bc-de56de072891","identifiersha","2025-04-07 08:24:40+00:00"
"f17db88cc847f525c06b88a4b99e3e5870e6279f.jsonld","https://obis.org/dataset/74ff7f0d-e015-466c-9e2e-81cd1ca21d7f","identifiersha","2025-04-07 08:28:23+00:00"
"f17e475cf2163e8e2d46d5f97d8d64b2ddb0ba83.jsonld","https://obis.org/dataset/00017595-e015-4ec6-bf8a-b013e0dca521","identifiersha","2025-04-07 08:26:59+00:00"
"f188e577d18e6b6bb18f202188cc71115feb2e02.jsonld","https://obis.org/dataset/36590eda-af3f-46db-839e-497e7f77ec9a","identifiersha","2025-04-07 08:25:03+00:00"
"f19408ce0891a36a7aad9aaad212da03df2a8522.jsonld","https://obis.org/dataset/26de959f-8916-43cf-9472-170c28358a8e","identifiersha","2025-04-07 08:23:47+00:00"
"f1980429dd90e0a9c12e9a74e8901af2e0dd9b54.jsonld","https://obis.org/dataset/2c89c637-344f-48a8-90f3-eba46923fa6e","identifiersha","2025-04-07 08:23:39+00:00"
"f1bb9fed25898725b5cd73b44ad8c8ebbd92db6e.jsonld","https://obis.org/dataset/8120ed63-5fea-49a7-91f7-a9f98f6be8e0","identifiersha","2025-04-07 08:27:55+00:00"
"f1dd52b3a1b7f08382451beb29952bc824dc0108.jsonld","https://obis.org/dataset/9df9e620-d008-4cd2-82d6-aecc6af23644","identifiersha","2025-04-07 08:26:23+00:00"
"f1ee05943761ea12f810aeb1b98c14e30c3ff70d.jsonld","https://obis.org/dataset/f86e9fca-0bf1-4deb-ab0a-eac061eefe5b","identifiersha","2025-04-07 08:28:08+00:00"
"f1f2877a084ee310a8358883e7c13310ca385314.jsonld","https://obis.org/dataset/b8ab1886-5125-4c10-8218-8fb087f255fd","identifiersha","2025-04-07 08:24:14+00:00"
"f1ff7405bd0404aab0056c35f08744b319b34986.jsonld","https://obis.org/dataset/dcfd7b00-e5d5-489b-9843-e8364f6a2a52","identifiersha","2025-04-07 08:24:55+00:00"
"f2236e268c25431113f8e76b0c6e0e5102c881f4.jsonld","https://obis.org/dataset/1d3d2e69-3256-44c4-af75-ca6491f795c6","identifiersha","2025-04-07 08:23:21+00:00"
"f245fa3091c49e2a747a5483ef1184b2460a06e9.jsonld","https://obis.org/dataset/ea759464-5a9d-4b8c-83ce-858e57240d6e","identifiersha","2025-04-07 08:22:52+00:00"
"f2550d1fd808909ae4f815f021e0fd5af36c61d5.jsonld","https://obis.org/dataset/2891a788-9f30-4413-8f73-9e7686890e9d","identifiersha","2025-04-07 08:22:26+00:00"
"f261b2c1a5dd4b5fd0b8f34e7fc2934432f94633.jsonld","https://obis.org/dataset/a79db66d-fa41-4a75-8e43-c131050b6df4","identifiersha","2025-04-07 08:24:16+00:00"
"f262f8449b46c16460d3f1e7ec30d380cf85b938.jsonld","https://obis.org/dataset/f4419d9d-e052-412b-b3ca-ff77487ee349","identifiersha","2025-04-07 08:26:10+00:00"
"f268de3cb28d3e93930e50157bbfe8d13b24c357.jsonld","https://obis.org/dataset/610d407f-2378-4a70-a203-27f6901d43cb","identifiersha","2025-04-07 08:28:26+00:00"
"f26d14118e96d09757b9e9aa392ee0544bdf7c05.jsonld","https://obis.org/dataset/6963aa86-a154-459c-aeb0-0496668512f6","identifiersha","2025-04-07 08:23:07+00:00"
"f274389e91bcc95931099f3d2afba20963b12463.jsonld","https://obis.org/dataset/e09fdc8e-65de-4ae3-bc8d-c1d9fa5c061c","identifiersha","2025-04-07 08:27:46+00:00"
"f275f165c41d20601006e233ef5ef404af42c7f9.jsonld","https://obis.org/dataset/c6750ab6-0fd2-42c1-a3b6-b60db9f23e51","identifiersha","2025-04-07 08:26:18+00:00"
"f287c00df9af1657d3cee17c1e52f18b98d6050a.jsonld","https://obis.org/dataset/48fd14f5-7252-4e9c-b7a4-7b11a3f41525","identifiersha","2025-04-07 08:26:08+00:00"
"f2ab0d254f4d5dfcafe4e884174f58af205df3c2.jsonld","https://obis.org/dataset/d166642a-5670-46e5-a4de-88554adc5073","identifiersha","2025-04-07 08:23:16+00:00"
"f2ac0441164c583edc218c7efe5feae41a333695.jsonld","https://obis.org/dataset/301859ec-dfeb-4bde-9441-1a8b15981a13","identifiersha","2025-04-07 08:27:41+00:00"
"f2b223b7f88d55b95e72a6c538c79eea5bf90419.jsonld","https://obis.org/dataset/3e5c1939-d9a7-4f0d-bcb9-eda015f02da4","identifiersha","2025-04-07 08:22:41+00:00"
"f2b63ca1c4cf28f9555d9e82c325c0d72d05ffe6.jsonld","https://obis.org/dataset/548af05e-8204-49fb-9bcc-e89bc4f5747b","identifiersha","2025-04-07 08:23:29+00:00"
"f2c002202ea0f46cfa5eebc784e3b26a33555d82.jsonld","https://obis.org/dataset/b0e399d3-fbae-4f0f-9eeb-896fac9e5a03","identifiersha","2025-04-07 08:25:51+00:00"
"f2d6d115361001c327aa0e6b832329db6f58aaa1.jsonld","https://obis.org/dataset/7a77a216-69a2-45c2-82bf-81cd0e5f080d","identifiersha","2025-04-07 08:28:29+00:00"
"f2d942c3076c6280678f761ddd0117805f41c61b.jsonld","https://obis.org/dataset/93b03ec6-f235-496d-99c5-214d45a09dd1","identifiersha","2025-04-07 08:26:43+00:00"
"f2dc9cbc8f6c5d0e8a6dd46aa4cd071681a6ebd8.jsonld","https://obis.org/dataset/0820b10a-5710-4e90-b9ed-a2ad7c7ec742","identifiersha","2025-04-07 08:22:25+00:00"
"f2de6cc5824fea93622b7d2d17e9a9fd2f785dcc.jsonld","https://obis.org/dataset/3ce2516b-df69-4fb0-981f-ce2ba0ffeb14","identifiersha","2025-04-07 08:26:38+00:00"
"f2df3f6470098cd1ab37e8bb4d13ac18963f2d70.jsonld","https://obis.org/dataset/930000f4-81ef-421b-8884-042abdf8fbc8","identifiersha","2025-04-07 08:23:31+00:00"
"f2e461854c3c36b9030c2742558cacbc3408581b.jsonld","https://obis.org/dataset/ff91dc4c-b725-45d9-9bfa-f046b36a9f0b","identifiersha","2025-04-07 08:27:26+00:00"
"f2e5979549c83edc079cac3f2938e9bc50702526.jsonld","https://obis.org/dataset/43c2856c-0c4a-4d0a-a035-79c3d0d03660","identifiersha","2025-04-07 08:26:29+00:00"
"f2f199959ffe1f9f4a2fee33e56ca7e84a4f14ab.jsonld","https://obis.org/dataset/6c98e202-732e-41a6-838b-b542da1f5217","identifiersha","2025-04-07 08:26:42+00:00"
"f2f7e839f56fc5ceafd6ebd8c549d07ca9dea78e.jsonld","https://obis.org/dataset/3a47a8ad-d43c-4fb7-9f0a-20ebf4ecbe52","identifiersha","2025-04-07 08:27:37+00:00"
"f2f997c0e00ec7e0a65ff7dd2755789ad3f91f56.jsonld","https://obis.org/dataset/a23d9c9c-c978-4fa5-9e26-47f2d0be34d1","identifiersha","2025-03-24 00:44:46+00:00"
"f30123d61f7c412d45acbf0afeb121d5c74447af.jsonld","https://obis.org/dataset/f42a54d2-4283-47c9-a65b-49b34a34e3c2","identifiersha","2025-04-07 08:26:32+00:00"
"f303339b28b77d289635022508e69df00a01cbc3.jsonld","https://obis.org/dataset/7ae0f65d-8cec-4e87-a0e1-e2984e44573d","identifiersha","2025-04-07 08:27:17+00:00"
"f31c3955e379cd41821eb015f5ee252c04516176.jsonld","https://obis.org/dataset/7aa1255a-afce-4caf-928f-24e4320f7c0d","identifiersha","2025-04-07 08:26:52+00:00"
"f3764fe8f6d8badafba164b75e5e8c4de51a69d8.jsonld","https://obis.org/dataset/e1a0a99c-71bf-4e59-908b-ceb442d9efbf","identifiersha","2025-04-07 08:23:25+00:00"
"f3784711ab540fe2d37842a01f8da160d16fb120.jsonld","https://obis.org/dataset/b74f72f3-cc3d-42b2-aa01-930d5ad4f9c2","identifiersha","2025-03-24 00:28:58+00:00"
"f37d49210a1d8f62190e50ce6f504d2ba4ce4a8a.jsonld","https://obis.org/dataset/c87cb4d8-0757-442f-9166-fbc0489b9149","identifiersha","2025-04-07 08:22:30+00:00"
"f38c78c504d864ab35f598776dfcb58222f7c804.jsonld","https://obis.org/dataset/c0b6c8f2-19f6-4a65-9acc-b84337f17058","identifiersha","2025-03-24 00:27:52+00:00"
"f390e8b6a0789d25295c6ae631abbee2069f7b97.jsonld","https://obis.org/dataset/5e3015f8-a398-46b5-adb1-518a8247aeb9","identifiersha","2025-04-07 08:22:52+00:00"
"f3a1a6ed002fddf721fd96eeb8e5be37a3a889af.jsonld","https://obis.org/dataset/e5d5eb76-532a-48c4-9d02-705f68486ebb","identifiersha","2025-04-07 08:23:50+00:00"
"f3cd85998eba809d6b4dd3b27c520e6753cf7a13.jsonld","https://obis.org/dataset/fa8ee269-74a6-4e52-b576-fcf023e90f9e","identifiersha","2025-04-07 08:24:34+00:00"
"f3d6281c82a8cc9673089aebf948704cc2ba68c3.jsonld","https://obis.org/dataset/0534de9f-141c-4d29-ac83-5a0615729c36","identifiersha","2025-04-07 08:25:37+00:00"
"f3e37b86d7c1bc9be8c7754fa2943fdcc89df458.jsonld","https://obis.org/dataset/10be7b68-5ffc-408b-afe3-703128c99f98","identifiersha","2025-04-07 08:27:27+00:00"
"f3e5fa3a6be315bcddbc0f40ec9bd8bd01d5af2c.jsonld","https://obis.org/dataset/462ec0a0-df35-4016-9c39-e2ce3c2bfeec","identifiersha","2025-04-07 08:25:04+00:00"
"f3ef3d7694e55a8b2eed2904c0fbba4da68cd630.jsonld","https://obis.org/dataset/09018d83-f0a5-4bf0-8ce0-8417c88c8497","identifiersha","2025-04-07 08:27:10+00:00"
"f3f5dd7db716726abeee9d366ce6f886c35940f8.jsonld","https://obis.org/dataset/c238cd9b-50c0-4185-9ed2-0bccb25e6386","identifiersha","2025-04-07 08:22:26+00:00"
"f40cfc6196b06b08362a13837e32df7cfd9ea5bb.jsonld","https://obis.org/dataset/0705a91d-1e70-4107-aa98-141ffc6cbf90","identifiersha","2025-04-07 08:28:22+00:00"
"f4110d353a752197d82d0eda0cd1e5ca2b3b3421.jsonld","https://obis.org/dataset/1354df98-e4a9-4597-910c-85ac27052ae7","identifiersha","2025-04-07 08:25:32+00:00"
"f413ce7a465d560a028f1afffe061212a0bb678e.jsonld","https://obis.org/dataset/84c603f1-534b-4272-af11-186ef5559ee7","identifiersha","2025-04-07 08:26:49+00:00"
"f415b6deb7fc65c8d2757a8fda320deba0b499aa.jsonld","https://obis.org/dataset/982d4bc2-c3f1-4018-befd-ed34b101e4b1","identifiersha","2025-04-07 08:22:32+00:00"
"f415de1c403d4073e5b743789765f2279b0121d6.jsonld","https://obis.org/dataset/a33f249d-83ed-4e6e-84e3-d3144153b3de","identifiersha","2025-04-07 08:23:39+00:00"
"f42424ea8777dca2c30de693abf626ba6a8f3c12.jsonld","https://obis.org/dataset/4b25fd6e-e5de-4866-aee5-2d7ea4c407da","identifiersha","2025-04-07 08:24:26+00:00"
"f43c3b7c7e91c17672a59401720be37327724227.jsonld","https://obis.org/dataset/ba705323-e376-4066-946a-e105bb9b601e","identifiersha","2025-04-07 08:25:25+00:00"
"f44ec6b5dc8018ff9cb18fcbcb1326d2fa3a5799.jsonld","https://obis.org/dataset/6eee18aa-3e84-4e4d-878e-faae2574b4f5","identifiersha","2025-04-07 08:26:59+00:00"
"f45867dcf7d6ce0f7139d0b0961d1e1a794e39da.jsonld","https://obis.org/dataset/2b43830c-60c7-4110-a0f1-84269a4b39d3","identifiersha","2025-04-07 08:24:02+00:00"
"f468026ced001ee858c4233dd2f3951b611ffae4.jsonld","https://obis.org/dataset/ce2d61c9-3b93-4965-ba9f-157503922aae","identifiersha","2025-04-07 08:23:52+00:00"
"f46ad9b77e460532ecd9a30ec7b3aaf2c31fd7fb.jsonld","https://obis.org/dataset/e9266958-784b-4d88-ac36-a1a59d215692","identifiersha","2025-04-07 08:23:38+00:00"
"f46fdd6be39ed801fe14a91783ad8ed31219e0e6.jsonld","https://obis.org/dataset/cf5b90b1-3cb8-4cda-8cbc-423a047930db","identifiersha","2025-04-07 08:25:43+00:00"
"f46ffe884a689d5c5b28cbcb641eeb49de491814.jsonld","https://obis.org/dataset/fe28b1f5-60f9-45d7-9e38-2bd42c942955","identifiersha","2025-04-07 08:27:04+00:00"
"f470e8386662de421106b20d69c4b13be52b3d3e.jsonld","https://obis.org/dataset/e283f222-4b87-46a8-975f-1f49f5c1cfe8","identifiersha","2025-04-07 08:25:12+00:00"
"f48414c6435a66d67ff19c7bf9ba656b94eddf51.jsonld","https://obis.org/dataset/18f1a132-414d-4d8d-be02-a5913154c6e4","identifiersha","2025-04-07 08:28:06+00:00"
"f48acf730c2e8aa30c5b741394415bd1ec06088d.jsonld","https://obis.org/dataset/beab1dcb-8235-4072-85cd-d8c3373e4ae0","identifiersha","2025-04-07 08:25:07+00:00"
"f4bdd5f4342a1c08ed80ddaac1e6cc4411e2d777.jsonld","https://obis.org/dataset/d6d09a68-4349-49d7-9991-474fb75578e0","identifiersha","2025-04-07 08:22:31+00:00"
"f4cac4213bc57d38da76dad4ec3f15c58ddc8641.jsonld","https://obis.org/dataset/ba1a3819-34c6-4a1f-b854-74f5b28131e5","identifiersha","2025-04-07 08:25:21+00:00"
"f4d1f5c13606499c3972a9d23d9c110a160aba60.jsonld","https://obis.org/dataset/bc01451e-d990-4ad1-8315-e3fb6e9cf461","identifiersha","2025-04-07 08:23:19+00:00"
"f4d440c6f87bdef890effe93979d9a69a39e1acb.jsonld","https://obis.org/dataset/b8a0d284-fa0a-4a20-8d27-0e736a42ae25","identifiersha","2025-04-07 08:22:39+00:00"
"f4d9cf505bd53b0b7d678fdaf19631ebd29e053f.jsonld","https://obis.org/dataset/b77019ec-e812-461d-9f32-2de64940dbc5","identifiersha","2025-04-07 08:27:29+00:00"
"f4db09fd658d6ae35276882e09a39917e7b2f339.jsonld","https://obis.org/dataset/2f6a4224-c273-4cad-bd53-db81f1fbd251","identifiersha","2025-04-07 08:23:19+00:00"
"f4e436367b0c116992419cc6bd204d9dc7e75003.jsonld","https://obis.org/dataset/ee591f31-1844-44b4-91ab-57e6b5c87101","identifiersha","2025-04-07 08:27:13+00:00"
"f50165e6e1c60843168bd5bacd700121b1014aac.jsonld","https://obis.org/dataset/f415cf1b-30b1-48d6-b15f-1b97bc462c8e","identifiersha","2025-04-07 08:27:43+00:00"
"f51599b0a8f685117ba82577e74056aa10c10588.jsonld","https://obis.org/dataset/279a8f9c-1878-4716-b374-16a6fb21d7a9","identifiersha","2025-04-07 08:27:24+00:00"
"f5198eb9c566be49c830325f16e75cb4ee4b94e4.jsonld","https://obis.org/dataset/257e07eb-3ac1-4dcf-a47b-afe285020064","identifiersha","2025-04-07 08:26:36+00:00"
"f5261f2afb59dabae78178308d0838d3b23829b2.jsonld","https://obis.org/dataset/4c8c3c15-737e-4e2d-9443-d6a4f10e09b8","identifiersha","2025-04-07 08:28:29+00:00"
"f526b9484c2aef7e9139527c0c1836b30e67a20a.jsonld","https://obis.org/dataset/1b1a173b-8cd8-45aa-9c81-95032fe483a1","identifiersha","2025-04-07 08:28:31+00:00"
"f52746896cc053b72dd9cc9f9d3614db8189f4e8.jsonld","https://obis.org/dataset/d64477cf-491f-4de5-8291-8c07986fa37e","identifiersha","2025-04-07 08:26:04+00:00"
"f533c5f17175e9a3be04e5b571874890be58379a.jsonld","https://obis.org/dataset/3d9584c3-faa9-4e9a-a115-a3d89e99d172","identifiersha","2025-04-07 08:24:24+00:00"
"f536fae631b85f5630955ceb4a0225fe3d1811ac.jsonld","https://obis.org/dataset/76eed81e-c212-4336-8913-6d2eb08dca41","identifiersha","2025-04-07 08:26:53+00:00"
"f539b281a83fba85d4d434afde6cc83b6e7a6c65.jsonld","https://obis.org/dataset/f17d8dae-4125-4a45-a491-81f8d018e19c","identifiersha","2025-04-07 08:23:10+00:00"
"f5436e07a706a2584659377267419dae35472f1a.jsonld","https://obis.org/dataset/e98ad0a0-c948-4933-885c-a04dfc472364","identifiersha","2025-04-07 08:25:04+00:00"
"f54775233af1e16bd01564d280209a44c7b206e5.jsonld","https://obis.org/dataset/856cfcd0-765d-4b5b-ba23-f371bd1da590","identifiersha","2025-04-07 08:26:12+00:00"
"f549bba77f10906cba9feb5751643e5cfcce08ca.jsonld","https://obis.org/dataset/065f0e0e-049b-4bf7-b249-3c76a652e0a9","identifiersha","2025-04-07 08:22:33+00:00"
"f54b39d10c880a023331bba544ae1ceb911e2410.jsonld","https://obis.org/dataset/750650f1-5f72-46d8-a65d-996ee2268fec","identifiersha","2025-04-07 08:23:57+00:00"
"f54c96fbc0ae56067d6d08f93256ae20a7717c68.jsonld","https://obis.org/dataset/4312e526-3f49-4291-9ef6-91408686cb7a","identifiersha","2025-04-07 08:25:58+00:00"
"f55ba99786796fcb6611dcae00ba965f25d67eee.jsonld","https://obis.org/dataset/7dd348df-5e3b-4b37-8758-7a01e1234555","identifiersha","2025-04-07 08:22:33+00:00"
"f571ad3321e77a5446fda5b1dc94b190cf3b1396.jsonld","https://obis.org/dataset/6ac63ed4-27d4-4a07-ada2-97f619f66c05","identifiersha","2025-04-07 08:24:27+00:00"
"f572be841b1bdb2df32251990cd4b415cb3ba631.jsonld","https://obis.org/dataset/080b9486-a998-4372-97e5-1f58cb65b49d","identifiersha","2025-04-07 08:27:48+00:00"
"f57422da06407eafaa552c5fb9d7f7c50cdc8f89.jsonld","https://obis.org/dataset/2741dff2-017c-4d2d-8e3a-b04fc06619b9","identifiersha","2025-04-07 08:26:17+00:00"
"f57a47eac32a747e592deae2b4a9d8c4d94459c7.jsonld","https://obis.org/dataset/a5edf42e-7768-4d1a-8df1-e13fd5d7c8c5","identifiersha","2025-04-07 08:23:54+00:00"
"f57aa16d98cfd43b8087350e3176402f70ba98ff.jsonld","https://obis.org/dataset/aa2e080b-6041-4f0e-9cbc-451b688c2c16","identifiersha","2025-04-07 08:24:36+00:00"
"f58007533c1e29a669e27535b620ff8551c5d92f.jsonld","https://obis.org/dataset/8f066bc7-f4d3-4b40-a0a4-4dfabfaa2585","identifiersha","2025-04-07 08:28:01+00:00"
"f587b756421aa0980354a9437d3209232cf0af23.jsonld","https://obis.org/dataset/01dbc62a-e166-4752-8547-6db4542ec039","identifiersha","2025-04-07 08:23:00+00:00"
"f5961c3c2540ea38304fdd18db2c7b47af32a44a.jsonld","https://obis.org/dataset/1c41a036-2395-4364-8eac-e080e8ff67a5","identifiersha","2025-04-07 08:27:50+00:00"
"f596e4d3193b3ee7664bf428da382862a3733388.jsonld","https://obis.org/dataset/4a595d2a-3c4e-48a3-aca0-8bf64aa368ad","identifiersha","2025-04-07 08:27:36+00:00"
"f5cec8160dc36c2b2bfd10eb70499887653944cd.jsonld","https://obis.org/dataset/d47605aa-8460-484d-bf15-3ccc7beb2eb7","identifiersha","2025-04-07 08:27:29+00:00"
"f5e1a56a59d9b3f6f7ef9823bebe16f984a27c59.jsonld","https://obis.org/dataset/0a339f70-b7de-4a60-8b32-02829c14574e","identifiersha","2025-04-07 08:22:39+00:00"
"f5f3f0e533881fd6fc0889ec1f8dbb58137a6692.jsonld","https://obis.org/dataset/b028c32d-98bc-49dd-b2ae-038d9bff101f","identifiersha","2025-04-07 08:26:12+00:00"
"f62640dd004fb398b8a046ce12c455dea458bdc6.jsonld","https://obis.org/dataset/871e92ab-2a00-4851-b948-cb6dda862f9c","identifiersha","2025-04-07 08:25:54+00:00"
"f62ded60f5128967c9e27dfef3d553af84d56255.jsonld","https://obis.org/dataset/ab590832-cef4-4f05-b412-f956b3aa7e24","identifiersha","2025-04-07 08:22:40+00:00"
"f62fc854c3f87dad86a1ece9c4d2928904ee3d83.jsonld","https://obis.org/dataset/d64add40-df3e-4e44-a2e0-f8f71f51a046","identifiersha","2025-04-07 08:23:50+00:00"
"f63b3ac21e5fb9dd68394ce1aeaa50f716e67331.jsonld","https://obis.org/dataset/86a09a23-b378-4720-803e-544bf3e5e854","identifiersha","2025-04-07 08:25:00+00:00"
"f651b6110714537d6776e41387fa8c47bb42da19.jsonld","https://obis.org/dataset/066f002f-58d5-4687-bdb8-b39cdaef0c2b","identifiersha","2025-04-07 08:23:12+00:00"
"f652ebb557fea903ee569781cb6479f17a46f7f2.jsonld","https://obis.org/dataset/4f60cfa3-fc7a-4b0d-9dc6-bb5c6480ee3b","identifiersha","2025-04-07 08:27:30+00:00"
"f65a34ff84e33157a8a8e284a1e052360efb29ff.jsonld","https://obis.org/dataset/6068d681-051a-4d47-8ce9-1ac2ed608e74","identifiersha","2025-04-07 08:24:58+00:00"
"f65eb1586e000e6092307f1a77b75872bd91c1db.jsonld","https://obis.org/dataset/685de728-3eb8-4b31-8bfd-40035bb8aa4d","identifiersha","2025-04-07 08:22:54+00:00"
"f65eb773b27d9d7e5b9c3bb02b1c3a70c4c69caa.jsonld","https://obis.org/dataset/aab9a82c-885b-45ff-9de4-ff889e1dc7ad","identifiersha","2025-04-07 08:25:26+00:00"
"f672358307f6566e9973377f7464c7c071624a0f.jsonld","https://obis.org/dataset/12817fc1-84bd-49d1-a8b8-789e6e73aecd","identifiersha","2025-04-07 08:28:08+00:00"
"f6728f434d965eb57b56657c97b8956867639174.jsonld","https://obis.org/dataset/ea84229b-38bc-48ec-8edd-ffda90b93731","identifiersha","2025-04-07 08:26:21+00:00"
"f683b519cd5c705726f83508e2aa1a00b2a4e965.jsonld","https://obis.org/dataset/7d68eb81-2606-4019-b549-008d633de2b1","identifiersha","2025-04-07 08:24:12+00:00"
"f694215e3aa9b288023309d09e0139a964b7acb6.jsonld","https://obis.org/dataset/d2bb9157-f532-41bf-a22a-7286fc1d9865","identifiersha","2025-04-07 08:25:43+00:00"
"f694ccfc93f4245d9f099d269754af387dacbf8a.jsonld","https://obis.org/dataset/a5c190a8-52f0-430c-bcf1-86f6959bf1da","identifiersha","2025-04-07 08:28:19+00:00"
"f69dd95b3a5b4c570089c4e9dd0eb07672bc9ae8.jsonld","https://obis.org/dataset/3f14ac1d-08e0-40ea-a3c9-4daa39c78f84","identifiersha","2025-04-07 08:23:07+00:00"
"f69ecb266b7ec9fc92330be944b507d8f4e72fbd.jsonld","https://obis.org/dataset/52e0bb96-d262-41ee-b586-88f4b6242a13","identifiersha","2025-04-07 08:23:23+00:00"
"f6ac48243bbbfdde2931583ec9d640ac7c628f7f.jsonld","https://obis.org/dataset/5df2790c-bb76-4009-a36a-c3483cd8248d","identifiersha","2025-04-07 08:26:18+00:00"
"f6ac530549e34f1edff56c6d7044549755585a20.jsonld","https://obis.org/dataset/d6cabe16-b1e4-4636-bb69-b7aa615978f3","identifiersha","2025-04-07 08:26:11+00:00"
"f6b3f719e3e7d4b85f89795cbdf5f1b34c05061b.jsonld","https://obis.org/dataset/d54ca935-a4a8-4945-9ec2-89394b0a67ed","identifiersha","2025-04-07 08:28:09+00:00"
"f6be843e00f7c1ee76c68996481d69a4b87f067d.jsonld","https://obis.org/dataset/07ca64bb-d529-4214-aea9-598fc792e7de","identifiersha","2025-04-07 08:28:27+00:00"
"f6cad592d6bac6735713c78e2526caf75561e4d1.jsonld","https://obis.org/dataset/7c25ee75-bead-4da6-9957-7a225fc62317","identifiersha","2025-04-07 08:27:24+00:00"
"f6dbc25b41c467a1914f3c1f3294eccb52c5a624.jsonld","https://obis.org/dataset/a5eeb258-6818-4a1a-a30c-853c5fd3f298","identifiersha","2025-04-07 08:23:32+00:00"
"f6e5e67777a8bd0b49baaa884a703d1f29e1bfec.jsonld","https://obis.org/dataset/698c858c-2529-49ef-bd8d-6693f1f0fac3","identifiersha","2025-04-07 08:28:10+00:00"
"f6e6f3a3c45bdf7c65649cd70927775cfdf62e61.jsonld","https://obis.org/dataset/9d5d07ef-4f64-480e-9ece-96d5132b9f6e","identifiersha","2025-04-07 08:28:03+00:00"
"f6ecc4ab3a16995d06dbae29f9d26501a786b281.jsonld","https://obis.org/dataset/7de27276-f9f7-40a2-bbd3-18512b50fe28","identifiersha","2025-04-07 08:23:48+00:00"
"f7186fb4dcdc180d07bcbe39549f4262aa39fc97.jsonld","https://obis.org/dataset/cc070a90-f892-43fe-b0f5-b6b5222d46db","identifiersha","2025-04-07 08:27:18+00:00"
"f71e8715414c3e85de7d7bbe879aee844186c3e7.jsonld","https://obis.org/dataset/6b0af9db-4b97-40c0-942c-6a7188157c66","identifiersha","2025-04-07 08:25:16+00:00"
"f73ef3fc94c2dd591d9c505977a4e321ff70f9ba.jsonld","https://obis.org/dataset/d6fcd171-ee34-4fba-b03f-78290accb814","identifiersha","2025-04-07 08:24:40+00:00"
"f74be6631991ef125ed0fa2111b32e0ef27c2012.jsonld","https://obis.org/dataset/877a23ca-4950-4237-a405-be49217cfc94","identifiersha","2025-04-07 08:25:17+00:00"
"f759d238451821a258d558116844839ede45b0b8.jsonld","https://obis.org/dataset/2022bab1-37b3-4c15-8de8-ba8d68c3da71","identifiersha","2025-04-07 08:22:47+00:00"
"f75d066583cdb6bb636b642800cb6f033b8d3266.jsonld","https://obis.org/dataset/03b75eb2-4672-42de-8211-f7c1daa39648","identifiersha","2025-04-07 08:22:41+00:00"
"f75f52f8b86c7914c7d9a2f1530ae0821a728796.jsonld","https://obis.org/dataset/b4c988b0-60aa-43e0-b9fa-f86b9b522b35","identifiersha","2025-04-07 08:25:53+00:00"
"f766faa1d861e5ee4668b05871bb4d1c7a29451c.jsonld","https://obis.org/dataset/e98b16d9-f8d3-4625-ba58-e19368dc6bb0","identifiersha","2025-04-07 08:26:31+00:00"
"f76a71f4e60d213178bfdb03892e74d8fbe1c5eb.jsonld","https://obis.org/dataset/d5479acf-29cc-44b3-b3d7-bd4e40f83efc","identifiersha","2025-04-07 08:25:06+00:00"
"f774232e9d363a5cd8a7fda592a49d62d361664b.jsonld","https://obis.org/dataset/eb39e031-815b-4f8f-911f-81e1f8810ec3","identifiersha","2025-04-07 08:24:22+00:00"
"f7812f91468fbc36e26c4ab86e39b3ab8abdbeea.jsonld","https://obis.org/dataset/f957689d-e479-4a3a-9e06-d390ff3d44c9","identifiersha","2025-04-07 08:25:21+00:00"
"f78252776ff8fad58087a3572a443e8912fde94f.jsonld","https://obis.org/dataset/61a0fac8-6bba-4c30-986b-248bc12da62c","identifiersha","2025-04-07 08:24:33+00:00"
"f785404c2daef71efc2421f1be832c0bd76aed20.jsonld","https://obis.org/dataset/76ea62a4-9584-4af9-8256-1dd8bb5c3452","identifiersha","2025-04-07 08:23:44+00:00"
"f7a354539ee4194fb476e8228fe93da57efc6aee.jsonld","https://obis.org/dataset/85dec948-3fdb-40e2-93e9-af9d009daf41","identifiersha","2025-04-07 08:28:08+00:00"
"f7ab2dd98726f976d6af3d5a07f2ae3db04047e8.jsonld","https://obis.org/dataset/b1c2c519-8276-4a89-99c4-24e18e6feb55","identifiersha","2025-04-07 08:27:00+00:00"
"f7aee2c25314b675c82def4b97efc56945f5f007.jsonld","https://obis.org/dataset/2f257fe1-dc7d-45a6-8218-5995e1574b32","identifiersha","2025-04-07 08:26:03+00:00"
"f7bc17fdd7f345ec3892c956579aede46f6502f5.jsonld","https://obis.org/dataset/58e46c48-c068-48d6-b5bf-9c8c2581d261","identifiersha","2025-04-07 08:27:46+00:00"
"f7c495015da44e0c6cc02f69398a5a27318522b1.jsonld","https://obis.org/dataset/ff3404ec-c4bc-46fe-8f1b-beaec6f0fae3","identifiersha","2025-03-13 22:57:15+00:00"
"f7f9fb6a8218b0f19e427416f071206496ea1456.jsonld","https://obis.org/dataset/ffef9afd-c910-4b35-94f0-c0c7a725362e","identifiersha","2025-04-07 08:23:10+00:00"
"f7fff9ca49b126961bd2be7378911b514dc9a366.jsonld","https://obis.org/dataset/e40fa9be-d929-4a40-8958-47420f9981f1","identifiersha","2025-04-07 08:24:30+00:00"
"f81269a1e6a76296a70fddb8a4f43eb3594de8f8.jsonld","https://obis.org/dataset/7db85b7f-e7ad-414a-b944-9a3e1cb6d596","identifiersha","2025-04-07 08:27:59+00:00"
"f812c6292330d001fb0968ca191b038e6e67dc20.jsonld","https://obis.org/dataset/f0bbfd00-2631-4006-b6bc-5c88f166852c","identifiersha","2025-04-07 08:23:02+00:00"
"f814d6cdd61e99e1a97a018d21c55a658d248a36.jsonld","https://obis.org/dataset/5f6740b4-817c-402e-a0d9-758e6a8b7ff6","identifiersha","2025-04-07 08:25:08+00:00"
"f825d8e4dfbd1d4a49f936590def18c73d5964f2.jsonld","https://obis.org/dataset/9f6b5f26-3127-4061-be4f-27b45795f7a0","identifiersha","2025-04-07 08:25:46+00:00"
"f82b233df71479669f4a7e66a1fd3692bb0015cf.jsonld","https://obis.org/dataset/585629ea-cc63-4f8a-98a5-d7b6f7025adb","identifiersha","2025-04-07 08:25:43+00:00"
"f83b243780ad14ed1d68b2be8648adb18e1f8e40.jsonld","https://obis.org/dataset/bf7273ec-d77d-459e-8418-9621d57966e3","identifiersha","2025-04-07 08:25:40+00:00"
"f8426f79566b5fa94b036ac13e29fd889feaee80.jsonld","https://obis.org/dataset/14a2ca00-2e7c-4481-9817-2e84ae52ac2e","identifiersha","2025-04-07 08:27:52+00:00"
"f84545edadf20e640fd6e2dcd14dec8e3d2a6798.jsonld","https://obis.org/dataset/2ab4ad97-bb6d-4c88-8469-bb94c409e51a","identifiersha","2025-04-07 08:22:29+00:00"
"f84db6edbd7279203c18b7d08ba310d44555741d.jsonld","https://obis.org/dataset/8debaccf-a981-4c77-8fad-ffb443dcf1f4","identifiersha","2025-04-07 08:24:42+00:00"
"f84f7058e762bae166d1099478e083f0e28d81b5.jsonld","https://obis.org/dataset/267b0506-38cb-44d8-9975-70bf6cc3e160","identifiersha","2025-04-07 08:27:55+00:00"
"f86243eae9d745e37bfb18d2613d6cff26ff7706.jsonld","https://obis.org/dataset/91fa8d68-8510-417d-8c1c-81ebe94ebb59","identifiersha","2025-04-07 08:25:56+00:00"
"f868389c6f9a8b4d66f9f16650084cf4da9e4a4c.jsonld","https://obis.org/dataset/2aeabddf-7e9e-46dd-b4f4-99c5c8162b16","identifiersha","2025-04-07 08:26:42+00:00"
"f868d485cb0206af70dffc1ada201924b8005fd8.jsonld","https://obis.org/dataset/9e64f9c8-5865-4c40-be79-04648ce913f7","identifiersha","2025-04-07 08:24:12+00:00"
"f86c30d6d5fddbb30addb28f9a1c217986505971.jsonld","https://obis.org/dataset/cef7a192-e299-48fb-a3b7-00dfcb93477a","identifiersha","2025-04-07 08:27:34+00:00"
"f883a684888bdb6f7fc9144d28af40edaa772e80.jsonld","https://obis.org/dataset/1db4978f-6b8e-4873-8ab4-63702a8359d0","identifiersha","2025-04-07 08:28:25+00:00"
"f884675e0fa92cfe656b7670dfba0e6476cfe756.jsonld","https://obis.org/dataset/59980324-57fc-4dc8-99b7-a0542726bc98","identifiersha","2025-04-07 08:28:11+00:00"
"f8866f45ce4782febac66342e1e5652f6859c1d6.jsonld","https://obis.org/dataset/b1253eed-05ce-41bc-9cb9-0fe001ec37b5","identifiersha","2025-04-07 08:22:53+00:00"
"f887b1909ef8b8562e56da0846137127f8fe14b5.jsonld","https://obis.org/dataset/48b30be7-10d6-469a-b448-5eb8f5b9ce89","identifiersha","2025-04-07 08:26:16+00:00"
"f8928175ece14f6fd2a64ba2fbc0a8cad5ccbd67.jsonld","https://obis.org/dataset/d7b728ec-77e3-4799-91b5-9298e624d42f","identifiersha","2025-04-07 08:27:32+00:00"
"f89744300ca629a3b6eeb754011841ccca5a3406.jsonld","https://obis.org/dataset/2ff9fccd-c762-4d09-80ad-7403c93241f6","identifiersha","2025-04-07 08:24:52+00:00"
"f8a52f520dd442fa0f67f3cdd38e85a7adab6bbe.jsonld","https://obis.org/dataset/df5a5825-6db0-4034-9e1d-97ece8ecd4cb","identifiersha","2025-04-07 08:26:43+00:00"
"f8a8a101c92c00600b6f6ec631f1dda14c2a8050.jsonld","https://obis.org/dataset/2316f414-7b56-4795-bd42-f50986445638","identifiersha","2025-04-07 08:25:17+00:00"
"f8ac4eb2e9d615ff5b4b2330dcb8ec19d4926096.jsonld","https://obis.org/dataset/b695804a-2c12-4b7f-ba1b-4c2d2f6adb4c","identifiersha","2025-04-07 08:26:15+00:00"
"f8b24b8247b532ebc100e000b7de156993c7f072.jsonld","https://obis.org/dataset/2b43868c-0ddb-4932-b936-53c21fad5abd","identifiersha","2025-04-07 08:24:49+00:00"
"f8b83151ba41e9c6309945ddd93fa131079f48ed.jsonld","https://obis.org/dataset/a28d3c22-183e-4e5e-a9ee-38240fcd4241","identifiersha","2025-04-07 08:24:07+00:00"
"f8cf5598a978ec819f2b0fc28ec1518917734b9c.jsonld","https://obis.org/dataset/661f9545-3547-4dea-b3f6-533e3295b2a9","identifiersha","2025-04-07 08:25:21+00:00"
"f8d41ab64861b852cbbe611bab94525f0ecca9f2.jsonld","https://obis.org/dataset/8e3cd1db-c8ce-44b1-bb26-8c06421304ca","identifiersha","2025-04-07 08:27:13+00:00"
"f8d7ffe5ee79e4249217540b407b846bf92a3178.jsonld","https://obis.org/dataset/b483bf5b-e440-4b0d-b2bb-301c31b6ed24","identifiersha","2025-04-07 08:25:30+00:00"
"f8d8432ee89bbc7166a8436545ed754eaf2236fe.jsonld","https://obis.org/dataset/9c27b24d-e80f-4624-8f73-628b8fd7cb43","identifiersha","2025-04-07 08:23:11+00:00"
"f8db20c820ba192125992cc3c49dbfc47e04f95b.jsonld","https://obis.org/dataset/14fa3c3e-259c-4af9-9314-eee1dc3a119b","identifiersha","2025-04-07 08:23:00+00:00"
"f8de145ad73a70a10372afb3435b3cdc73f7120c.jsonld","https://obis.org/dataset/6391c5fe-858b-4d84-95e6-795172e8165c","identifiersha","2025-04-07 08:25:20+00:00"
"f8dfb7811dc1e057b42ffec7d79a4bcbd4254788.jsonld","https://obis.org/dataset/46e96f76-a0fc-48b9-93f6-78e0983319fd","identifiersha","2025-04-07 08:22:51+00:00"
"f90e1e48180f857c7a6445ef73cc65837d184a66.jsonld","https://obis.org/dataset/b3c42dcb-1e83-43d7-be77-daaccc47002d","identifiersha","2025-04-07 08:25:23+00:00"
"f90fedb4a09f0c5aa96fd586102b9eb11369d959.jsonld","https://obis.org/dataset/dab091dc-30ad-4eeb-b5c4-9cc5515f07cf","identifiersha","2025-04-07 08:28:05+00:00"
"f921032551aef8f196dd68e618cf481d14f5a4ae.jsonld","https://obis.org/dataset/fcb93dda-56d4-43a9-b4e4-314bdd7215fc","identifiersha","2025-04-07 08:25:50+00:00"
"f9255ab85181abaaeb184ec8d285b6706939db40.jsonld","https://obis.org/dataset/8bb5f20d-b89c-40ab-b42f-d2b0d581f36d","identifiersha","2025-04-07 08:28:39+00:00"
"f925fc1076f666e5908b93728a95af3a163533f9.jsonld","https://obis.org/dataset/b7361f4f-d299-448c-9b78-c40aaaed7a69","identifiersha","2025-04-07 08:27:20+00:00"
"f9311fb099d44aa63ccdbd1e739b1f8089e99748.jsonld","https://obis.org/dataset/fd293613-5b4c-45bb-991f-f01aae6228e4","identifiersha","2025-04-07 08:26:33+00:00"
"f93d10177755945de44aaa167c48cdef420143ec.jsonld","https://obis.org/dataset/4f4d7534-c08d-427f-8fed-9e955c8242ce","identifiersha","2025-04-07 08:26:24+00:00"
"f94135982e0d3638cc852cf1825ab94c1841b70a.jsonld","https://obis.org/dataset/a708668e-0b62-498b-abc7-35b4b05caf8c","identifiersha","2025-04-07 08:24:27+00:00"
"f94bc0abc0491390906839f400a0975028dd445c.jsonld","https://obis.org/dataset/2efe1e30-ba4c-4dba-8c6f-37c1f26fe97c","identifiersha","2025-03-24 00:35:29+00:00"
"f953ee38c3d1a2f6d5c84de8adec47c2e5a94adb.jsonld","https://obis.org/dataset/b3f4c9ee-51a8-46d8-a4b1-e506e89ddff3","identifiersha","2025-04-07 08:25:45+00:00"
"f96f0e2d30182195d5c743faad3708781ccefc43.jsonld","https://obis.org/dataset/c6ea3c9e-d55e-4927-91e9-da8a40c324ba","identifiersha","2025-04-07 08:28:11+00:00"
"f971f2073d5d7a6258a228e6a589866de72a3713.jsonld","https://obis.org/dataset/6a5bc28f-4dfe-4cbf-8a55-7e3a843997ab","identifiersha","2025-04-07 08:24:07+00:00"
"f974d09f0e15678cc664d4fa3c8f655697e98742.jsonld","https://obis.org/dataset/14e7ad72-5548-4c5b-a025-3c1210ec81fc","identifiersha","2025-04-07 08:28:31+00:00"
"f97910358113eb2d9e84d23a1d855a6183d3dc6e.jsonld","https://obis.org/dataset/e593e720-3260-406c-b3d1-7baaf402c5a6","identifiersha","2025-04-07 08:27:37+00:00"
"f986f430ae41921c9ce535d8ba360f5e29ec1f49.jsonld","https://obis.org/dataset/8bdef59c-7d03-4033-afc3-21b46015781c","identifiersha","2025-04-07 08:25:55+00:00"
"f99159e32477e594ab90059fd44866897690782e.jsonld","https://obis.org/dataset/f51bac5e-4b26-4655-a0be-6cba68b50ae3","identifiersha","2025-04-07 08:23:36+00:00"
"f9a97deb080fa1c9e8e0e5f8f9d8fdb71b95742f.jsonld","https://obis.org/dataset/3b2a79a4-ef3c-4b0a-829a-9bcbc9f00e5c","identifiersha","2025-04-07 08:22:38+00:00"
"f9ac0aab3a77575bd5ae37ad124175fd021eba26.jsonld","https://obis.org/dataset/d0f7e8d3-b5ce-4ff6-bd33-2187bb6b8b46","identifiersha","2025-04-07 08:28:10+00:00"
"f9b2786ae0793bc7af2723425c5a8098a08b34e3.jsonld","https://obis.org/dataset/23197597-35be-4dfe-b727-dae6c78d75a5","identifiersha","2025-04-07 08:26:04+00:00"
"f9cd0f487ec9166b7007ad6e83bdc8a4348759f7.jsonld","https://obis.org/dataset/bc496dae-96c7-45db-a82b-27d51d1258ce","identifiersha","2025-04-07 08:24:42+00:00"
"f9d8bfc6efff706ff23eea60dfc2419223b90dfa.jsonld","https://obis.org/dataset/800562a3-5860-44fc-a33d-a36c816f57c5","identifiersha","2025-04-07 08:27:14+00:00"
"f9e2aaf6ac547a1ebda6e5c7ffb116397c0c8593.jsonld","https://obis.org/dataset/42e7f007-d4f3-4be8-a4c3-0a51eb2c7ff4","identifiersha","2025-04-07 08:27:58+00:00"
"f9f4a70e24e95cd54469ba172a4a3b537447588e.jsonld","https://obis.org/dataset/cf9c111c-f61a-480a-ac85-07adfc9fbeba","identifiersha","2025-04-07 08:27:30+00:00"
"f9fde81a9bf9b0ac3ee9598991c4b44810470657.jsonld","https://obis.org/dataset/f0e5ebdf-0685-49b3-bca7-74e0835ec0dc","identifiersha","2025-04-07 08:23:03+00:00"
"f9ffa7902727254012df7cdab138cf2fca76b6a6.jsonld","https://obis.org/dataset/fa51d189-02f1-4b88-b33a-c10442e70c51","identifiersha","2025-04-07 08:22:39+00:00"
"fa004f194ee3423a4930ccf81e9f17246f32c42a.jsonld","https://obis.org/dataset/d2d6ab1a-aeaf-4cd0-949c-4fd8835101bc","identifiersha","2025-04-07 08:27:15+00:00"
"fa00f263892f93a6ebe6c6931edacecd37505a70.jsonld","https://obis.org/dataset/679cb1fa-3d8d-4f22-bab0-8ca2971a96ce","identifiersha","2025-04-07 08:22:56+00:00"
"fa0db184436bb9b45a391c567da3fb3712673f4a.jsonld","https://obis.org/dataset/07ed4de3-5f97-44af-aae0-b62cb0d44b6f","identifiersha","2025-04-07 08:27:43+00:00"
"fa1f3b679d91730e1e23fa34c857caaf0bc3790a.jsonld","https://obis.org/dataset/e02a51c2-2f8e-42ca-a851-3a8f96c961d5","identifiersha","2025-04-07 08:23:04+00:00"
"fa1f8273668567ca6c65166fa04fb93c6af75a65.jsonld","https://obis.org/dataset/648d48c3-ac21-47dd-b63a-75c6d10b22fb","identifiersha","2025-04-07 08:24:37+00:00"
"fa20537a7b9c887ad4fdc606f6ace7f1aa096559.jsonld","https://obis.org/dataset/33b5f094-38b0-4ad2-82d8-1e57f9bc291c","identifiersha","2025-04-07 08:25:07+00:00"
"fa4428ad7c1164e68dcfc420179b426db2868978.jsonld","https://obis.org/dataset/053a0800-c4b6-457d-8ea8-880aeb105b39","identifiersha","2025-04-07 08:27:07+00:00"
"fa5d460ff8c985a6d421891f14e61b9b066a1923.jsonld","https://obis.org/dataset/84a35ad3-03b2-4cfd-a43d-8dc95beadc2c","identifiersha","2025-04-07 08:26:19+00:00"
"fa5ddda881458d9eda060854a6aa3600b0d6f3c6.jsonld","https://obis.org/dataset/afa5b0e8-826d-4433-b698-beb176ef7880","identifiersha","2025-03-13 22:48:40+00:00"
"fa65cd25676ef097ca3b0b9d67f66cbefbaea9a8.jsonld","https://obis.org/dataset/0edaa9e1-af7c-4baa-bf11-5e1c7334193d","identifiersha","2025-04-07 08:25:14+00:00"
"fa69d23b3e29160452d7ba9587fd2cbeaba8c9f9.jsonld","https://obis.org/dataset/13f1645c-e753-4d0e-b40c-d380c18bf50d","identifiersha","2025-04-07 08:27:05+00:00"
"fa76698bc308b440401e24c88bc549b2f4370ef1.jsonld","https://obis.org/dataset/58cf9319-a36d-4acd-b750-d70b52fbf0fa","identifiersha","2025-04-07 08:24:41+00:00"
"fa83bdbb86067424587b8758c0ee94767c7d6e6b.jsonld","https://obis.org/dataset/a9ac85d8-67a1-49bf-8ee8-815536022ce6","identifiersha","2025-04-07 08:25:24+00:00"
"fa86dfdb9ab16a17e51ea808e1603916621255d8.jsonld","https://obis.org/dataset/f41e98f0-f234-4888-b54e-b25abfb61ae4","identifiersha","2025-04-07 08:23:58+00:00"
"fa87d062e1e981d22e753c4b8bbe120763c1dc13.jsonld","https://obis.org/dataset/356fcda3-8830-44ec-82ec-cf2a733c878b","identifiersha","2025-04-07 08:27:51+00:00"
"fa981880a58118045225f415df9cfa355632489c.jsonld","https://obis.org/dataset/7176d725-4046-4faa-8647-94ecf4dd8304","identifiersha","2025-04-07 08:22:43+00:00"
"fa9c05d3b99191965d5f8a41cbaaccd7a3cf9fe3.jsonld","https://obis.org/dataset/b4b52f00-c493-4ca9-8ee5-9ff7d36147ec","identifiersha","2025-04-07 08:25:38+00:00"
"fa9d4829dfc9fc938c365987525294a1c7c6c74a.jsonld","https://obis.org/dataset/7ba1e4b7-774f-4d48-bc7e-fabbcbd648bc","identifiersha","2025-04-07 08:26:45+00:00"
"fa9e21525c120a5f236183d54f4993ebf44b069b.jsonld","https://obis.org/dataset/24b24b44-52ef-4f6a-b9a0-5fa20bfeff49","identifiersha","2025-04-07 08:22:59+00:00"
"faa3d93e63e684c9f05a0bf2877df047c40c64cb.jsonld","https://obis.org/dataset/d2a34a94-3966-4580-a04d-659ebcfd4032","identifiersha","2025-04-07 08:26:55+00:00"
"faae71485378ecd89ff5edf4e6714beb8cfca3de.jsonld","https://obis.org/dataset/2a6f6903-8c55-4bf7-a5da-20e18f929bc4","identifiersha","2025-04-07 08:26:23+00:00"
"fab5dcc22b315b951f6370f7042a9e9f8379a2cf.jsonld","https://obis.org/dataset/15fb6ea8-a98e-4379-8093-ad843daaf6bc","identifiersha","2025-04-07 08:28:32+00:00"
"fac36910ce2c6f7168085e562be6cd42e420001d.jsonld","https://obis.org/dataset/235babd4-4012-4934-acd6-3619a705751f","identifiersha","2025-04-07 08:26:41+00:00"
"fac51114a3720596781b715c2e45cfdc1442623a.jsonld","https://obis.org/dataset/1b914a9f-f7fe-4363-af3e-261b67c0bf33","identifiersha","2025-04-07 08:26:24+00:00"
"fad40d547fb1a0ce8b00a567b0ad065734ff69f1.jsonld","https://obis.org/dataset/0b42117b-0522-44a9-baea-253fff0771a8","identifiersha","2025-04-07 08:23:08+00:00"
"fad85bdb7962b36c70bb360a03fc5a6e4c15f39d.jsonld","https://obis.org/dataset/07c1866d-5d2d-47a1-840f-c006e1d13739","identifiersha","2025-04-07 08:25:05+00:00"
"fadf0ced085b799d10bcd122b6bbd3df7f28dbb3.jsonld","https://obis.org/dataset/2c391592-bc18-4960-acd0-eb1b83dd3411","identifiersha","2025-04-07 08:26:07+00:00"
"fae25422598f4ef50755ba3bac9e31fed2f6b20c.jsonld","https://obis.org/dataset/9410cb01-d9b3-45a4-8d10-2a9bf1a22658","identifiersha","2025-03-24 00:28:48+00:00"
"faeb250a3fb938c886ec3addec6c93d6a4357ecc.jsonld","https://obis.org/dataset/d104db68-63cf-4f34-b92a-54bd55a07394","identifiersha","2025-04-07 08:22:44+00:00"
"faf5e7fc807293a66c00722ef174d712317b7e3e.jsonld","https://obis.org/dataset/450c989e-9b23-4877-a0f7-d5f7ea9cacbd","identifiersha","2025-04-07 08:27:20+00:00"
"fb13fcf52a43eb8a5a97a8378c76eca329deb51a.jsonld","https://obis.org/dataset/1039a65f-ddea-4c9d-9d67-2d3dcd5f6c5b","identifiersha","2025-04-07 08:26:07+00:00"
"fb1c88bb434bedb58b526208b628db502eb2efe8.jsonld","https://obis.org/dataset/41b577c2-1d49-457f-a174-048e80e5f4db","identifiersha","2025-04-07 08:25:11+00:00"
"fb1de8536edfca9ce8ee05e689f8b4843b0f6478.jsonld","https://obis.org/dataset/d9f970f0-42b9-47d3-ae72-ece9a0b01451","identifiersha","2025-03-24 00:37:03+00:00"
"fb26410c2ea322b0f44e62ae9b9f39b02e9cb553.jsonld","https://obis.org/dataset/6acd049e-2384-4986-b1f9-0c0c7c527d32","identifiersha","2025-04-07 08:24:29+00:00"
"fb2a30686830f9f28618044f3cc4ca3470998d70.jsonld","https://obis.org/dataset/f2e8ea1b-2f0c-4f0a-9217-81184057b0e0","identifiersha","2025-04-07 08:23:25+00:00"
"fb2ebd1924e4ea0db35cd4258aa2826a16149ca3.jsonld","https://obis.org/dataset/72750bf3-e075-4470-8305-a8b554a17881","identifiersha","2025-04-07 08:27:35+00:00"
"fb31b6471a387489c870ae0f7b29c4d3a7bb79f8.jsonld","https://obis.org/dataset/9bc7507c-1513-4d8e-bcae-a8789821d574","identifiersha","2025-04-07 08:27:56+00:00"
"fb38443fe48c0fda68dbfaa94f7d94cf1d1aac0c.jsonld","https://obis.org/dataset/cc919ac4-9660-44b7-9136-5060ccb1506c","identifiersha","2025-04-07 08:26:33+00:00"
"fb38f392141d6737abf354a5c57370b91cd82141.jsonld","https://obis.org/dataset/c67e6d09-ee1d-4da4-9b21-bfaf558d60f1","identifiersha","2025-04-07 08:28:09+00:00"
"fb45e8d742b22ee3ac5db5707992f5bb28756acf.jsonld","https://obis.org/dataset/f7f30f55-6052-42bb-ba7b-506086394644","identifiersha","2025-04-07 08:25:42+00:00"
"fb4930590d91c8dd746d849569c2e021cff8d40c.jsonld","https://obis.org/dataset/52ccf89d-12a5-47c3-8b36-e3e9e6212c5b","identifiersha","2025-04-07 08:23:18+00:00"
"fb6c60393dfeb22ad9283716d21946171e3b5cc3.jsonld","https://obis.org/dataset/414d4d63-3c78-46ab-912c-281c213ee9b9","identifiersha","2025-04-07 08:27:21+00:00"
"fb976a6af99d3509104ff7e0dce932bedcf19b0c.jsonld","https://obis.org/dataset/4de38683-84d2-4ee5-b45c-582b31c51c18","identifiersha","2025-04-07 08:23:00+00:00"
"fb9a5ddaa0d810a2fbbbce4ceea5e5857599cd2e.jsonld","https://obis.org/dataset/718741d6-1e32-4820-aaac-539f321034e1","identifiersha","2025-04-07 08:26:05+00:00"
"fbaa1bfb5a9f201459b9f7b47b5a7418531cc4b9.jsonld","https://obis.org/dataset/81903d9a-f9f2-4bee-ab8c-07609b308e6b","identifiersha","2025-04-07 08:24:41+00:00"
"fbabd32506dae688fce6fc67863107f8dde1ba85.jsonld","https://obis.org/dataset/7812d226-7630-47e1-bc49-0941187a9a51","identifiersha","2025-04-07 08:22:43+00:00"
"fbb84224f55938372a5fff63d20b4e4a4c97f792.jsonld","https://obis.org/dataset/f359916e-ba97-4c09-ba61-b84111c56b57","identifiersha","2025-04-07 08:27:54+00:00"
"fbba62fed83008cf9d7a5d8b97f838c2250d4b78.jsonld","https://obis.org/dataset/bf7eff1d-ac5d-4796-a887-cd9789e63668","identifiersha","2025-04-07 08:24:59+00:00"
"fbc2cb1426fe9f351b8784d9a01a13be8d97e50d.jsonld","https://obis.org/dataset/38657257-deb3-4b74-aa25-ae740280b455","identifiersha","2025-04-07 08:22:41+00:00"
"fbd217f575fa105cfde14de5e97d09c6703e6fd3.jsonld","https://obis.org/dataset/03b7375a-1196-4c45-b413-4a1eb9eed573","identifiersha","2025-04-07 08:26:36+00:00"
"fbd5e07b6ebf0e587050fbb1165908ae374ebf8d.jsonld","https://obis.org/dataset/ad410a2b-a145-412f-9e90-37d9721b4868","identifiersha","2025-04-07 08:28:29+00:00"
"fbf6e708c618c1592db1dce5fd6a6c7a62871b79.jsonld","https://obis.org/dataset/4009980e-af6b-470a-b4be-16fb541b7c06","identifiersha","2025-04-07 08:23:33+00:00"
"fc01cbab2f66550e6d10c2d635fbc0f1245a4a26.jsonld","https://obis.org/dataset/17a7d690-e05d-4054-bb61-77bb3f26ba0a","identifiersha","2025-04-07 08:25:14+00:00"
"fc2f6dc68f5e79c1daffaac7b450f605a9420b12.jsonld","https://obis.org/dataset/f5cca63c-2842-4146-b095-7d34e7aef236","identifiersha","2025-04-07 08:26:10+00:00"
"fc2ff0470a8a937452593e1847e1ddabdb7ffdf2.jsonld","https://obis.org/dataset/06753239-bb3d-4bfd-8ab4-4ad4f629fd6d","identifiersha","2025-04-07 08:27:08+00:00"
"fc3ff0b32955b5811b095928ff471b4c02d4b606.jsonld","https://obis.org/dataset/34fa67d9-6100-47c6-a264-45ee6a54b427","identifiersha","2025-04-07 08:22:34+00:00"
"fc4812261803229a19393a1dfdd6ee18da35ce27.jsonld","https://obis.org/dataset/9793ce4d-0c75-4338-a5c2-0bbdeacf0b29","identifiersha","2025-04-07 08:26:55+00:00"
"fc490b3a5096ae80553f1c33220a438d1d645b86.jsonld","https://obis.org/dataset/230df405-9b7e-4996-a991-bfc15b5291af","identifiersha","2025-04-07 08:23:58+00:00"
"fc4cc81c5c17f3cb6857eaf8455b39f14ef92774.jsonld","https://obis.org/dataset/fafe1f7f-1ae4-44a9-9c4f-e2f7c0772a1f","identifiersha","2025-04-07 08:24:47+00:00"
"fc4e24f82e4451fd39e269d81dbf08cf4eb4cece.jsonld","https://obis.org/dataset/57fc04f0-c9f9-4d2f-9030-bf7281afda92","identifiersha","2025-04-07 08:26:41+00:00"
"fc58efecb58a856dba653f1bd7b269fef5c08094.jsonld","https://obis.org/dataset/bf87156c-a3f4-43e6-9c8c-22e08ab35fc9","identifiersha","2025-04-07 08:23:01+00:00"
"fc67b22c4535229f0b8edd2214ba3e26c14d925a.jsonld","https://obis.org/dataset/17c7f44a-dd02-4428-87f2-554d871e7c86","identifiersha","2025-04-07 08:25:24+00:00"
"fc6c76cf1f4213597c990035e1e0c78a84bb4e26.jsonld","https://obis.org/dataset/e4234681-4822-4490-9113-bdac90911dca","identifiersha","2025-04-07 08:22:40+00:00"
"fc735c13e204a4402c3f97d470cd9e01d98f6549.jsonld","https://obis.org/dataset/b9ab151f-044a-4942-bacf-5e012a870884","identifiersha","2025-04-07 08:27:29+00:00"
"fc92523f4191990294555f2d8ed2de06466bbaae.jsonld","https://obis.org/dataset/e2f1ca4b-7b45-4241-8d9b-2c38f5ea6fe8","identifiersha","2025-04-07 08:27:38+00:00"
"fc9c3cf8b523538a8245da3fd83acd7c778afd98.jsonld","https://obis.org/dataset/a2d6e8ee-c205-40db-83b7-fc6f1dc95bc7","identifiersha","2025-04-07 08:24:44+00:00"
"fca3240f9ec198e48b1322825444b346c77f0480.jsonld","https://obis.org/dataset/1418786c-0a73-464b-be4b-743a021078bc","identifiersha","2025-04-07 08:24:09+00:00"
"fcb8064acfbb1cb6ab233d7583b3cc3bab9ff856.jsonld","https://obis.org/dataset/2c699271-3a7f-4197-bbe8-84690c53264b","identifiersha","2025-04-07 08:28:08+00:00"
"fcb87730171be58727d5c4ed239bf8ab8ba6f3a2.jsonld","https://obis.org/dataset/80664239-e7c4-49d8-a80e-e2ae113331ca","identifiersha","2025-04-07 08:24:08+00:00"
"fcba696759c714948d408c10a6b4aba3a7875933.jsonld","https://obis.org/dataset/a8d31903-adf9-4c54-869d-f451e3516ebe","identifiersha","2025-04-07 08:27:19+00:00"
"fcbfd1b90785cbbfedb61f696da9b0f4a1a322f7.jsonld","https://obis.org/dataset/b1fc3357-067c-4d17-9b85-edc5318d3d57","identifiersha","2025-04-07 08:25:04+00:00"
"fcc2a188aedecb51e4c945b09a9138efcbfe132b.jsonld","https://obis.org/dataset/3f424661-13b8-4008-8600-091bf43037ad","identifiersha","2025-04-07 08:25:43+00:00"
"fcc302978c3304f8c3837e05fff70e2739c518d2.jsonld","https://obis.org/dataset/559e0d2f-0818-4e28-8aa3-c600ea6d4ec7","identifiersha","2025-04-07 08:24:32+00:00"
"fcc4dd4a36054de8f3cc76fc9f0f59672bc5044c.jsonld","https://obis.org/dataset/e815809e-fcb5-4ee7-8edd-639aa4b4892d","identifiersha","2025-04-07 08:23:08+00:00"
"fccaba4a68b024dae3ece7178fa53099a0df2ee1.jsonld","https://obis.org/dataset/d9ae9e68-540d-4fae-be3f-1f58bcf1a3aa","identifiersha","2025-04-07 08:27:48+00:00"
"fcd0d48fa5dd8ecc09666247e249510225cafef0.jsonld","https://obis.org/dataset/44fdd837-036d-4ea7-a70e-cd9bdc6133f6","identifiersha","2025-04-07 08:24:32+00:00"
"fcd14b18cb9e8b87e715a61b14d5d63e60f1f725.jsonld","https://obis.org/dataset/39c96146-953d-4821-8542-faca0611ed43","identifiersha","2025-04-07 08:24:15+00:00"
"fcdb1ef95ac7ba9dd1d5f8387f3a5696aadf72fe.jsonld","https://obis.org/dataset/37ea7432-f767-4e81-8263-6e75f7118070","identifiersha","2025-04-07 08:26:11+00:00"
"fcdc66fbf1e76abe7896b48b0779f13933a524c0.jsonld","https://obis.org/dataset/22f3a057-258d-49b7-8ecf-e5233d53d72d","identifiersha","2025-04-07 08:24:48+00:00"
"fcf573f585de62626e6f51c31676023d480e257d.jsonld","https://obis.org/dataset/38f2df58-b9e5-4ded-854e-fbf37c0be23c","identifiersha","2025-04-07 08:24:40+00:00"
"fcfe7c397dbcaa5aae6e22edc28c9ffe3d1b3cdf.jsonld","https://obis.org/dataset/e80bbf0a-9142-4ee8-8a2b-5a0ffebe06bc","identifiersha","2025-04-07 08:28:26+00:00"
"fd0a12c19072f29eadada2a6d21f26694aa6ebb6.jsonld","https://obis.org/dataset/e6656ef4-aede-43c8-859d-c3364911c5b7","identifiersha","2025-04-07 08:23:57+00:00"
"fd26bd78f1d73649ddc83ade38fdd968cdbf545e.jsonld","https://obis.org/dataset/833957cc-d3b8-418d-b45a-6b185d84a88e","identifiersha","2025-04-07 08:26:37+00:00"
"fd2be0aebe2e2aa0fa43953a03509363db5cada6.jsonld","https://obis.org/dataset/51b75cdd-5cc2-49da-83a3-ee9f79d962e6","identifiersha","2025-04-07 08:27:13+00:00"
"fd31ecf3eeb26cfe43f28663bb700344a358db13.jsonld","https://obis.org/dataset/055f6a15-54c3-486a-8252-9310e556262c","identifiersha","2025-04-07 08:27:00+00:00"
"fd45b71a67cef4f4c6bd0f9e5f3273d6dc5538d7.jsonld","https://obis.org/dataset/612923ff-23e0-4184-8d96-c0870d311b34","identifiersha","2025-04-07 08:27:53+00:00"
"fd4954ecc42aa2f0f406065f64e0aa002483953b.jsonld","https://obis.org/dataset/71536664-8493-415c-930f-f498bc90cd48","identifiersha","2025-04-07 08:27:20+00:00"
"fd7a9edb7daac928f21089bbd9a0973df8ec7a21.jsonld","https://obis.org/dataset/eaae2852-255f-45b3-a345-dfb0bf20e6a6","identifiersha","2025-04-07 08:27:26+00:00"
"fd7f17b699b07d55e50d09b02055eef1a77e6fe9.jsonld","https://obis.org/dataset/2ff00503-d10a-447c-be54-d8a060a4d151","identifiersha","2025-04-07 08:27:52+00:00"
"fd8c0990e34af1bc2a61154c5181294751cb61dc.jsonld","https://obis.org/dataset/0d75d6e6-d632-4991-8412-c6dc70461ed5","identifiersha","2025-04-07 08:23:57+00:00"
"fd946345588c3845d04f372dccb5efc0ee0fd35b.jsonld","https://obis.org/dataset/b2a85900-c527-4904-bdc9-5dbb0bb26c1f","identifiersha","2025-04-07 08:24:05+00:00"
"fd9a7f79d7a3644bc2aa682e191cf4e79a6ea554.jsonld","https://obis.org/dataset/c51fe836-b5e8-4880-9cc2-4a83bc7593b7","identifiersha","2025-04-07 08:25:56+00:00"
"fdaa15b2560c8411fea4304b7773108f0831bd48.jsonld","https://obis.org/dataset/44521999-d6d5-45dd-a0a9-53fa9117fa25","identifiersha","2025-04-07 08:26:44+00:00"
"fdab2c636c5f148b1f21381d969e4fb0d571f7aa.jsonld","https://obis.org/dataset/8f21cfba-91e6-421e-bfc8-b26d45964303","identifiersha","2025-04-07 08:27:23+00:00"
"fdaf442d61f16e6dd53dd8d7452f97fa2d79db53.jsonld","https://obis.org/dataset/c9ef0ee7-2aa4-416e-8ba1-4b7863a67542","identifiersha","2025-04-07 08:26:06+00:00"
"fdb15ca70ea66ccdb12d06d10d384f0028250749.jsonld","https://obis.org/dataset/8b4be972-1287-4e24-aa94-abd7d995b6bb","identifiersha","2025-04-07 08:25:31+00:00"
"fdbdcf88abf40f834949842ae0cf2bc4a6821273.jsonld","https://obis.org/dataset/c2f5a4b4-ad71-4e62-8d83-7706866b92be","identifiersha","2025-04-07 08:26:27+00:00"
"fdc1f6350ae06eb239e9978f8f3e69cfac6d5f1e.jsonld","https://obis.org/dataset/ac446ff8-14f8-4760-91dc-20f7660464b0","identifiersha","2025-04-07 08:22:29+00:00"
"fddae6e6b1d5cc01adb4de417a278ca66fd843a5.jsonld","https://obis.org/dataset/9588aff0-ef50-4ef1-8819-bd0e8aaaca06","identifiersha","2025-04-07 08:27:19+00:00"
"fddb1da3dec70b5d7d8a0c98bfc9da4c3be8f156.jsonld","https://obis.org/dataset/da8bcf38-305f-4d2d-b526-f0e8d2e07dc4","identifiersha","2025-04-07 08:24:02+00:00"
"fdfc2e5ad253da171463521e93d0cd9b90e84153.jsonld","https://obis.org/dataset/5f9b72c9-8d4c-450d-a63c-b54eeed33538","identifiersha","2025-04-07 08:27:34+00:00"
"fe0981c489bf303b905ea15ba3b745ea5456d028.jsonld","https://obis.org/dataset/56f36466-ae02-43bc-bc2f-a0fc02c174f8","identifiersha","2025-04-07 08:27:52+00:00"
"fe202f12e78ecb510d983f8bacd26986a829a1b2.jsonld","https://obis.org/dataset/04830aeb-0380-4d89-9788-1fb7e6e76cdd","identifiersha","2025-04-07 08:25:13+00:00"
"fe2ad036a617a1e910cb42f903626a8b31894bcf.jsonld","https://obis.org/dataset/d8c02629-1336-4080-a8a9-f82922b3e398","identifiersha","2025-04-07 08:25:51+00:00"
"fe513495c6f494ae3d31b93d029807c111872152.jsonld","https://obis.org/dataset/1bb6fdae-3476-436c-a138-1f080a6b4ccd","identifiersha","2025-04-07 08:28:16+00:00"
"fe5368f6d36f1b079649262f2e0aaf1bb63fc0a3.jsonld","https://obis.org/dataset/fba3763c-6382-4a72-8f61-cb6b292bfb34","identifiersha","2025-04-07 08:28:05+00:00"
"fe5b4d8df7098b48dc9c556f6a17849649da1c9b.jsonld","https://obis.org/dataset/19cdf7bc-378b-439a-bf5e-b4c96b761c72","identifiersha","2025-04-07 08:28:38+00:00"
"fe9233b6d2bb48e31dd5e682e3aa55f70be44aad.jsonld","https://obis.org/dataset/e035cb6e-933b-4f33-8f22-5e6739ca9cd6","identifiersha","2025-04-07 08:26:13+00:00"
"fe993ba855f61709a75f14eab44b48a7f667f531.jsonld","https://obis.org/dataset/afe4f593-fa5c-4e03-85c1-44d8effcce9f","identifiersha","2025-04-07 08:22:37+00:00"
"fe9db2be847d552b3926d45004ddc9e0a13160d5.jsonld","https://obis.org/dataset/690c99bb-7ba6-4b69-8b68-aa30e4f19c1b","identifiersha","2025-04-07 08:23:15+00:00"
"fea405511deb115e02f989730f297e876aaa3740.jsonld","https://obis.org/dataset/aee142ed-0e54-4b74-8119-e01cfa1ade59","identifiersha","2025-04-07 08:26:49+00:00"
"fea5633fdc09bd253c106dadd5d0400ddfbe5117.jsonld","https://obis.org/dataset/4e88f9c8-868e-4b0a-bc48-3d409a5448fe","identifiersha","2025-04-07 08:22:33+00:00"
"fea6d7769dd4929cc03c9783e6d1185277c8a6be.jsonld","https://obis.org/dataset/2d282ae5-1a96-412e-927a-2a0883791c97","identifiersha","2025-04-07 08:24:21+00:00"
"feab93eb6a93235ed32cc62313d4ce82d7cbea87.jsonld","https://obis.org/dataset/afab2616-cc64-45a6-b04c-a5354ddec25e","identifiersha","2025-04-07 08:22:49+00:00"
"feafd4f0e6daba07b6666e2d2327306c84a0080a.jsonld","https://obis.org/dataset/c280d31c-f62b-4596-b57f-10deea0a31a8","identifiersha","2025-03-13 23:02:08+00:00"
"feb17ac154f8c8bc9ef94aa80e2b07b31898aa0f.jsonld","https://obis.org/dataset/c998748f-0dd0-4c5f-bb7d-1663ce3dacad","identifiersha","2025-04-07 08:26:01+00:00"
"fec374614bc6d6a02adb30a490c4408244676088.jsonld","https://obis.org/dataset/16c262f7-46a9-4efc-bf12-f8ec2d37e944","identifiersha","2025-04-07 08:22:25+00:00"
"feccf773e06fc5d3c8c6d34f855e3f40be8d95c0.jsonld","https://obis.org/dataset/8ea620e9-37d5-4ff6-9a02-0bc94356c2d5","identifiersha","2025-04-07 08:23:09+00:00"
"fece71699cd28107018ab0d7acc1b3cbf33f91e3.jsonld","https://obis.org/dataset/0d0dd9e9-5d93-442b-a820-51d2027976ed","identifiersha","2025-04-07 08:27:05+00:00"
"fed011288b5716adcf15edcbab6fec194b816970.jsonld","https://obis.org/dataset/e14c909c-d812-4eb9-8c9d-74cf7e654732","identifiersha","2025-04-07 08:26:44+00:00"
"fed98f113d94c302badb8ab90878ded082927641.jsonld","https://obis.org/dataset/157729b7-1053-486a-aa79-1173ed01a895","identifiersha","2025-04-07 08:28:02+00:00"
"feda7590d578d0a7968ed8a10c5ad8cd382b37de.jsonld","https://obis.org/dataset/7faf5339-04a6-4c1d-9770-62c42f8d2934","identifiersha","2025-04-07 08:23:51+00:00"
"fedaf2073f2d51091a9e0cfa4960ed9f18fc591b.jsonld","https://obis.org/dataset/ef974c20-6187-4263-b161-5f83918a395a","identifiersha","2025-04-07 08:24:05+00:00"
"feead87a05b1e4716ea961861652ff57ebd5fcb3.jsonld","https://obis.org/dataset/4c224fea-7e00-442b-a163-3fe82870f93c","identifiersha","2025-04-07 08:22:27+00:00"
"fef6192b24fe4e1c5900a9c4f15a835443d85b3e.jsonld","https://obis.org/dataset/5c0e6a1c-adce-40ca-88c5-f1dfb1e650f9","identifiersha","2025-04-07 08:27:21+00:00"
"fefe2466b044b52b17b762b29e3028cd8a68976a.jsonld","https://obis.org/dataset/ea61c258-8998-45ef-916b-002b53666c36","identifiersha","2025-04-07 08:23:45+00:00"
"ff02fe060fce1ac8bb3ea40ad0a2037cee52f6d2.jsonld","https://obis.org/dataset/aaf06c66-d482-41f2-885a-a5f2b3b932c1","identifiersha","2025-04-07 08:23:30+00:00"
"ff125c14590aad820a9abf16f319b5447b430054.jsonld","https://obis.org/dataset/acd6f1b1-2e9b-48a6-b022-cee41b28f3b1","identifiersha","2025-04-07 08:24:01+00:00"
"ff195532d5e3848e0addbc93e94cf9a6da9d4476.jsonld","https://obis.org/dataset/3a34e8a4-dff1-4bef-bc47-c44afc8959f0","identifiersha","2025-04-07 08:26:53+00:00"
"ff1b153b467f24d8799ee865349626ae6d4015b1.jsonld","https://obis.org/dataset/300cb5e2-4431-4ec8-af71-8c6078305e50","identifiersha","2025-04-07 08:23:46+00:00"
"ff2cc42e5d9d65d8cfb0912a1697a8bb31918414.jsonld","https://obis.org/dataset/96e5e803-2d09-4b25-bc57-29e77f48a945","identifiersha","2025-04-07 08:25:22+00:00"
"ff34dc34f17992e6a103e58fa144ff4fbc542a87.jsonld","https://obis.org/dataset/6dda0310-aa36-4679-b93d-03b881818fc0","identifiersha","2025-04-07 08:26:28+00:00"
"ff50d8b628e4804816a458f70360cd4627a8263e.jsonld","https://obis.org/dataset/517ac935-af0f-4358-88fb-7093015182af","identifiersha","2025-04-07 08:22:51+00:00"
"ff53863dfec4af02ef5778c3225a7ce5880233ce.jsonld","https://obis.org/dataset/d9c9d38f-add2-45dc-a3fe-234f46c1d41d","identifiersha","2025-04-07 08:25:25+00:00"
"ff5e105a21659f451e8c68e1abd8423df412b019.jsonld","https://obis.org/dataset/554826ea-46d5-433d-b2bb-f4000b37123c","identifiersha","2025-04-07 08:24:50+00:00"
"ff5fc9b7abb2f3072b03606ea8248f997b1f3197.jsonld","https://obis.org/dataset/f872516e-c08c-413e-a119-6aadbd899cbc","identifiersha","2025-04-07 08:23:49+00:00"
"ff6c0eada1ae53aaf2e1006ee1dcf74850c77e58.jsonld","https://obis.org/dataset/44b8bce1-0b7e-4f56-bfcf-70c4705b0165","identifiersha","2025-04-07 08:25:26+00:00"
"ff75bcd908ff037086341e9120b18f3981cf4bc4.jsonld","https://obis.org/dataset/c77c9375-3337-4789-a8b4-dd9e28ce71cd","identifiersha","2025-04-07 08:25:20+00:00"
"ff77114da761d7d9408d7b1ea0d0bc32cafe94c0.jsonld","https://obis.org/dataset/4948203e-5c4f-4454-9e49-074f408afb9b","identifiersha","2025-04-07 08:23:09+00:00"
"ff89b4c98d1581768c16ed3c28b0e9dd2799bb90.jsonld","https://obis.org/dataset/5344851d-7639-4949-8d5b-6a6be2035c14","identifiersha","2025-04-07 08:24:07+00:00"
"ff90f15c54e02d23c1cbda4beb59743f89ee578a.jsonld","https://obis.org/dataset/476b8eb8-7cb7-4d5b-a0c0-6d003b19045c","identifiersha","2025-04-07 08:24:16+00:00"
"ffbe5fbe6740d7bd5c0cf19238334db41e52a03f.jsonld","https://obis.org/dataset/728bc70d-0aaf-489f-b6d1-378ac3cb24f9","identifiersha","2025-04-07 08:28:32+00:00"
"ffc4fe89eb799cfec9ff1ae1edb82f78203559c8.jsonld","https://obis.org/dataset/5d084f0c-bda5-422f-82db-0ba087829530","identifiersha","2025-04-07 08:23:44+00:00"
"ffcb5b366cbe85b0d053e63a769c9e4f83ca67f1.jsonld","https://obis.org/dataset/2c4e7f5f-50a4-4a6d-a92b-8382a92617f4","identifiersha","2025-04-07 08:28:19+00:00"
"ffcbf7a24cf2fb3c58b4890957c383cc77db486b.jsonld","https://obis.org/dataset/a595a9a0-642a-473f-8c71-cc535ee29a2b","identifiersha","2025-04-07 08:23:57+00:00"
"ffe4cbe878e8614b805250b9b444835d0633c63e.jsonld","https://obis.org/dataset/5ee60fdc-0e63-4e2e-a47c-95a29266aaad","identifiersha","2025-04-07 08:27:27+00:00"
