#,dataset_id,min(minimumDepthInMeters),max(maximumDepthInMeters)
1,"""3eb5bcd4-5258-48a4-93dd-ae14de6f7e56""",10.9,90.0
2,"""eb82a737-66d1-495e-a5da-2745b5fc0152""",0.01,95.0
3,"""a43fef9a-a8c3-4ecd-ae5d-861894305776""",0.0,0.0
4,"""8a804e2d-e92f-4e1e-880c-98ffcf16dc01""",19.4,40.400002
5,"""e3b7d014-2ea6-44a4-ab17-19da017db40f""",11.0,464.399994
6,"""c49997fd-7f9d-404d-af03-96c36b8dea9a""",1.0,8.0
7,"""c9bf012b-0e7b-44fc-b2af-d036da49489f""",0.0,15.0
8,"""b908eedb-3845-4819-a754-f06997cd935e""",0.0,105.0
9,"""b74b429a-4052-4f5b-bff3-fe0b5a2e8669""",-21.0,9430.0
10,"""615897dc-a685-4335-a581-7e30adeae07f""",1.0,3.0
11,"""7166db26-05a1-4ca7-832b-19af8260f32e""",0.0,201.0
12,"""4462e452-1184-44eb-982c-ca2551931ee8""",0.0,50.0
13,"""f68aab55-9261-49fa-8bf9-e6fe6fa7661b""",0.0,5053.0
14,"""9a2ca2e2-e8fb-4de6-9c7c-a532578494ca""",16.0,80.0
15,"""7a067da3-9c42-4805-a32f-f72a3b880eab""",0.0,70.0
16,"""531637ff-203d-447a-8595-519080144a1d""",0.0,440.0
17,"""88bb5351-cbed-4448-abf8-fdeae8b1abaf""",2.0,3521.0
18,"""7df14e0f-ba9f-468e-a239-0d2032c0676d""",0.0,500.0
19,"""471a8de8-80f8-43f9-9443-88a45712feba""",100.0,8116.0
20,"""80479e14-2730-436d-acaa-b63bdc7dd06f""",-999.900024,10293.0
21,"""1febfcdd-3e1b-46db-b73d-1bbe81ce22a6""",0.0,1421.0
22,"""d52444db-3aee-4ac3-8181-b8952fe53821""",0.0,2077.0
23,"""6126d698-3e12-4f10-8b05-65122298d02e""",2.0,12.0
24,"""3edf0c68-6b57-4843-a60e-51d3c1892db4""",206.0,2760.0
25,"""beab1dcb-8235-4072-85cd-d8c3373e4ae0""",0.7,4.0
26,"""5f2da252-6d49-4c9f-b3b3-1db53d75b345""",5.0,250.0
27,"""58a0fdd1-89d4-471a-9d35-c27ffa7fcf86""",-1.0,120.099998
28,"""34370444-238d-4908-9ffb-73d98e2057b0""",47.0,1.0
29,"""ccd6e783-32be-4026-8ed8-0b9ca265aeb1""",0.5,6060.0
30,"""aa60750c-4921-43e1-8146-7b16aad675ac""",0.0,92.0
31,"""aaf1a74e-d12a-42da-8203-bdd1fe3bd42b""",0.0,500.0
32,"""e6757350-32dd-48f1-a3fe-cd14260dbba9""",155.0,1180.0
33,"""4948203e-5c4f-4454-9e49-074f408afb9b""",3.0,1559.0
34,"""96844ba5-08c1-4299-b778-0db31986b669""",0.0,200.0
35,"""e84dfa50-8642-48df-b691-806debdc44e4""",1.7,28.0
36,"""3e3924b8-8754-433d-8e52-01842d8f04b6""",0.8,21.0
37,"""5d834e18-273c-48ba-91bb-ead0f15a5457""",0.5,41.0
38,"""a48f40d5-b098-4c5a-b001-2f58fe15bb69""",40.0,50.0
39,"""a79db66d-fa41-4a75-8e43-c131050b6df4""",0.0,0.0
40,"""e84e4864-bb77-486d-9940-d784014dd2fc""",0.0,7938.0
41,"""f957689d-e479-4a3a-9e06-d390ff3d44c9""",0.0,15.0
42,"""afb11459-df50-4528-88cd-99b324ebcf8e""",0.0,3500.0
43,"""cd1f299a-929a-4a51-b59e-bd5417d65d9c""",118.800003,2750.399902
44,"""e466439e-6a74-4b50-adc9-4e174e7311b2""",6.5,25.0
45,"""4d4149df-2dfc-496a-b164-967f027730cd""",0.0,0.0
46,"""b052fdd7-f3dd-4e09-97f0-60bc41e48799""",0.0,41.0
47,"""9b7acd33-4a40-4043-9383-e8c73b7ed7ba""",0.0,6.0
48,"""fb95db94-00d8-4068-a100-f5596c8db6ef""",26.0,56.200001
49,"""ab25396e-888b-4073-af34-4868ac1db8da""",0.0,1000.0
50,"""748486a6-fef0-4eee-bdf3-40bba9e621ae""",7.0,11.5
51,"""0ef4bb91-c27c-4e90-b679-c170252dddb6""",32.099998,41.700001
52,"""a2426321-7817-4086-ace6-f16ce16a3653""",0.0,99.900002
53,"""0f17131c-6dad-43da-a559-fa009fdc3c54""",0.0,100.0
54,"""f4db072d-b163-4e58-acf5-1d1a6b4ddbb2""",4.0,130.0
55,"""2c8cc767-4ec9-49bd-814f-0e275f09b3c4""",0.0,28.0
56,"""dd7b09c3-137c-443d-a145-2401f400c441""",0.0,0.0
57,"""22b21edc-6d6c-4d45-846f-27887469f0d3""",1.0,10.0
58,"""dcf57651-a262-47db-b934-78a08b76e28f""",2.0,30.0
59,"""5ace09b6-2033-4227-8772-4382f6ecf103""",0.0,0.0
60,"""723bda06-7421-4669-b25c-3f4f4b9bec78""",100.0,1380.0
61,"""ab06f0c6-3de3-447a-b339-a8517f2c95ed""",15.1,55.900002
62,"""c683d802-a110-4043-95b3-3a20a7c57608""",8.0,380.0
63,"""7c3596a7-6709-48db-aeb8-111ab2ea6c6c""",3.3,21.799999
64,"""31b17f30-52ff-4fb7-9a43-dba1eee8385c""",12.0,1293.0
65,"""b0d7e03e-36b9-439d-9eda-b87b0c614e73""",1.0,200.0
66,"""a4c50c8c-e853-45c5-b5b5-30907ec9a8bb""",3350.0,3730.0
67,"""5cee0d88-c2bd-47fe-9a02-5e1a34af8fb3""",0.0,4631.0
68,"""5ae7ac9f-0347-49d1-b022-7739dda78ccf""",0.0,332.0
69,"""14fa3c3e-259c-4af9-9314-eee1dc3a119b""",41.91,2672.48999
70,"""760ec53d-ee7d-4bf9-a575-fb1bc3bf697b""",5.0,10.0
71,"""c28a98ea-84bc-4930-8d82-778ed7402269""",0.2,15.0
72,"""f4605696-e12d-4329-95d4-48e7ee7b190d""",3.0,54.0
73,"""51c9ba79-4afc-4e6b-a226-538b8bd834bb""",3.0,3.0
74,"""1a653b53-5fe5-4d67-b62c-a69294553304""",0.0,660.0
75,"""bc004aa7-fb6f-433f-a783-5c05b4e2cd15""",0.0,7934.0
76,"""e1ca35fd-bbc4-4da9-a27c-fea1502a4a30""",119.0,2315.0
77,"""bc496dae-96c7-45db-a82b-27d51d1258ce""",3.0,682.0
78,"""46c52e34-73b7-45e6-a2ac-742e4c2058c5""",0.0,910.0
79,"""3cd86c95-eaff-4561-8498-eced07e2a4db""",5125.0,5415.0
80,"""9fd109f3-079f-4836-80df-7848ddeecd47""",31.0,52.0
81,"""7bd0e1a6-dc41-4e1e-abe7-0eec0dd92317""",12.0,305.0
82,"""8a93d04d-ad46-439a-b264-6aa4bdf4eeb4""",3209.0,4485.0
83,"""1f7f1e21-e96c-4ede-bdd6-0b5e79959eeb""",0.0,175.0
84,"""4cf03bc4-0784-4990-bbc8-c25f9e214cb5""",1.0,112.0
85,"""feb3d6a4-39b2-4d91-85eb-e7e98782c80a""",1072.0,3844.0
86,"""8c65364c-8676-437a-a707-d0835d9ff1be""",60.0,808.0
87,"""e437e667-a179-451d-87ba-96ea827dba9f""",12.0,188.0
88,"""f41e98f0-f234-4888-b54e-b25abfb61ae4""",0.0,10850.0
89,"""6d842380-1cf0-4a1b-9b12-f6d1a8d892b2""",1.0,20.0
90,"""cfa6809d-50cf-4f29-99d1-9e9bbf39c59c""",0.0,70.0
91,"""e8c2a9de-09d9-4301-a5f6-9af5eaa1ed12""",0.0,108.0
92,"""9df9e620-d008-4cd2-82d6-aecc6af23644""",8.1,27.299999
93,"""b216687d-99ec-4f86-b28d-276f136a9611""",2.0,33.0
94,"""340cf56f-f494-48c1-9f13-dd1fb3bfbdf2""",0.0,7516.0
95,"""e0de7c96-c16f-4815-b4f4-2d2a24e497dc""",70.0,2420.0
96,"""376b6d39-629d-4df6-95a7-6765f72d8369""",0.0,50.0
97,"""15a20192-5e99-45a5-986a-f6f84b569f37""",0.0,850.0
98,"""39c96146-953d-4821-8542-faca0611ed43""",0.0,0.0
99,"""cd29a231-e1c4-4595-8f06-1cb3c6c18037""",1.2,27.4
100,"""33f39020-dfb7-4d45-bee3-9e3910792d9d""",1.1,29.1
101,"""90b53948-d6d4-4e70-a0b3-73daffbbf01d""",3.0,54.0
102,"""35c130fd-b7a6-473d-a6eb-26618c27824b""",904.0,960.0
103,"""cb4f80b8-ac98-4b22-a4bd-584e20c9de63""",16.0,125.0
104,"""563f7733-16c7-4069-903a-392665f69593""",2.0,962.0
105,"""6f017f69-5d59-4253-b73d-d9338cc51646""",4095.0,4405.0
106,"""ff57ef3b-9a6f-47e5-bab3-745f395275fc""",1.0,26.0
107,"""ea1618ec-00de-41e8-a0f5-56b6f526780e""",-9.0,48.0
108,"""967f706a-292c-487a-a4bd-d477ff5efeaa""",0.6,5.9
109,"""a145f369-b272-46f7-86bc-08412b1ee927""",0.0,11000.0
110,"""409632a9-f7bd-440e-9e22-66c76230b3b2""",30.0,1891.199951
111,"""58459779-1d20-4064-85eb-d11de3e147a9""",235.0,5883.0
112,"""9066ac42-af4d-41b0-8489-cd4c35e92810""",14.0,2200.0
113,"""33452cc4-13c7-4355-894f-4a8833302841""",0.0,80.0
114,"""12f19598-cd7a-4b6e-a26a-633a338606e2""",1.0,59.5
115,"""d569dc61-1e0b-4cd1-974c-7c06bed15856""",15.0,27.0
116,"""4eaf3ab8-463a-4c8d-838a-9b9c6ca4bfd3""",0.0,4926.0
117,"""d185e4ea-16ee-4af3-8487-eaf04dc38d39""",10.0,2060.0
118,"""2570df1d-d55e-4e24-abe4-14857e2271bb""",65.0,3237.0
119,"""c9c36dcc-e0c1-4d1f-b3bc-14dc8ae91b31""",4.0,14.0
120,"""40d53f34-ba5c-477a-a9f7-6b221b17c6ff""",4041.0,4227.0
121,"""30b9ee29-50d7-40eb-8d45-8f9b331754df""",0.0,43.0
122,"""661aee3f-5979-463f-a475-53eb946063b3""",1.8,23.0
123,"""4fd52bef-1d35-4e06-8281-7213b6dde690""",0.0,20.0
124,"""18e09669-93f6-47b9-b50c-60d1f028442f""",0.0,4526.0
125,"""a0aab0e0-797c-4186-b184-804dc79ed934""",0.0,0.0
126,"""03d594dd-3665-49e5-bb4c-a78b1528a8e3""",28.4,38.0
127,"""e4a8f544-db4c-423f-a4e4-812785bd1551""",35.0,255.0
128,"""54d75f8a-0ced-44b6-b35a-d04c9183020f""",-7.0,2000.0
129,"""38c8ff67-7e42-46a7-9fbe-2d4ec402f1d6""",0.0,3740.0
130,"""c56bd06c-f51e-4506-9239-584938c0c880""",0.0,20.0
131,"""81ca9ffc-9cbb-4a48-87b3-191c8b5d94d9""",0.0,75.0
132,"""51c555be-c3e8-49de-9299-6f08f029002c""",2.0,70.0
133,"""a8670051-b02c-4f6f-974d-caddc73b95ab""",0.0,14.4
134,"""46d12be4-1587-4ff8-b5a9-a58bdd379fb2""",3.0,10.0
135,"""20e77c1c-6cbe-43b0-844b-4443fd735853""",0.0,93.0
136,"""e4f6c94e-2493-4608-b883-2e6d88f61bd5""",0.0,0.0
137,"""19731138-8d42-44df-a06a-d99919ffb620""",-12.0,0.51
138,"""fe2e14f5-a1f8-4de8-806f-c1f86550616a""",0.0,500.0
139,"""cf1034ec-9672-4802-8342-9a94609dce4f""",424.0,2567.0
140,"""c0082901-b261-4347-a7fa-4cf58559f397""",0.0,45.0
141,"""6391c5fe-858b-4d84-95e6-795172e8165c""",0.0,0.0
142,"""9db24ef5-0c19-4a5b-82a7-be3a31dec4b8""",0.0,2770.0
143,"""8b438ecc-596d-4096-9d03-b619fcb6a359""",0.0,200.0
144,"""f5a932d0-2f65-4ba8-a36e-42eb33be9085""",4650.0,4850.0
145,"""4e557f6b-5477-46e2-a847-3f12a2ea5be9""",9.0,9.0
146,"""caaa3c28-7b09-4422-a7e5-4c4fac62630a""",31.0,45.0
147,"""753c168c-ba53-4ad0-a5ce-4649fdfc434c""",0.0,0.0
148,"""20ed089b-f985-4a2b-9507-7f14945d5c1c""",0.0,0.0
149,"""cfb33cb9-fa1e-427e-9fb4-9e41080d2aac""",0.0,0.0
150,"""66595f23-6900-4659-bbe1-dfdf2a88fceb""",0.0,3.0
151,"""276b09b1-0e57-4128-a8b1-c15998da3081""",1200.0,3300.0
152,"""78acdd0c-0aa6-4dec-8b65-83794aa64476""",10.0,50.0
153,"""690c99bb-7ba6-4b69-8b68-aa30e4f19c1b""",0.0,0.0
154,"""bcd1417a-c05f-4495-8f79-ca6cdb691215""",0.0,0.0
155,"""dfb911f2-138a-42b4-95d0-37ed041b9490""",0.0,111.0
156,"""f93a5880-533f-462d-8c89-2ff311e9c072""",16.0,3543.0
157,"""be92c271-4640-4086-9e3c-2d47350dccfd""",9.0,204.0
158,"""52ccf89d-12a5-47c3-8b36-e3e9e6212c5b""",0.0,10000.0
159,"""f4d1e85c-a6b6-4497-b5ae-c019bc71a199""",59.900002,394.0
160,"""6acbc1d8-419e-4b2f-963f-0d8770d8297b""",0.0,1041.199951
161,"""ea962cd8-a6a5-4c1e-a2d2-5de6fcc5fbc8""",0.0,200.0
162,"""0bf88234-3f7f-4744-8663-40e647b950f8""",0.0,100.0
163,"""b2ca08e7-2b85-46e6-98ac-ac14a52853a3""",0.0,50.0
164,"""074dec19-0bf1-4570-bb58-7dc4716a093d""",0.0,45.0
165,"""d2fe1f97-a9a8-4911-bb47-2c764ce64fb0""",9.14,420.623993
166,"""6b07e4bb-4bfb-4d38-a2f4-db945248f215""",0.0,500.0
167,"""e548f7dc-7f39-4597-8258-351bfe98aaf0""",0.0,500.0
168,"""3f2b79b2-4c4e-4f12-ab2c-91b874646384""",2.0,45.0
169,"""779199d7-d691-41e5-aa38-4acd4e8098f6""",4036.0,4171.0
170,"""3736d588-2964-4be9-97c4-bcfdd071c2fe""",1.0,15.0
171,"""ab92fefd-8de6-4f37-8493-c1d168c0f10c""",0.3,310.0
172,"""bcbabc5e-a0b9-4ddd-9e0e-dd99f01edefc""",0.0,260.0
173,"""055f6a15-54c3-486a-8252-9310e556262c""",0.3,21.0
174,"""4140aa4d-3217-4693-87eb-e3d344835725""",0.0,29.0
175,"""3f3a3f44-5734-4fa6-a62d-7f1c998a3259""",2.0,19.0
176,"""41dd1b13-c30d-44ce-b4ad-ba0e648b4351""",4794.0,5076.0
177,"""6ca7564e-82dd-42ec-b75a-a4164c3dda29""",3.0,15.7
178,"""89bec5f7-2fa7-458f-a3f5-f77b3b58fdaa""",3.0,45.0
179,"""dde3f81b-dc2f-4fb0-92de-a56fcdf6c63d""",1050.0,7800.0
180,"""cbd9ed79-4fae-42ed-8ee3-00ca6b5028f2""",0.0,250.0
181,"""f504ff3b-0cdc-4145-ac73-2fc9ae2c4784""",0.5,22.0
182,"""ad84df91-addc-47a5-a591-ed4b6b6d9c07""",1.0,15.0
183,"""dfba2240-b672-4759-9171-d269bba44a70""",-3.0,-5.0
184,"""c5e7e55f-2673-4155-a86d-8bd75f84b1c4""",20.0,20.0
185,"""043e4751-b140-45e0-af27-2170b708a6bc""",1.5,90.0
186,"""8d23af49-296a-4777-8e31-8b2c2dedad26""",20.0,60.0
187,"""e525c887-82e3-4594-a3c5-0e238d40c594""",5562.0,5777.0
188,"""74312b5c-a38f-4e72-a8a7-d938dbcd23e4""",0.0,7.0
189,"""238d650e-0f11-4439-b228-87693689676f""",4841.0,5275.0
190,"""bc0e73ce-0335-4a5c-9551-2d702e2d21c1""",0.0,25.0
191,"""0cdfa946-e400-494f-97d5-1282ee22e403""",0.0,2.0
192,"""0aa9762f-8b38-4515-bd49-f287a4feffd5""",4107.0,4363.0
193,"""aefdfcac-74b8-42ac-88c6-ae67133ee4f3""",0.0,280.0
194,"""be61dad8-c6d9-49fa-a203-91898031c1a2""",0.0,25.0
195,"""af0e14af-a5d9-4bb8-8357-82b34e6369c8""",0.0,50.0
196,"""4323830c-77d9-42d9-8341-794480435d66""",46.0,207.5
197,"""4f3ea0e0-3b75-4062-8199-318df5164d4c""",1.0,5.0
198,"""7b4c18af-49b9-4d33-849f-b2c79a3d8317""",0.0,1.0
199,"""7c38fae2-1505-44eb-abfa-44e633dfbdc8""",0.1,15.0
200,"""e2c9ade4-5f4d-44bb-a7ff-b2500e3ee0cc""",45.0,3222.0
201,"""55cdfd04-c597-43c1-9420-c1c2601071a4""",0.0,31.379999
202,"""af047e0f-d9f7-4785-963e-310629a20f52""",32.0,800.0
203,"""06a2ecf5-c1cc-422b-8a94-137995e97f7c""",0.0,0.0
204,"""838de48c-aa45-4771-971f-1f1796f9bf75""",200.0,1380.0
205,"""bb27bf02-86c8-4171-a716-d22a8b9fa9a1""",1.0,2.0
206,"""1f5c0d6a-4018-470d-b6ca-53761e7a98cc""",323.0,643.0
207,"""6951ef75-9c6d-4a89-8c3e-59d73d2c0bf2""",4232.0,5174.0
208,"""9f6b5f26-3127-4061-be4f-27b45795f7a0""",1.0,14.0
209,"""34991b8f-e6a9-4870-812c-7ca24a729d13""",30.0,100.0
210,"""47963083-c127-4cd6-a435-23353b44be94""",7.0,55.0
211,"""09af1850-4be0-4840-8cac-b7088d3cd4ec""",0.0,0.0
212,"""053a0800-c4b6-457d-8ea8-880aeb105b39""",12.0,600.0
213,"""792f35ec-61cc-4b80-b929-429f1e6adf3f""",0.0,40.0
214,"""2add9286-4793-44b8-a00e-4578a7776c12""",2006.0,4825.0
215,"""6eaeb6ae-7ffa-4bee-8bdf-c638c36e9e31""",0.0,8.0
216,"""17a5ef9f-f924-404b-b742-97c4df97a862""",0.0,40.0
217,"""f5005f2d-c05b-436f-9d1a-5dbc186ee4a8""",0.0,0.0
218,"""83b20488-0f08-40ab-8d7b-db32216cd80d""",7.0,91.0
219,"""7fe97cd7-1d94-475a-bbec-144fbee1efd8""",212.0,3732.0
220,"""f8bba1da-59a0-47f2-8b90-b1b6c7ee684f""",0.0,0.0
221,"""31b19749-85e6-44f6-8edb-33abe12b3ec7""",0.0,41.0
222,"""73fe766c-c720-42f3-9b4d-4674380389c5""",1.616081,2208.204346
223,"""e6555856-e776-49b7-b0d3-2a5408433ef5""",70.0,1630.0
224,"""c4b97a90-db88-43c6-9bab-d45298213475""",0.0,0.0
225,"""0a9b3c48-af3d-424f-b175-c8444ce202d5""",0.0,177.0
226,"""d01ca3e3-0004-4113-a4b1-74409e4e82fc""",0.0,0.0
227,"""36a3b726-1080-41ae-a401-81ac5a83457e""",55.476189,697.166687
228,"""27ed4683-952b-4857-b5a0-568c7a88fe8d""",0.0,0.0
229,"""7a4427f6-67ee-4cc1-b95f-3045523420a1""",1.0,20.0
230,"""2d60dbdc-e801-4c66-991e-d484e8b08227""",0.9436,55.183601
231,"""6eee18aa-3e84-4e4d-878e-faae2574b4f5""",256.643341,3412.530518
232,"""955aac04-0035-4627-855f-a2db2c777606""",0.0,0.0
233,"""e40ceb92-0698-4154-83b7-ea763c61a6cb""",601.0,1119.0
234,"""79836eba-9a98-45d5-b389-702f4b3f8f76""",0.0,0.0
235,"""b1336555-5a7b-4a0a-9d1a-18d33eaa921e""",0.0,0.0
236,"""13cc685d-8da5-4c0b-beb5-0e4ba21ac861""",4365.700195,4977.299805
237,"""ca0effc7-48e3-4fe5-b1b8-1c3a46b81d37""",0.0,400.0
238,"""13edfad1-54eb-486e-9711-f9e9eb01eb1a""",2.3,74.0
239,"""5f4a2f3a-1b25-4485-aa82-712c9562f673""",1.24,27.0
240,"""48e988d2-f5f2-4b69-a1a1-6fe06e0fbd29""",0.3,3328.0
241,"""22aa5133-5670-49a8-b48e-dbfbb56c5d9a""",0.0,0.0
242,"""7f4428a6-f463-45d7-b603-43982b0b089a""",2000.0,4850.0
243,"""8bb5f20d-b89c-40ab-b42f-d2b0d581f36d""",0.5,1.5
244,"""6a75e8b1-2412-4aff-9268-e219af09b2d9""",0.0,145.0
245,"""6b4593d1-587c-44a5-8af0-d046ae131b5b""",0.0,7.5
246,"""02be4d6c-76fa-410c-8968-49e5110d38b1""",375.0,2565.0
247,"""82b78486-c781-4959-a2ba-7b320606e93f""",0.0,2700.0
248,"""cef48fb7-f74c-45a6-9871-7c5f346b7729""",0.0,0.6
249,"""2db91196-579a-4f1f-8f1f-4c24a4b6b2c2""",0.0,0.0
250,"""cc2b624b-9f63-4fbb-9a60-d62bb5e63ec0""",4026.0,4299.0
251,"""73741f8a-713e-45c0-a6ba-1be9fa50770f""",4231.0,4425.0
252,"""34776b3e-9a42-450e-8a25-42a050bcbb3e""",0.0,170.0
253,"""7fa1c161-8d37-47ac-9a5a-88f55f28717b""",6.0,6.0
254,"""4f070608-41af-4ae4-aa9d-546d5bfac250""",104.0,104.0
255,"""1f78b466-8207-4f2d-9be1-fad82e10d2d8""",3.2,10.0
256,"""ee591f31-1844-44b4-91ab-57e6b5c87101""",3.0,3.0
257,"""6d5df2d0-f41d-4d92-87c4-8642d5a39cfa""",0.0,0.0
258,"""6e629203-5031-4338-861f-c4488fc82807""",0.0,97.0
259,"""76c7fa0a-b609-401b-8883-95ccbc1dc84e""",0.0,35.0
260,"""9be8f8cc-71e8-443b-91d2-2d09ad517a56""",0.0,14.0
261,"""946a04da-69e3-4255-8dcd-13b5a70b6152""",3.0,118.0
262,"""f9672738-4480-4987-96d6-9e9262ff04f9""",2.0,6.0
263,"""7dd348df-5e3b-4b37-8758-7a01e1234555""",0.0,0.0
264,"""5eafc1c9-9892-4bff-9a8e-8431ad91ebbe""",0.0,73.0
265,"""5fd0a2a6-db76-4268-be7e-6e11209dfab8""",0.0,0.0
266,"""6c853c87-0d9b-49ba-99ff-182a46a0fe1d""",0.0,0.0
267,"""5bb57395-5f90-4c8d-8f84-e2ead1f28a3d""",0.0,4500.0
268,"""caedb284-3aee-4638-b8a9-ce6766992445""",0.0,18.0
269,"""2dc8ac96-9909-49e7-b003-29a0c6fdcf93""",0.0,0.0
270,"""409ce59b-e26f-4196-be98-d79a52c8bf76""",0.0,0.0
271,"""36861ccc-815d-40af-99e6-2e1a4eb1d5a6""",1.0,2.0
272,"""c9ef0ee7-2aa4-416e-8ba1-4b7863a67542""",0.0,0.0
273,"""a90149f7-f988-4014-9c3d-40bfda54b361""",0.0,0.0
274,"""0e353f8d-53eb-4f17-af14-9f7ba021b175""",0.0,1.0
275,"""13df6cd5-b38e-46b3-96c3-f86f8c7d378e""",93.0,508.0
276,"""157729b7-1053-486a-aa79-1173ed01a895""",2.0,4.0
277,"""9c59b690-76b7-4115-991b-a97fa770e465""",0.0,13.8
278,"""b9bfb219-1d5c-450e-9b26-fd377aee8561""",0.0,0.0
279,"""1e7edbca-8507-4abd-8acb-afa15845b614""",3.0,21.0
280,"""b9a715fe-6f21-4520-a1dd-63715a6afcfd""",672.0,5273.0
281,"""ad407107-a13e-46ea-bd96-9279efccf706""",0.0,0.0
282,"""5f499a34-f103-4146-bda1-1880fd8dfda0""",0.0,1.5
283,"""108c84f3-ea9f-47cd-82c1-6b89ea9b292c""",0.0,1.0
284,"""6f0c7e6b-f07c-4fe8-90e1-210b8626279a""",91.440002,182.880005
285,"""086623ff-31b0-43e8-8886-9f8d890b6632""",5012.0,5041.0
286,"""4135dae1-350c-4002-b123-014833048fe2""",0.0,1.0
287,"""8494b0cb-551e-4997-8cce-2f8aa7242b86""",4.0,15.0
288,"""d5224b8a-822e-48c0-bf0a-77821452ff0a""",0.0,0.0
289,"""4432899b-e6e3-46c2-a2bc-3328ee6a2692""",0.0,0.0
290,"""0524da4b-6e66-4338-bf63-5ef2c63ae54b""",0.0,300.0
291,"""8937421c-df4e-467a-9640-98c17baabccf""",136.0,136.0
292,"""f3d7798e-7bf2-4b85-8ed4-18f2c1849d7d""",139.0,4780.0
293,"""d9118970-796c-485d-9d2c-b6853283907a""",29.0,147.0
294,"""db9358a6-7487-4c74-8fd8-9d47c2a3a30e""",2.0,15.0
295,"""ae3a986e-4df9-4e95-a46d-596d3c02a1a9""",7.3,12.7
296,"""d556b9d4-7625-4aa2-894d-441eabae47f7""",12.08,2714.459961
297,"""cc919ac4-9660-44b7-9136-5060ccb1506c""",0.0,0.0
298,"""363961a9-9f45-46df-980b-0b076e66a296""",0.0,440.0
299,"""a54a77db-7b42-4101-8d71-1adec3dd4ed5""",0.0,30.0
300,"""4c033f09-7a21-43e5-a4c6-55842027d141""",0.2,4008.0
301,"""bd91634e-d431-4eb7-a3f7-dc29bf6262be""",0.0,225.0
302,"""14408cc8-5d37-46d1-91a9-d838fc339ff9""",0.0,2152.0
303,"""860689dd-8ea2-4df9-b7e4-c91d8ee49231""",4.0,4.0
304,"""b9915edd-16b0-4aa9-9a0d-3d14574cfb61""",0.0,30.0
305,"""7de27276-f9f7-40a2-bbd3-18512b50fe28""",-0.2,216.024536
306,"""acd6f1b1-2e9b-48a6-b022-cee41b28f3b1""",1.0,31.0
307,"""0ec403c9-23b3-4529-ae51-8a0877f22450""",6.0,63.0
308,"""e8e362d0-93a0-44bb-bd88-a599e3766f6f""",0.0,70.0
309,"""03e33888-23b1-42f2-a0d3-caf759fa858c""",31.0,717.0
310,"""693f6686-3f0b-4f81-8f27-1ae44c17c33e""",2.4,32.900002
311,"""d1001fdc-d4a2-4d01-bcd2-2e122f2ca537""",-9.0,7250.0
312,"""320bc4a4-e0ee-493b-b415-63ea35137879""",3.0,54.0
313,"""eee81b0b-6b72-4963-9f43-ff1631bbfea3""",0.0,18.0
314,"""32b93d97-38b1-4f58-8b75-0aaf786bf55b""",0.0,46.0
315,"""2e9e9830-d7cf-43f3-ba38-12ac06a7c0ba""",0.0,5726.0
316,"""4aaa85a5-6cfb-45bf-9ca4-ca431db88849""",0.0,55.0
317,"""00f136b5-9091-4eb2-a2af-fc2ffb80b938""",73.0,210.0
318,"""aa9787d6-c4db-4fde-8e82-a6234de09e47""",0.75,3.75
319,"""2766a34e-ffd6-4e00-ab02-eccff90ec0ac""",0.0,10.0
320,"""b015ead3-8088-47fa-a379-2be0e68c378f""",257.653778,3407.895508
321,"""3e903597-4384-45cf-a0aa-b098c2987c1a""",47.0,64.0
322,"""15f11e0d-44ec-4cb0-97cf-d2098b72e3a7""",7.0,130.0
323,"""0860ea0a-6f67-4ef9-8f80-3938e55b951b""",0.0,1100.0
324,"""f996a819-8a22-4306-97eb-ca40dee61263""",0.0,137.0
325,"""b4668bbe-4b5f-412a-ae1f-1dae3dedb38a""",0.0,100.0
326,"""17ce69d0-2504-4ae3-bc87-16b096863f51""",0.0,11000.0
327,"""49aa5d2c-29ab-47bd-93bd-57fc25a0c257""",0.0,1000.0
328,"""e0b19500-a6b0-44dd-ba09-f492c4fe4fa4""",3.0,9.9
329,"""e97ffc58-cc04-4a63-9360-440c4441fdf4""",2.5,3.0
330,"""31931936-77cc-4562-a775-b1553fe7ffe8""",12.0,16.0
331,"""b856037f-bbdf-45da-9b43-c7ac1a6c74d3""",15.0,71.0
332,"""3cd94a39-6a58-4f0e-9c74-e044e7a0e737""",0.0,10000.0
333,"""baa93c4a-5aba-4464-8f4f-40115021a35d""",0.3048,29.0
334,"""afd29291-68e3-4c18-8428-958ef71f87ec""",47.0,1354.0
335,"""cce4e3d8-f2c8-45a3-8d0b-0a5a43f59bd1""",0.0,100.0
336,"""e77f1b7f-aa81-4e0c-8e88-8ac436453d7f""",194.0,1700.0
337,"""796780d8-2753-48eb-8dc8-02f16a023e59""",0.0,215.0
338,"""62658cbe-5420-4c6f-91cd-0acb6d8bc03a""",34.0,2333.0
339,"""9d11eb9f-3f83-44a0-8894-a9adf3bb0761""",410.584991,2734.518066
340,"""b0ae29fa-8e83-4218-ba06-80efa0cf82e5""",0.0,40.0
341,"""07590136-0a80-4c78-b6b5-ad107fb56d03""",0.0,4481.0
342,"""287f44a3-d5b7-4efb-8708-809d1a5323ae""",455.0,5429.0
343,"""ee924936-1a03-400d-a21d-16a2a4587bda""",8.5,19.5
344,"""5072e436-41af-4029-bcb4-d2282bb60d81""",1.5,24.5
345,"""e09c824c-cbd8-4529-b382-5306b2b3a875""",1.0,2738.0
346,"""d69036d6-00c8-445c-89aa-f9149cb1de31""",0.0,3953.0
347,"""a5aa7f04-bc65-4921-9058-c02dea97c0da""",0.0,15.1
348,"""5702d4da-3041-4601-94f7-7a2e3c6e722c""",3.0,31.9
349,"""db7e5bbe-3e2a-42f0-8ba1-79984858fde2""",30.0,150.0
350,"""f6dc0532-feec-48db-952c-0d0f5b0fb215""",2.0,5601.0
351,"""7dfd8459-c7ce-455e-9cb3-439f406bd1e3""",3.0,18.0
352,"""80d96759-eeb8-4d68-9413-82425fa582d0""",31.200001,279.0
353,"""5d206e57-370c-453f-a882-b54d517294e7""",0.0,50.0
354,"""2a5e49d6-8c65-426c-8e1a-fecbc92b7823""",0.5,0.5
355,"""0977d7a4-6f1f-48ad-9b9b-0a1cef4c179d""",2667.0,2667.0
356,"""d4091591-a085-4cfa-9734-5f0ecf5564a8""",4.20624,223.113602
357,"""64f705d8-6601-480f-8b0d-b371cf99701f""",10.0,335.0
358,"""411904ba-1c40-47e7-aa86-04f644016825""",0.0,143.0
359,"""3c3f44b4-5fec-48c6-9f0a-d4329d1cc0fd""",2.0,5601.0
360,"""5c2508f8-e945-429f-b091-57b06d71031b""",0.0,150.0
361,"""b545eb74-b139-40ad-96ce-3e9d07d2fd25""",1.0,15.0
362,"""c395ee53-32a7-4ed6-ad70-3ef025004a3c""",0.0,5055.0
363,"""24b24b44-52ef-4f6a-b9a0-5fa20bfeff49""",0.0,560.0
364,"""dfdd80fe-1f64-4926-bc75-a639b6ec5925""",0.0,75.0
365,"""e8f6f42e-0e33-4382-9998-9a178eac3191""",0.0,1300.0
366,"""ef5c8ced-4ab9-4f5b-8e42-d1c6604223fa""",0.0,0.0
367,"""dadd8252-0f72-417a-be62-9bde09e93c61""",0.0,4.8
368,"""de7f2687-89b7-4725-9579-ca2a0fbef6bc""",1.0,12.0
369,"""a56cc5fc-9973-438d-a793-cdfd860bfef7""",26.0,409.0
370,"""d04e6c9d-2c19-4beb-8b52-cae1123542d3""",0.0,15.0
371,"""5db35580-0f57-48c4-b4c0-4fd82bd9cf31""",0.0,100.0
372,"""55013baf-995f-4529-a764-e0c456cf4d2a""",0.1,46.0
373,"""c697826c-1da7-4916-a387-e35008a90415""",71.0,358.0
374,"""03579385-106b-4df9-9b61-393735989db2""",0.0,1585.0
375,"""731e318c-d692-4d6b-b4cc-edff0d385098""",3.0,10.0
376,"""1dcf7423-605a-4e1e-ae02-cc7bc419d18d""",0.0,1000.0
377,"""54bc0e9c-e857-4216-a6ce-46cd6ae58cd7""",0.0,0.5
378,"""0c9db499-759b-46d8-8989-799f9ff9f235""",0.0,7722.0
379,"""2a8ddd06-2a18-4fae-81cc-5f5bfe0ef335""",-1000.0,2.0
380,"""7140a522-1379-452e-a8a7-8841a96fe656""",2.0,12.0
381,"""dee11aa0-8173-490d-8f70-9d3806a8c076""",932.0,4800.0
382,"""28e4230a-cfca-47f1-a530-4f1179307336""",1.0,20.0
383,"""5a4d7cc8-f997-4314-a0bc-df9f9969c017""",5.0,56.0
384,"""c998748f-0dd0-4c5f-bb7d-1663ce3dacad""",5.0,10210.0
385,"""9378019b-6657-4c21-81cd-1d2f19e30065""",5.0,233.0
386,"""4293224b-d280-4264-ab19-30ab5f78c826""",0.0,850.0
387,"""d0544c88-49bd-4141-ac3c-f97537fc11b3""",0.0,0.0
388,"""e8aac3a4-19e4-4940-88d5-f5364c26e1ff""",368.0,2496.100098
389,"""e9afe342-1654-4600-beaf-b96307ae0728""",0.0,0.0
390,"""b4eab22b-6678-4ac2-babe-da03789bb004""",0.0,41.099998
391,"""e39be6ef-3c91-4e97-baee-2b23ea59808e""",3.0,19.0
392,"""8abea506-c7b5-4b8b-a309-74022cf7c4ee""",1.8,24.799999
393,"""d8b738c8-6eda-4735-8136-53630eedab6a""",0.0,2000.0
394,"""99e432a3-9be6-4374-b6d2-91e29d6a5987""",1640.400024,2924.699951
395,"""071a38b3-0d30-47ba-85aa-d98313460075""",0.0,5.0
396,"""65429205-459b-4600-bd4e-e3abe7aeab31""",0.0,4000.0
397,"""cbb0b14b-27f9-4b4d-a650-e55bdb322a7f""",2.0,12.0
398,"""a2c09762-23d3-4322-a910-52bf8a1aa092""",2.0,32.299999
399,"""bc01451e-d990-4ad1-8315-e3fb6e9cf461""",12.0,56.0
400,"""ba239315-1d4f-47aa-a398-5293782012fc""",0.0,1016.0
401,"""f070a9b6-b425-4dae-b7ca-d492b717dcc7""",-4.0,10000.0
402,"""cb68ab7d-191a-4969-9eb5-3c8374b663ad""",0.0,0.0
403,"""b1363fbb-afec-4dc7-85b6-39b8a5ebb55c""",0.0,10010.0
404,"""f325a99c-f6a6-4ba7-96ae-7463a0002982""",8.0,40.0
405,"""1ab6f729-8cc8-4400-8a3a-080a08f42d3d""",1.4,11.3
406,"""b5294df4-08a3-48d6-810e-bd843e84897b""",291.0,957.0
407,"""8c536d29-506c-49e3-8332-28818f175c79""",3452.0,3948.0
408,"""6ced1167-d236-4a60-a783-b0ea06b49ff0""",0.0,4000.0
409,"""b4a5e409-bedd-43a2-835a-b7e374557791""",0.0,102.0
410,"""81903d9a-f9f2-4bee-ab8c-07609b308e6b""",26.0,41.0
411,"""610bd0de-37d8-41aa-a663-393da3cf0c06""",20.5,24.200001
412,"""ddc5a74e-79b0-4ed7-a8de-ceed75bc341e""",0.0,6.6
413,"""afef5da2-614b-4208-aee6-c2413ed5ab76""",0.0,40.5
414,"""6cc9c435-4df8-4680-b921-c1733aa03c3a""",0.0,230.0
415,"""f3019ee2-a2f8-4a5c-acd9-1a546b363a17""",0.0,536.0
416,"""6a74cd8c-19c7-42dd-88c5-b0906b02455f""",6.0,25.0
417,"""57fbd80a-03f8-4ca8-9b7e-b4773b4b063f""",0.0,120.0
418,"""1cf6168c-bc76-48b8-af1f-e8237c897e3d""",0.0,420.0
419,"""ad51890d-cf00-41b7-b37e-a100110ec7b1""",0.5,24.0
420,"""97fe69cf-f3e2-4673-a0ba-0cda26a73d17""",0.0,412.5
421,"""581d43af-bd2f-4f4f-9ec7-81db8ed9c9de""",0.0,0.0
422,"""82a0b489-1b56-4810-a97c-b2866ca0e901""",0.0,38.0
423,"""85459925-17f0-437c-b371-8f3b07976099""",0.0,100.0
424,"""2b99fd91-5a53-41fd-b54d-cb10ec4ab745""",3.0,86.0
425,"""817bd199-eae1-4290-a031-92831ab75753""",0.0,27.0
426,"""6a884ad0-9874-40bc-a6b6-f1e3eaf22e63""",6.0,166.0
427,"""e3a1422d-c3f3-41bc-8ff9-fd293d4fbbaa""",14.0,14.0
428,"""ba32788a-2193-4fe9-b252-01822c3dc924""",6.31592,85.584099
429,"""741d51f3-ab7f-4c05-a245-8ffd17eb97ad""",0.0,1.0
430,"""63bc35fe-a9ab-4cef-935a-56591fa0d91d""",1.0,1.0
431,"""f9979274-f5c3-4cee-928e-7e77b332546d""",0.0,35.099998
432,"""123d29bb-977b-4ea3-9c58-46cf79ed1523""",23.0,23.0
433,"""25085e0c-42e0-41a2-b5ed-2863245dba90""",0.0,2.0
434,"""689b8597-99d6-4979-adb8-c8c72b94d04e""",6.4,93.199997
435,"""d2916eda-91c1-4c15-8dab-51da044595a4""",0.0,420.0
436,"""505f7b0a-f6a0-46be-a867-e74d25b05bd5""",17.0,1810.0
437,"""32305388-2a55-44af-b9e6-2226b16187f0""",1.0,20.0
438,"""f1db48b2-d553-4858-b657-1943f60c59c8""",1850.0,5413.0
439,"""2a851007-1cd8-4f08-9848-d924edbe6986""",1.0,25.0
440,"""7eb2ccad-2063-4ea8-b4e3-164dbc852fce""",0.0,87.0
441,"""fcb93dda-56d4-43a9-b4e4-314bdd7215fc""",0.0,2000.0
442,"""2b75ad47-cee7-490f-ba9a-b7c0d499d583""",1800.0,5552.0
443,"""dea7cdb3-9240-4aa1-849e-a4cfc5841fd1""",0.0,50.0
444,"""4f456f07-e000-427c-b68e-df1b40cb7661""",4902.0,5171.0
445,"""36be7d35-bc96-4ba1-a27b-0b8a0496741b""",1.0,50.0
446,"""e3c48dc5-ab62-4652-a60e-1d05298ef385""",0.0,17.5
447,"""d4ec17b8-fc96-49b9-b7b0-fcdcb588eb9c""",3.0,54.0
448,"""08c65d92-0969-4c47-9f83-0649c635de31""",5.0,71.0
449,"""85194a3f-bbfa-4fde-80a1-95c6cbdabbca""",5.0,208.0
450,"""f3416b37-508f-45f0-a91f-165800611f4d""",0.1,6.7
451,"""c8eecb00-b65f-45c5-b04e-da9bd5dc18e0""",0.0,0.1
452,"""379f8b86-e4a1-4b50-90e3-9b0ff4450671""",0.0,1000.0
453,"""866600af-b319-42ad-821b-d813a2629088""",0.0,15.0
454,"""b81d6803-77a2-44db-8a75-896d8b80d387""",0.0,1050.0
455,"""dc9c4c41-ec01-422f-9770-fb2061570142""",0.0,0.0
456,"""0aec9db9-0a11-43fa-b5c9-1508daffc1b7""",0.0,20.0
457,"""e6307f38-c306-4221-a2f9-40e0fe1d7b3b""",2.8,50.0
458,"""a7a946da-3764-43c4-a84a-ffe8df855b37""",0.0,200.0
459,"""23197597-35be-4dfe-b727-dae6c78d75a5""",1.6,1214.300049
460,"""750650f1-5f72-46d8-a65d-996ee2268fec""",0.0,910.0
461,"""e54ba46d-583f-416a-ba4f-bb388b1de043""",15.0,40.0
462,"""097332d5-d8af-4e83-9f02-4750c1e439c4""",1.0,45.0
463,"""7671ae8a-9202-459d-9afe-4c1e12db6916""",0.0,0.0
464,"""6c80820b-61d2-4c69-9f3b-9564c014e1f9""",0.0,232.0
465,"""d234f781-f1c7-4ca1-b806-ea175dec20f1""",0.0,21.0
466,"""f5b4e810-ebf4-4d8d-8f9a-f771c6197c59""",0.0,0.0
467,"""b60d18ca-25a0-4be2-b3c6-e42bf58140e5""",5.7,32.0
468,"""778be520-efda-4488-9c83-c9fcf371c239""",1853.099976,5030.200195
469,"""01c220e5-fe9a-4412-b3d8-609c41aa69fa""",252.0,4960.0
470,"""2f9a8b1c-1e84-4943-a0b7-d43dd258b18f""",1.5,41.0
471,"""7e86d210-be4f-4c21-81c5-b611b3906e1a""",0.0,2800.0
472,"""bd967b0f-b665-4e07-9739-cae14726dc40""",22.0,40.0
473,"""2f6e3dbd-64b0-4371-9a67-6e98305a32e0""",20.0,1.0
474,"""7bb6b967-24e6-48a2-a772-d16b90e47b7d""",17.0,17.0
475,"""0fd63ab8-597b-4205-b94d-01ae38431cc6""",4120.0,4355.0
476,"""3fa47f4f-8313-4e53-ac92-ca87fc119c4c""",0.0,80.0
477,"""54474b5f-6934-4e5a-a2c5-4ff1c994424b""",0.0,37.0
478,"""df2d175e-83d8-438e-99ef-9067ea32275a""",0.0,0.0
479,"""7694fdc5-fd4e-4106-ad20-edc046cc8618""",0.0,150.0
480,"""8debaccf-a981-4c77-8fad-ffb443dcf1f4""",120.0,142.0
481,"""bb8816b5-a2c8-4935-ad98-1f3c58ba9e46""",0.5,40.0
482,"""3ef6b6d3-3be7-4958-8966-75b32e7d163c""",0.0,1463.0
483,"""9ee7ef15-eeb7-478b-95ff-f31e24951001""",36.0,123.0
484,"""efe02bea-8a90-48f2-bb6b-d65141295d1d""",0.0,330.0
485,"""4467d768-9225-41e8-8cbd-c8c22ab549cd""",5.0,71.0
486,"""7e04563c-49c3-44c7-8660-77ef411c8a39""",1940.0,4690.0
487,"""ca8c19c6-9f5b-45f9-b2cf-fd820d2e2ccc""",4898.0,5166.0
488,"""3c19013a-8190-441a-9d0f-8b908185d87d""",0.0,910.0
489,"""553553ad-fc0f-4a7e-a97f-1a336ac7513a""",0.0,0.0
490,"""2d232bd3-fba6-428b-9910-e2c58aa40dc9""",13.0,80.0
491,"""fd7ade64-1931-4542-a92f-2b9d56ee295f""",4098.0,4376.0
492,"""94ad5f97-ad27-443c-8203-d5e3ba0dd8b8""",0.2,23.0
493,"""b976134b-70af-4608-ae99-9ad599e284c6""",0.0,0.0
494,"""6b40c0b6-0df1-4fea-a2f3-742926ecba0b""",0.0,50.0
495,"""1d92117d-2b4b-4b6f-9602-6e4c7c0bebc5""",0.0,0.0
496,"""87fe249b-e0a2-4e0c-b642-fe5cd1cb78da""",0.0,0.0
497,"""379ebd9e-e257-43f9-b8cf-88e133eb57de""",0.0,0.0
498,"""53f0f94d-2343-461c-b732-8d8c1b8379b2""",0.0,0.0
499,"""98b7293e-6e24-43c8-aac9-8972913008ee""",1309.0,1324.0
500,"""4fbae3cc-5d1b-4b54-933f-258e8cba69f8""",0.0,75.0
501,"""ee0db3ee-3f03-47ed-9964-04b57851da89""",2000.0,4825.0
502,"""078147d3-843b-4a03-97b6-7e71fea816bf""",1.0,10.0
503,"""7b2904d8-db61-4579-8073-db61dcd88c77""",10.0,25.5
504,"""16e83922-555b-47bf-8c67-1171dec70b77""",4.0,17.0
505,"""5cdefe7f-f7ba-4140-b508-66ae2f5cc4a0""",0.0,49.0
506,"""6c98e202-732e-41a6-838b-b542da1f5217""",0.0,50.0
507,"""ba8a24ca-a78b-4fa1-a6ca-0e8fc8026871""",0.0,1.0
508,"""fd17342f-b6bb-4294-b0b1-5495f4fcf25c""",0.0,40.0
509,"""b7f2143c-1e72-4351-88cd-fd170ded09a5""",0.0,0.0
510,"""46223340-a143-415e-8523-68f7510e65bf""",0.0,0.0
511,"""4143a29a-05f7-4b5a-830d-1a48b2b5b4a7""",0.0,329.0
512,"""e19c7a38-8a8f-4c95-be7a-983733ca1069""",7.0,69.0
513,"""ec28374c-a11d-4bb9-89a1-7189127f4fd8""",2.0,5.0
514,"""fa8ee269-74a6-4e52-b576-fcf023e90f9e""",0.0,1000.0
515,"""be8b6264-6dcf-42d1-95bc-cb048ca1fe0f""",0.0,9.0
516,"""747833df-5664-4e4b-ab70-9b5ba2986f09""",352.0,602.0
517,"""48beeea5-60d5-4e11-ad3c-754a4a814da9""",1295.0,3818.0
518,"""f359916e-ba97-4c09-ba61-b84111c56b57""",0.0,1.0
519,"""bf63eaf2-071f-491c-93f2-4c21fb0c46ca""",0.0,0.0
520,"""8120ed63-5fea-49a7-91f7-a9f98f6be8e0""",1.0,3.0
521,"""2a5084c8-3f7f-4925-a9e8-470940427ce0""",0.0,1500.0
522,"""5cc24371-fada-4eba-a048-efb5ee4a651b""",2500.0,4829.0
523,"""a126c30a-ed96-40ba-b0ae-31a1c812e788""",1900.0,5900.0
524,"""981b3f1c-5109-4d2c-8a4b-cf1cfc535f97""",9.0,11.0
525,"""0144c394-a96e-48dc-a9eb-ab418e6bffcf""",0.0,0.0
526,"""a7d1a5be-fa62-4ca4-8f6d-718991b616c7""",0.0,100.0
527,"""3602c484-da4a-4928-a5b1-621c7213e79f""",1821.0,2368.0
528,"""f1ce66ae-a916-4ebd-abb5-f5a40dbc9168""",0.0,1950.0
529,"""02ce202a-dbbd-420a-a7e2-a133d9ab862d""",18.0,2150.0
530,"""30c53413-335f-4f6b-9512-b358cea14de7""",0.0,0.0
531,"""a3e8280e-fc7d-495d-9b76-ded6e8943300""",0.0,0.0
532,"""6ba29642-f089-4a0e-bf49-787233fc9752""",118.0,356.0
533,"""69c18970-017d-4fc9-ae2e-71bf12ae466a""",0.0,60.0
534,"""6051a664-1504-401b-97a8-a3e508abe5e7""",1.0,34.0
535,"""88f140b4-efbb-43f6-bbd9-631174bc5f8e""",0.0,0.0
536,"""35068d3b-e448-4a6b-8571-ff81e4d197a4""",350.0,630.0
537,"""114176b9-951c-4760-b802-bd22f1981185""",0.0,20.0
538,"""481da6f1-e7a8-4e09-afdc-05e6fb9ee07e""",3.0,3.0
539,"""7f683b71-2d9c-440b-b9ac-eb41a46c1535""",140.0,180.0
540,"""32685c85-692a-4abd-a041-89825551b957""",4.0,10.0
541,"""fdde5055-44f4-4066-83b6-4c2b00080eaa""",0.0,0.0
542,"""57847bae-4603-442e-84af-37a94da963de""",0.0,1.0
543,"""61a9e01c-65ed-47e7-9f15-54335f9b75b1""",0.0,0.0
544,"""f32f0bc2-c74e-46af-94b9-815e9dd70c5f""",0.2,3900.0
545,"""d8ea9fd7-1ae9-4f1f-967c-74c2f5066357""",0.0,0.0
546,"""74ff7f0d-e015-466c-9e2e-81cd1ca21d7f""",1008.0,2216.0
547,"""5a967235-7e1b-4bcd-a1f8-cd185d4bc0f8""",0.0,0.6
548,"""81b2d57a-6ea6-46f2-93f7-8aa772731d61""",0.0,0.0
549,"""23070c76-ee0b-4ffe-8956-733c06cd6f69""",0.0,32.0
550,"""c5e9a66a-2c61-4103-ac70-cb69f5861f47""",0.0,10.0
551,"""c120a0c2-faaf-4d80-8e92-6aa08084eff0""",0.0,20.799999
552,"""793a1379-9d03-4349-9b0a-4d9de0b10dbb""",0.0,0.0
553,"""2606c5cb-b926-4c71-be6c-828002941804""",0.0,0.0
554,"""aa1ff1ab-2844-46ec-906e-bae3cd5c360b""",1.0,1.0
555,"""544df27a-216f-4d0d-9cd0-cb19b5088588""",0.0,5.0
556,"""f9676f6f-2d00-4c1c-bb4b-fba2f44acdb3""",0.0,0.0
557,"""0ff0ae1e-ebc2-4e11-9f3b-2a08a6ffb377""",0.5,5.0
558,"""f88d9180-1f1e-414c-b212-5e37f39af8b5""",0.0,3.0
559,"""270f3e70-ff9b-411d-b170-2bc914d83f26""",0.0,4860.0
560,"""f5a4799e-dc24-4807-89d9-01da47d52e3b""",-999.0,6373.0
561,"""9e287b46-3a0d-44b9-8bde-3cbd5c6410ef""",0.0,175.0
562,"""f5392a89-f52b-45e7-91d2-90305c243b05""",0.0,3.0
563,"""210efc7c-4762-47ee-b4b5-22a0f436ef44""",2.0,3326.0
564,"""69be003f-bb8e-4bdd-ac63-6d2dcc119222""",75.0,335.0
565,"""49884da4-2b9e-4cd0-b23d-cc0acbb950cb""",0.0,42.0
566,"""7b7233d7-f05a-4563-8834-1153900a966e""",0.0,15.0
567,"""78f97784-2904-4e60-8aed-defe1e6b4b24""",0.0,1200.0
568,"""2d29f788-fd96-44cd-92c8-ed59dd1947f2""",0.0,309.0
569,"""f1a11336-64b8-46f4-ba10-5095d150039f""",0.0,1635.0
570,"""87c3a8bf-1b80-49ae-a994-91533c6c6907""",5.0,10.0
571,"""9106e863-8a29-4bd2-8983-fe7a071760cb""",0.0,30.0
572,"""fbf4cb59-cef3-43be-b0ab-0dbab5f51740""",0.0,0.0
573,"""7812d226-7630-47e1-bc49-0941187a9a51""",6.0,60.0
574,"""7fe6cf81-4866-4d04-89b1-4f0738f84cff""",1.5,10.0
575,"""4bbfb75e-7b41-4f8f-b475-051d8c21860a""",1.0,19.0
576,"""df6977ea-a704-4c48-bd46-ebbbb95e0bbc""",0.0,87.0
577,"""057d7f8c-5286-4032-aaf9-5ce078833262""",0.0,30.0
578,"""46b1957a-3c6a-4314-b9a0-5de9d1f9ae77""",2.6,31.9
579,"""e5389590-6d7e-4752-b84b-faa2a411db87""",-1053.0,3510.0
580,"""37a99ad5-0758-4dbd-a9d7-374a3db7577b""",-0.8,-0.2
581,"""6d779f97-bec5-40fd-ab17-2686bedf7df6""",0.0,31.0
582,"""3c2cc0a4-15fd-4541-8183-ac4efef8e43e""",11.0,11.0
583,"""897b06c4-72f3-4e62-874c-71787b0a25f7""",0.0,120.0
584,"""2ae2a2bd-8412-405b-8a9f-b71adc41d4c5""",0.0,75.0
585,"""284eecaf-b3d1-4d8e-9768-c9c01ce294e2""",10.0,15.0
586,"""323dc231-2981-4667-9c33-d0816d6102cd""",18.0,1386.0
587,"""4a606f86-2e7b-44a3-b50d-3d55a887a11f""",0.0,5791.0
588,"""364e5a12-8028-4329-be50-fc548c2d6ce4""",0.0,5860.0
589,"""4567d82a-985c-4fca-830f-a1140f644ed2""",0.5,20.0
590,"""bb638343-bbc9-464d-88d8-18d9ba29ecdd""",0.0,0.0
591,"""3e0cb90b-7037-4255-bfd0-222c0a0ed0fb""",14.4,2102.0
592,"""7a950cb1-88cc-4401-9368-1495e64586ff""",0.0,25.5
593,"""002eea41-acbf-4d60-ad84-6f4e3c46d9be""",1.0,13.7
594,"""7fad32f7-40f3-4134-84a8-beca24103910""",1.0,6500.0
595,"""fc9c2fcc-42ca-4cf2-95a7-e45cf1f0a5de""",0.0,22.0
596,"""2a93fe93-2fdc-41b3-b36a-5deb261c02db""",0.0,90.0
597,"""8e1a7146-8eba-4c00-8243-88747d75296c""",0.0,15.0
598,"""aaacf13e-a138-4b75-ba78-0b5136649365""",3.0,54.0
599,"""168f4ed7-0d77-43cb-a6af-e689bb5dedae""",0.0,0.0
600,"""2ca8a7bc-7ef4-4c60-88be-8759d1af856d""",36.0,82.0
601,"""a4257cff-3c2c-4a60-ab29-91f65545bb08""",0.0,3378.0
602,"""172bfa9a-ada7-48cf-aecd-8508c6128b7d""",0.0,300.0
603,"""ee52390c-f419-4bf2-94fc-c0dae6834b5e""",0.15,0.15
604,"""f6b3560e-98f1-48c6-902f-67c141d802f4""",1430.0,5430.0
605,"""ecd5bbe8-8302-40d1-b32b-581fb8a7d971""",0.0,100.0
606,"""a419c8da-35ed-4b62-9709-39b56369c44e""",1.23,3902.350098
607,"""ce92b079-6389-4880-99d8-1a97fb171211""",0.0,600.0
608,"""ab737464-f691-4b72-aae2-1bb70411468d""",25.0,105.0
609,"""d104db68-63cf-4f34-b92a-54bd55a07394""",0.0,6354.0
610,"""48b30be7-10d6-469a-b448-5eb8f5b9ce89""",1.7,29.700001
611,"""98861cd3-daf5-4da9-9eca-d442d652750d""",0.0,131.0
612,"""96f4a5d3-3e3a-4ccb-8343-b1db99074b1f""",10.0,20.0
613,"""1c9e29d9-618f-406c-899a-953c22c36ea8""",0.0,15.0
614,"""9c1aeafd-0a62-4799-95f5-88068b718c36""",0.0,300.0
615,"""6991bdf7-150a-4351-a684-b3e667579012""",4.8,49.5
616,"""a72786ef-6af6-451c-b339-d34d13e8c978""",13.0,85.0
617,"""92d92da9-b1f8-4b32-bcd9-a9690473a319""",1.77,5.75
618,"""38e5dd79-5e2a-40aa-8638-7b72c8acbbae""",0.0,90.0
619,"""5adfc524-d5a8-4474-bc3a-bd97350fec3d""",7.9,41.400002
620,"""d1df1c46-fc03-4c9a-80ee-c7af45938082""",0.0,80.0
621,"""b96a4245-b4a9-4505-a37e-2f076ad42b00""",1.0,6134.0
622,"""0a1a9c6d-24f3-4156-865f-618f50f7e058""",15.0,73.0
623,"""3cecbe9f-f57a-43b9-9480-05e97f6c8eab""",18.0,58.0
624,"""c9d2435b-9da0-4c0f-ae28-69b53d5d027b""",7.0,230.0
625,"""95dcd908-a6b9-4422-a441-42caa46724f5""",1.0,21.0
626,"""6a5bc28f-4dfe-4cbf-8a55-7e3a843997ab""",15.0,590.0
627,"""18e06e2d-1cde-4deb-a60e-4a6423428118""",4.0,290.0
628,"""0c61d911-3b74-4ba0-97b5-eebf411843d6""",1.2,27.299999
629,"""800562a3-5860-44fc-a33d-a36c816f57c5""",0.0,50.0
630,"""a20a5836-2902-43cb-b505-74b281300e91""",0.0,50.0
631,"""e0abae63-ee85-469e-85ee-6eef77750b87""",0.3,245.0
632,"""ed9e149d-0a88-4b0b-9025-477d408b8915""",6.0,10.0
633,"""cd42b44b-2560-450d-88e7-70b5778d0194""",0.0,560.0
634,"""18ca2c17-c652-4cc8-83e3-1345be74f265""",61.0,115.0
635,"""ad475a7a-01fd-4cf9-a15f-4868bb0208fa""",0.0,72.0
636,"""ce3c5c7d-daa0-42ed-9cdb-7100b1274b55""",37.0,525.0
637,"""3b2a79a4-ef3c-4b0a-829a-9bcbc9f00e5c""",18.0,1550.0
638,"""cda0da6a-9a18-4ed9-9077-ed4ad461d9f3""",1.7,15.2
639,"""52d2ab6c-0ef3-47aa-b26a-ead6550510a1""",0.0,60.0
640,"""f2266c00-5361-4628-85cb-49b71761606e""",-2.0,30.0
641,"""0dbae3a7-3534-4993-88e3-a85a408c07d3""",747.0,6319.0
642,"""af8f2254-138c-4e46-b0ef-79394ce2095f""",0.0,200.0
643,"""d9ad4dd5-5fd9-4c9c-9843-bfa04769b4f8""",0.0,5000.0
644,"""930000f4-81ef-421b-8884-042abdf8fbc8""",85.0,1584.0
645,"""82c51e92-e66f-44ca-a02a-b6071c7e188f""",0.0,150.0
646,"""8c9eabd2-e1a1-4a91-b8e2-b66b462c32c9""",0.0,52.0
647,"""365fde5d-61cc-4e0b-b6bd-8ab80c0b034f""",0.0,350.0
648,"""eaf953fd-31f3-424e-b01d-f7746965ae8a""",0.0,0.0
649,"""705770e5-3474-4e69-be8b-3107a0c5610a""",0.0,5900.0
650,"""a2160400-5b14-45ce-b63a-b9b5d97e8de3""",25.0,203.0
651,"""e99a1d29-2986-4b7f-9769-e9f4a5ba4635""",0.0,1500.0
652,"""0f7da8fd-0fb7-47a6-b3a8-10e54caaa6de""",1143.888672,3411.608398
653,"""80aaea0e-fdba-411c-bb52-4c0992638587""",0.0,5000.0
654,"""d28b4411-1710-4b08-9ec7-99b8c68ae4b2""",0.15,353.5
655,"""3ac81162-1804-43c4-b766-aabe2abcc572""",0.0,10210.0
656,"""93c55b6a-0da2-45c4-a7b2-e59102d554b7""",4.0,847.0
657,"""9c8a2ac6-f394-4fa1-981e-227fa7b14675""",0.0,20.0
658,"""01715b55-1899-47f3-bc5b-0be841f0f378""",5330.0,5350.0
659,"""25e116e0-70ad-41a5-a659-cfb16967e1a9""",6.0,130.0
660,"""7967ece3-b59b-4dac-9615-b90cb65773bc""",8.6,136.800003
661,"""48f919e0-150b-4c2b-ae4a-745d39dc4f1d""",0.0,245.0
662,"""6bf16e2d-8564-4a2a-b2eb-d1c9954658c0""",0.0,76.0
663,"""415fc669-4d0a-4b31-8658-bd16c8f08293""",1.7,18.0
664,"""956d618f-91dc-4930-a253-cdf80ddb9371""",0.0,1.0
665,"""ab590832-cef4-4f05-b412-f956b3aa7e24""",6.0,6.0
666,"""08cb3fc7-aa5e-4f23-a3bc-2ef45e5db83c""",5.0,22.0
667,"""6a5cec0f-7a27-4bf3-9cf6-6f2fd768cfb8""",0.0,8.0
668,"""518c8422-0a94-4926-9e7a-42aaf70002f4""",0.0,460.0
669,"""4b40df27-6421-4503-8206-202d14e686c1""",186.0,2037.0
670,"""ed74a4b3-8a94-42d4-8cd5-3d3a45cc0cb7""",65.0,116.0
671,"""3bce3973-42f0-42a6-bf27-e7c0e06aa11f""",186.0,2037.0
672,"""6c32ba39-8852-496d-8520-b82384d3f931""",0.5,2.0
673,"""06b385d1-0521-4a49-989b-c9d227780b6c""",0.0,0.0
674,"""6b0af9db-4b97-40c0-942c-6a7188157c66""",30.290001,37.369999
675,"""6963aa86-a154-459c-aeb0-0496668512f6""",0.0,10900.0
676,"""a8a98929-f991-4407-af3a-40496f47297c""",5.0,104.0
677,"""e43c0ba8-bd91-4db6-ac2b-17059ec30d94""",5562.0,5777.0
678,"""26fb9cdc-1f1a-453a-b074-ad7f395d1122""",0.0,8800.0
679,"""6b5c0712-d9c7-4e2f-b3a8-355ad2539081""",30.0,70.0
680,"""339193fd-9395-4c88-939b-351195608b39""",10.0,30.0
681,"""4312e526-3f49-4291-9ef6-91408686cb7a""",67.0,110.0
682,"""928ef84a-129a-4e57-a484-f13bc9c94989""",0.0,2.0
683,"""bf823e19-82eb-4da6-be39-2daf297d3a92""",0.0,116.400002
684,"""6b41771f-2194-476d-a44e-9194b3cfaeb3""",0.0,0.0
685,"""baa2fd15-8103-4153-acaa-268bd41e5462""",1.0,180.0
686,"""dcb057b5-c33a-4289-b709-2fc75555fcb0""",0.0,6.0
687,"""fd9921f0-e71e-4b28-873d-9f9f6bf09652""",0.0,37.0
688,"""98f8137f-5524-4eea-8ea0-984f81a5153f""",0.0,66.0
689,"""e8f05a82-4242-404a-a58c-bbfa89a6efe9""",0.0,0.0
690,"""9cdcfc4a-791f-45b4-8923-ed2011602e6c""",0.0,3500.0
691,"""2713eebe-060d-4a65-b439-878313a298c4""",0.0,24.0
692,"""3410f695-4bbb-40c3-82e9-1991c30d4d6d""",2.0,12.0
693,"""3e5c1939-d9a7-4f0d-bcb9-eda015f02da4""",2.6,31.4
694,"""2859e656-7354-4b96-bbe4-08719aede5c4""",0.0,5265.0
695,"""74a748a8-5d72-4c6a-8ce3-e64b75d10569""",0.0,300.0
696,"""d53e35de-220e-4ce1-b670-41488d89a045""",0.1,23.0
697,"""32d3fa59-a675-4044-aafe-f360d2a52f8a""",12.0,12.0
698,"""6959c7ad-efa9-4138-8111-d62fea26812e""",0.0,83.0
699,"""82ffb702-cecf-41dc-9314-649c08051ec1""",0.0,75.0
700,"""d9d4a8bd-a571-4081-bec9-75a7d9108b0d""",3.0,12.0
701,"""77041388-7c78-43a4-905d-2426a2da06ab""",26.0,230.0
702,"""d4c39034-1737-4833-b5c8-71de96d06f84""",0.0,150.0
703,"""1662ded3-666e-4e85-b4a7-fe7f103521bd""",0.94,4.44
704,"""2020529f-3220-4f4f-9e0f-bd4edc3df85b""",3263.659912,3263.659912
705,"""7ed58608-0db6-4a9b-a8f1-4527d2002214""",1349.0,1349.0
706,"""8e48c245-e862-4e74-b818-53812c435ccd""",0.0,808.0
707,"""9b38b0d6-7f0a-4a73-b492-746619b6de2d""",0.0,4.8
708,"""fcce0330-1874-4403-9adf-1cc899b59221""",35.0,575.0
709,"""f4870a35-b4b5-4cdd-b665-8b7b2d7fc245""",3.1,22.1
710,"""3d5985a7-d3f1-45f0-a054-9c545f3b5d57""",15.0,71.0
711,"""a71b7b9f-5e64-42cb-9acd-af86c507bc20""",0.0,20.0
712,"""d9c9d38f-add2-45dc-a3fe-234f46c1d41d""",5.0,5.0
713,"""49b938b5-2d5a-43c0-92f9-26354f189f82""",1.7,45.0
714,"""b005195b-414b-4b29-9352-e7522fa8af74""",613.200012,4218.0
715,"""973f10ee-7350-4966-96ca-16b960781394""",0.0,5.0
716,"""da968cfe-26cf-48f4-b6f7-14375ff5fae3""",2.8,50.0
717,"""51e93be3-9850-4fbb-9a07-88813527e942""",0.0,629.5
718,"""413657ae-72f4-4466-b9cb-f5e98230582a""",0.0,450.0
719,"""e5dd8a5d-4f7a-4f7a-86b2-bdc91e7a00a2""",1161.0,1634.0
720,"""8a3aeb36-3d0f-4e80-a962-b41d97254004""",12.0,38.0
721,"""fc9cc04c-d9e6-4f5d-ba39-be3113f9f9ce""",1.0,21.0
722,"""ac8a9514-2205-4cde-86ac-b0732a543fbd""",0.0,1000.0
723,"""b364da26-0d6a-4ad7-a3bf-c88abc5c1958""",3.0,15.7
724,"""9f7105b3-fe54-46ac-b3df-8c66877885c0""",0.0,30.0
725,"""2f257fe1-dc7d-45a6-8218-5995e1574b32""",0.0,973.0
726,"""a82b670a-46b9-4f96-975e-4be51e0bb42d""",163.0,930.0
727,"""00270451-7b60-4a6d-9741-dd102a6c5f3c""",0.0,0.0
728,"""5ae675a3-ecff-436f-b30f-93fd7faa5e2d""",0.0,0.0
729,"""98ea0091-b38e-4789-be5a-9e70f54df36a""",0.0,434.0
730,"""ef7620c2-cf73-41d8-9386-f1fc51893798""",0.0,0.0
731,"""0c6317fc-ea7c-420f-ab09-80928d564650""",4.0,228.0
732,"""db07ed8a-5f8a-436a-8b3c-5d63e93b6d84""",0.0,1.5
733,"""2dd370b3-69cb-47d5-9837-d3f84a65ea4a""",0.0,227.556
734,"""80773cc7-44a8-42b8-a3ad-cc30c5b8f866""",379.0,2564.0
735,"""82c617f9-c5f2-4c2d-bca5-805eaa0d2feb""",0.0,1.0
736,"""6808176f-ffe5-4f24-a7ec-b3fb4b630a28""",0.0,0.0
737,"""288e63af-5f94-43d4-a039-f238b432129c""",1.0,528.0
738,"""ae7f3abc-6bbf-4329-9a53-3819c01d2c08""",5.0,71.0
739,"""de803590-9afc-4340-8fdc-49d5b2454657""",0.5,19.700001
740,"""bfa5e693-7ed4-456c-a276-1a9807d6f27a""",315.899994,2748.300049
741,"""86a09a23-b378-4720-803e-544bf3e5e854""",40.0,160.0
742,"""c7f56175-96a0-4e82-b4ad-3acf55b2b46d""",3.0,230.0
743,"""60cfb9fb-dbbf-4fcf-86a7-dda5343aadee""",0.0,70.0
744,"""6b59bcb8-0fee-4f5e-9f8f-d7257cd4a75b""",21.0,54.0
745,"""413342ff-08ce-4bcc-8450-a1461ba0d704""",40.0,190.0
746,"""448765be-6c4c-4caa-a1ab-013cb20499f3""",120.0,2568.0
747,"""65a3cb9d-2889-400b-a2cd-c0232f87fb91""",0.0,150.0
748,"""d2a2486c-f04f-44e0-8a8c-610ed61d17a1""",0.0,18.0
749,"""7b5fd03c-4e34-45d0-9e6e-600ea003beaf""",0.0,100.0
750,"""a914e242-0f35-4233-a9c5-429f7288631d""",4133.0,5045.009766
751,"""b1fc3357-067c-4d17-9b85-edc5318d3d57""",2.0,15.0
752,"""13977fac-0505-4aad-af35-7d1884933d9d""",10.0,40.0
753,"""570b4537-7517-4543-bf45-94740b6c5af3""",5.0,30.0
754,"""cf9c111c-f61a-480a-ac85-07adfc9fbeba""",0.0,41.0
755,"""1213b891-8517-41cc-a0da-361b5a1fbe16""",0.0,1.0
756,"""7b784592-13dd-4a73-b6e1-2fde041fd19d""",3.0,15.0
757,"""7084556b-d220-4c73-a258-525525bdd6cd""",5.0,17.0
758,"""fd2f7640-4095-40d2-92a8-7b4f09006d65""",0.0,7.0
759,"""01bbd84c-d271-4ba3-ac22-3fcf07701eb6""",0.0,100.0
760,"""6ddfa8ec-14d4-43b2-85f0-e813341cfd5e""",1.0,497.399994
761,"""17f41026-fe23-41fb-8662-d89664dadd25""",0.4,12.0
762,"""e0d98cef-7b09-496e-9a5f-2a6ecaa9b8a9""",-0.5,3.0
763,"""5b32b27c-2042-4521-a010-fa84ce92c0d7""",0.0,0.0
764,"""6495ab12-003e-4b62-a13a-45c9ab5e3811""",0.0,0.0
765,"""c46e6e28-87a1-4464-a44e-d6ab96511580""",0.0,1.5
766,"""b51d6da0-c6a7-451c-afc8-103e7dcced17""",1085.543945,1527.467285
767,"""8b3f3024-45b6-40b0-913d-fbd02393fb70""",14.0,100.0
768,"""ebe4a98a-656a-45df-90b3-3f177375a405""",0.0,10.0
769,"""ea56beb4-68fc-45e5-b975-fc3fedc87ce8""",73.0,210.0
770,"""1ef65960-4f58-426c-870c-5f8767cf7915""",0.0,1.0
771,"""afa5b0e8-826d-4433-b698-beb176ef7880""",0.0,48.029999
772,"""11234afa-7c5c-4e0f-919a-c19242e47d53""",60.0,116.0
773,"""1ed1afd0-221b-4e75-91a0-6447e44b0d2e""",2006.0,5320.0
774,"""858c8d4a-e8df-4c89-9f4d-c6517b4082c9""",60.200001,812.0
775,"""8755c41f-e7f5-4417-bb07-2f1871945fc6""",0.0,0.0
776,"""2befbc59-5758-4406-8b63-3d6e738fa990""",0.0,0.0
777,"""284af94c-a92e-4ccd-8578-3295992a1123""",0.0,616.0
778,"""8a855458-cbd4-4b5d-94d9-d855b5d1a025""",33.0,1500.0
779,"""5ee60fdc-0e63-4e2e-a47c-95a29266aaad""",1.0,18.0
780,"""fd8e9b08-ceb8-4344-8efc-775b2f2004a7""",0.0,0.0
781,"""fecdf302-3e69-43e1-9bf6-77d955416130""",0.0,0.0
782,"""e839da1a-847c-4a51-9692-b65640e9d51f""",0.0,0.0
783,"""53fff777-5dd5-4e5b-8638-aa0396e0513b""",5.49,18.290001
784,"""7a77a216-69a2-45c2-82bf-81cd0e5f080d""",4.0,8.0
785,"""432ed34a-7efd-4a5b-be77-d4719d68c391""",0.0,0.0
786,"""d0f7e8d3-b5ce-4ff6-bd33-2187bb6b8b46""",0.0,0.0
787,"""8590681c-4cba-4857-bf00-3553c31fa1fa""",1000.0,3800.0
788,"""6af36a30-51ee-47a9-b179-7eb12d299814""",0.0,1.0
789,"""72d195ae-dcb9-4bb3-aa4b-1dae298e4250""",0.0,7.0
790,"""ca62bc78-135f-4171-8a66-88d244ccc312""",4902.0,5171.0
791,"""7ec8d5de-29cd-4451-aad2-c7a64d6b1089""",0.5,1.5
792,"""f39e92e9-e1b5-494d-8f91-876600d2926c""",4963.0,5138.0
793,"""4fa60baf-1e04-420f-a958-a3cf63893380""",0.0,84.0
794,"""9fe2e775-30d6-4779-9d8c-d31a1ad31fae""",0.4,30.0
795,"""2e3d797b-69db-4e5d-b4a9-9e1f8d8dbc70""",0.0,2.0
796,"""1db4978f-6b8e-4873-8ab4-63702a8359d0""",7.0,20.0
797,"""f47b3e69-0124-4fb8-b6fd-a655dd2c935a""",0.0,0.0
798,"""8343e123-3d71-4b8e-a112-06fcc27598cc""",0.0,0.0
799,"""680d54a2-3504-4989-be97-581023102d7b""",0.0,5.0
800,"""2727dda4-ce0b-4b8a-9bbc-664b519e55c6""",0.0,0.0
801,"""c67e4372-e610-4e8f-bf25-43d4e885c1fc""",165.0,1711.0
802,"""06bff0de-1ed7-460e-bfc4-25e020c8886b""",0.0,6.0
803,"""6651cf9e-b40f-48dc-a91f-e2e13f7b0891""",1.0,24.0
804,"""a413df1f-a16e-4384-a846-02650d74eefd""",579.064636,1891.859619
805,"""d1277b79-1ca6-49d5-ab3c-2f7346a97e0e""",0.0,27.0
806,"""98b326d9-78c0-40c5-82e1-467dcf4cdca9""",0.0,242.0
807,"""15b142e2-866e-433f-9b2c-e7ea5939bab4""",0.0,700.0
808,"""2ffab513-8007-475f-a5f0-cc4dc2b4f50f""",0.5,6.0
809,"""2ee46af7-fd89-48ac-9e65-8ee4c2eafafb""",2679.0,2679.0
810,"""610d407f-2378-4a70-a203-27f6901d43cb""",14.0,14.0
811,"""d44130bd-f23a-4731-a8df-5db44894fd4b""",0.0,45.0
812,"""81877dae-94bd-42ee-8754-17e91dc7c1db""",0.0,5.0
813,"""7a673089-50f3-4e17-9ad2-8493d261d84c""",2.0,21.0
814,"""b5ee4e05-0680-487a-a4ac-06006359cd50""",0.0,453.0
815,"""e2c4a839-89b5-484f-a63c-df89c2f9f974""",45.0,1771.0
816,"""e168c19e-d9e9-447c-b077-1faa487df4a6""",0.0,5.0
817,"""8acba7e7-2e50-4490-8328-b78a30472508""",-88.0,0.3
818,"""c0c05803-63d7-434d-b7f6-db638d57ab36""",28.0,5860.0
819,"""55fdf3b0-744a-4a29-a81e-7d9884be1a91""",0.0,2750.0
820,"""b84e48b3-7c84-417e-a086-cf9b2def23af""",11.9,21.0
821,"""8629ec33-be4b-4384-933f-a511fbc29967""",0.0,3527.0
822,"""8612623b-aa64-4105-aaa0-50b9bef135ba""",5.0,30.0
823,"""85456d24-06fc-4bb0-bd94-61522dce31c9""",0.0,3.0
824,"""d2caf73d-7e52-4113-b2f6-b89b439a9a2f""",0.0,1059.0
825,"""9c215c9b-8055-4d71-bf86-3ec62618256c""",2.0,2.0
826,"""fda2c3e6-27ed-49f7-a108-3c05b0b653fb""",0.5,247.953003
827,"""51f0f3ff-39a7-4302-ab26-258bfe614975""",0.0,100.0
828,"""a121d740-8e25-40f0-a06c-3e5d0fbac6c3""",0.0,520.0
829,"""b5b9638b-8382-4a0c-9528-a78d3d554dae""",0.0,80.0
830,"""2d2deee0-b592-4426-ab82-503b6bccc00d""",-1.0,370.0
831,"""f6352e4d-31b5-4baa-99e1-d39646043e88""",3.4,50.900002
832,"""74529ca8-3b99-4ee3-96d6-6318b3969043""",0.0,0.0
833,"""e408c07b-408e-43f5-93e2-3957dd80b43b""",2.0,8.0
834,"""af621828-cd91-46c6-b97d-a97a2dc259e1""",0.0,20.0
835,"""be7a16ea-3e22-4365-b066-a0e96c52d2a6""",0.0,200.0
836,"""25a2facf-bbfa-4b3a-b350-a9c2dc3edc3e""",0.0,5300.0
837,"""f6e5b0ee-d645-40fc-a433-17fd8965c941""",0.0,6075.0
838,"""e971710e-054e-43f2-b23c-c149d6c76cb4""",0.0,3915.0
839,"""c1cb71f2-31a1-4343-b82c-3e36171f498c""",6.7,53.599998
840,"""b189bf53-dd20-4229-b3ab-09d94aa9ce06""",0.0,0.0
841,"""a9d8640e-c943-4e24-96e0-28639c2b87ac""",0.0,75.0
842,"""dd27f260-4fe1-44b4-8b3d-3d20a4dca8d0""",0.0,300.0
843,"""dfe411ef-391f-4a4a-b263-3ae5309427f3""",0.0,0.0
844,"""ec6bfce3-b62c-4a2b-b071-0d5856def57f""",53.0,95.0
845,"""dfeee39f-ba60-46e6-945f-ed12c9524709""",0.0,40.0
846,"""23f428d4-9427-48ef-9743-b9ae44240a1f""",0.0,26.0
847,"""070a6395-10a4-4ad1-aa0c-b5227047e8e7""",64.0,1280.0
848,"""bc2af4c9-d294-4a05-bcdb-1dc183e1cad5""",228.0,1000.0
849,"""4419a6b2-6f4a-4196-86e5-7aac9e525b60""",0.0,0.0
850,"""1039a65f-ddea-4c9d-9d67-2d3dcd5f6c5b""",52.0,957.0
851,"""e1a94557-7e5b-4528-a6ef-39e4360bc056""",5.0,71.0
852,"""0fcb583e-e7b2-4bed-864c-f73d2d770439""",0.0,5560.0
853,"""b14abb47-b481-4272-a8d6-d4e2b612dce9""",0.0,0.0
854,"""37406772-0bd9-4647-a699-cabc74a23741""",0.0,20.6
855,"""0332e1b5-5525-4301-9659-ef3da3e4e2b6""",15.0,134.0
856,"""b91d89db-79d6-4bd3-8470-1b1a5d0dbc4f""",3.0,54.0
857,"""9b161b02-0f21-44e7-ac73-0ad7d4c95172""",0.0,3438.139893
858,"""c606c47a-3892-4645-9521-630c9085e59f""",15.0,59.0
859,"""b2f76771-1124-4bcd-8ea6-13c17daf1d30""",69.0,233.0
860,"""3d08e18e-6146-4e27-ab0e-03504a65cbd4""",3.0,96.0
861,"""e2bc5108-1aec-47c3-8063-f070bf48c79a""",3.0,53.0
862,"""d0eeefa4-9d21-4918-a868-7fee1fa863e9""",5.0,107.0
863,"""d50e0443-4d84-4bd9-a5ad-4d417a7607e2""",1.5,33.400002
864,"""92af50ad-c9d7-4fe7-b012-eae0e77233a2""",0.0,397.0
865,"""cae00d2b-18b7-46b7-add4-4e80bd6a2a95""",5.0,20.0
866,"""d775452f-476c-4773-b193-e5ffe78179e4""",5.0,15.0
867,"""5ea15911-440a-4e68-9376-d8524ef62eaa""",30.0,1648.0
868,"""a003e72f-d8e5-4d94-9aed-4bc50862c4ad""",729.0,4011.0
869,"""fa51d189-02f1-4b88-b33a-c10442e70c51""",13.0,700.0
870,"""08124763-5f33-485d-a3df-b6d502989ba4""",6.0,33.0
871,"""5803e1ae-b493-4174-83ed-260363d08047""",0.0,200.0
872,"""dd836bf9-cdfd-4f0a-a356-1e4620c21e0d""",0.0,200.0
873,"""a4695be4-9914-4cc2-ac24-201bd868db57""",18.0,21.5
874,"""059a80c4-0955-484c-ab64-d2f524c7e9bb""",0.0,39.0
875,"""33b5f094-38b0-4ad2-82d8-1e57f9bc291c""",0.0,600.0
876,"""f8ef97b4-23f4-4ec7-8158-87179fc8a517""",8.0,15.0
877,"""35425466-4e93-48b8-9e91-b8a76c026ee1""",5.85,60.150002
878,"""5d632542-ccd1-4dc0-b84a-22885c0601ee""",0.0,6076.0
879,"""fbfda143-2f30-4c16-bf1f-41f96a4b16c6""",20.9,20.9
880,"""cfceb150-bbe2-4efb-8682-14cfc7167e7c""",1.4,21.6
881,"""6493c4fa-793b-4604-88e4-1ebbfc705ba4""",0.5,1.0
882,"""a6e50f41-d5b1-4761-80b3-b690452350c9""",5.0,120.0
883,"""52589ec3-90ff-45a4-b718-57739f03bf83""",5.0,70.0
884,"""ffda777b-ea11-4cdf-b0cf-7919a0a97670""",15.0,169.0
885,"""cdfb6d8d-14d1-4232-aace-35ba00ff9e12""",78.0,2211.0
886,"""9cb316f2-fba6-4d6b-bd38-fe3ce02ced82""",9.14,420.623993
887,"""cf8dde43-858e-4e8a-927f-53c90ab5cd5e""",0.0,200.0
888,"""da08bb1a-19d6-435e-b0bc-90982b22c3a4""",69.0,3095.0
889,"""b56e4c0d-7688-4b09-9a1e-34a9e6430d51""",11.4,56.200001
890,"""717559d3-e4e3-47cc-9fb1-277cf2a614ed""",5.0,193.600006
891,"""c82dd852-a454-4a5b-8515-ece289f382d3""",0.0,80.0
892,"""0e40e8a9-3210-462a-9215-4aff0ee607f2""",0.0,245.0
893,"""4f4d7534-c08d-427f-8fed-9e955c8242ce""",26.48,79.410004
894,"""28ec3ad1-8499-452c-b402-533ebb985fdb""",0.0,97.0
895,"""b74f72f3-cc3d-42b2-aa01-930d5ad4f9c2""",0.0,250.0
896,"""f180f1e9-817b-49f7-b5f4-04e1cc193f48""",0.0,634.0
897,"""5f6e6e4c-0e3e-4722-88a7-e3c0590df38a""",3.0,182.0
898,"""f61bc691-aed3-4de7-ae19-94e10d304667""",0.0,3.0
899,"""9d699bfd-d73a-4b55-b113-6c0a8551f481""",0.0,5.0
900,"""43b58971-4fda-4210-a6ef-654fe0ce226d""",0.0,487.700012
901,"""f0153b4d-22d6-4368-b89f-ea7c8aa56e67""",0.0,3953.0
902,"""aa32f563-b2ea-471b-bca1-5410a17ca607""",0.0,4000.0
903,"""2b3ebd3f-fb41-40e9-94ed-9aee2fbf38ec""",0.0,100.0
904,"""6e6e2c56-c255-44b2-a7e6-00ebcb786037""",0.0,5867.0
905,"""300cb5e2-4431-4ec8-af71-8c6078305e50""",12.0,2076.0
906,"""4afc8df3-31f0-48e9-94f8-534554dbab71""",199.0,4625.0
907,"""67e67ba9-a2ea-452d-985e-6343a7280ec6""",0.0,75.0
908,"""7438886f-08b3-42c2-be14-9641471af765""",0.0,100.0
909,"""d5b382e5-521f-437a-9889-f031b9dc7cc8""",0.0,36.0
910,"""97bdf279-6f78-4ed7-ad9d-27a5886f8ff2""",0.0,5551.0
911,"""55fabbc5-6449-4701-bb5d-4a37270cd3b8""",1.0,1.0
912,"""8dbd0669-92d1-41ef-a5db-527bc6aa1ec9""",1.0,970.0
913,"""a0d5f629-c546-4126-95b8-14d8bc831d20""",0.0,6600.0
914,"""03b75eb2-4672-42de-8211-f7c1daa39648""",1.2,30.799999
915,"""212545b5-65fb-4834-aea4-05207d696a7c""",0.2,1.25
916,"""91fa6e0a-cfb0-43d9-8dcc-588ff31e3e4d""",3.0,47.0
917,"""132078ef-176b-4825-b5d3-2a7592ed913e""",1.0,15.0
918,"""513e4437-9cc7-4383-9a69-1bd18ec2046a""",0.0,0.0
919,"""9c5b3b91-d932-445f-899a-e1446846cdef""",30.0,219.0
920,"""69981465-a3bb-4faf-88cb-0b73ba19b4c6""",2048.0,2396.0
921,"""1518e369-0e28-4734-b85e-bc1c1ed4f00d""",0.5,1165.0
922,"""99659178-978a-4133-952a-1fa821ba8e23""",0.0,0.0
923,"""04e3fd32-b08b-4806-a016-d2dff52ae55a""",0.0,7375.0
924,"""81330b73-f70d-4a58-b54f-b9e1f62355d3""",0.0,1.5
925,"""4d2a31a3-bb76-4ffe-a2f9-817e975f6ba9""",0.0,500.0
926,"""8a7dfb0e-f6bb-41be-a990-7a850b04a07a""",0.0,1.0
927,"""a809e016-e0b9-4a7b-9c45-a823d587cf9a""",3966.0,4647.0
928,"""8cb3a754-1d96-4b48-87f2-05468b9b3aae""",9.0,1270.0
929,"""cdc3abcf-b4d8-4b14-b4d4-70705884034c""",0.0,45.0
930,"""9228a6df-b054-4323-9858-027d7961959b""",133.0,154.0
931,"""0e34a98a-0620-42f4-89f0-494166acc80d""",0.0,60.0
932,"""0a39db7b-5797-4488-9970-5123ae7aad48""",29.0,800.0
933,"""7417551b-9a2f-470e-95a2-c8c79595dd74""",0.0,24.0
934,"""b9e99d1c-94c8-43b3-9075-a51dab157c7e""",0.0,200.0
935,"""a1a5ab3e-81c3-42d4-8655-d1a0f3543b4d""",3966.0,4647.0
936,"""2e653f52-25c7-4f72-9674-fa75ec5dca51""",0.0,20.0
937,"""d71b6687-810e-4234-ae31-386017b5b08a""",0.0,0.5
938,"""86bb1f4b-4f2a-4f58-9b38-f300b0bbb3e4""",7.0,23.0
939,"""7f5f426e-80bc-4f3b-8d1c-697b086287e8""",0.0,0.0
940,"""af8c1d46-8090-4dcc-9853-5c9ee8b7a551""",0.0,90.0
941,"""38aea86e-6cfc-4fe0-b385-dc5bd6192014""",0.0,200.0
942,"""849d1641-b8d5-4aeb-b534-94c2e1a844c6""",0.0,200.0
943,"""d1dd65ec-fc75-480d-ab5d-4a4379603173""",14.0,218.0
944,"""d48a64cc-f528-4a98-80c5-b4b2d0fdb39c""",0.25,3.25
945,"""a047f4a5-e900-435b-8582-c7c8bf73b8ce""",18.0,743.0
946,"""5ea4f836-9e28-4542-ac4a-af10630fbb7a""",0.0,68.0
947,"""7a59f604-00ae-4e27-9178-96f45fb8a9e6""",10.0,32.0
948,"""53e55f20-ff3a-486e-9636-6ec9f0bb306d""",0.0,980.0
949,"""472bfcd1-0629-4ba2-adf9-318618f69b14""",0.0,10.0
950,"""c02f4596-9f85-4909-885b-e502f893b5bb""",0.0,0.0
951,"""0d712923-95e4-4ace-8aa2-6da6c10e54ef""",0.0,0.0
952,"""1c3b71d3-d66c-4aa9-90f4-c10f1f9e9ca0""",0.0,20.0
953,"""c3a74775-37a9-453a-b6c5-b7da0ec4205d""",0.1,5.0
954,"""290b7eb4-8ab9-4b3f-8b10-30f8fa5e4d37""",0.0,55.0
955,"""cce3d3c0-b9fc-4d03-b528-12e75ba4df87""",0.0,150.0
956,"""bdbfda38-c0fd-483c-85eb-4202baff1e52""",0.0,25.0
957,"""c4e73593-607d-4688-9bd7-9234928082b8""",0.0,50.0
958,"""ea759464-5a9d-4b8c-83ce-858e57240d6e""",0.0,165.0
959,"""736a3672-ee50-403d-8e8c-26f615f127fa""",10.0,150.0
960,"""b52cf4cf-6222-4318-9e43-355026336e03""",0.0,95.0
961,"""a74c4b81-bfa2-4714-8d3d-da74177ef1d8""",1.0,4.0
962,"""23b62349-04a4-442e-bf20-8d91dbc03488""",20.0,2340.0
963,"""343468ea-7e09-4bca-acaf-4d23036a2015""",0.0,1500.0
964,"""c7243636-85ff-4c99-8b5e-bb0a7dcb9e78""",0.0,1.9
965,"""cc5adf5c-ca2a-418e-85c1-b017af0bac5e""",0.0,1.2
966,"""35d91dd7-e255-4ebb-b0a2-83d45f2129c4""",0.0,1.0
967,"""45fd60a8-cd81-4d04-b8e0-39c8fa75e4f8""",8.0,180.5
968,"""7137155d-f555-449c-9a9b-28af6f17c4a4""",64.0,2613.0
969,"""93176681-2727-44f2-9b7b-85aab5ce7912""",4231.0,4454.0
970,"""890296ce-bf63-4656-b8de-dc80d5680c53""",0.0,9.0
971,"""f4766a0b-f067-4874-a2f7-b19ade26ae1b""",0.0,1200.0
972,"""1dca5f31-812a-491e-abb4-7b2ac1d1fa24""",0.0,150.0
973,"""3ec6e8d1-385f-4861-99fb-812543171835""",4050.0,4336.0
974,"""b3c42dcb-1e83-43d7-be77-daaccc47002d""",8.0,41.0
975,"""7fe7e03b-be5a-45e9-aeb7-0004c0c036b8""",1862.0,1862.0
976,"""63b89c1d-5413-43a7-903d-93b510da3447""",0.0,12.0
977,"""549fa91f-0b54-4f42-afa5-ecb4597c33cc""",20.9,20.9
978,"""6140c326-839f-4f4a-ac3f-3ad6acbd2f1d""",0.0,235.0
979,"""ff1eca2d-d949-42ce-9cb2-95c26b61d198""",0.0,100.0
980,"""99540296-ee30-4a08-a607-c3521a1036db""",10.0,60.0
981,"""79511c09-9498-43ad-a7d5-a733b9da3be8""",0.0,4055.0
982,"""f2648939-cd1e-4fe5-ac85-400ed753aa37""",0.0,6902.0
983,"""c18842f2-20dd-4ac5-a443-ccab785e1fae""",5.0,71.0
984,"""0b91d8f6-a50e-44e4-b313-0df7f91f7483""",0.0,0.0
985,"""1996d345-0815-4653-b1d2-20daa293aea1""",15.0,71.0
986,"""821a5196-910d-4a48-9479-de456e34e2ac""",3.0,54.0
987,"""103a41ad-c2e8-4881-99c4-75bed7627ee4""",0.0,400.0
988,"""33c1db5a-fd19-4dfd-822c-d82c0487009b""",0.0,50.0
989,"""3a3c43f9-eff5-47f2-ab9a-967f09a5d70d""",0.15,4.66
990,"""b0e399d3-fbae-4f0f-9eeb-896fac9e5a03""",5.0,5.0
991,"""9673fbc4-5be5-468d-ac2f-d575dcfb6d8b""",0.1,11.8
992,"""f260b9a8-72a8-44fc-9ddc-383b7d7e54ff""",1.0,50.0
993,"""67cbcff9-7799-49e1-943a-4e431eea99b8""",0.0,0.0
994,"""e5cfb6a0-cc12-4e66-99e8-fb83cee16498""",4036.0,4500.0
995,"""ebe35c50-d858-48c4-83c1-35e22e695b60""",115.0,1260.0
996,"""286fc9ac-2812-49a0-9f76-f1e59d9777b2""",13.0,52.0
997,"""71bfbe5f-2fa2-4b4b-b8d0-5574d00b5bf4""",10.0,20.0
998,"""4f1bd082-01de-43af-9faa-510eb483bdc0""",0.3,16.299999
999,"""84c3bd45-8350-492c-bddc-9b272ce4cabd""",0.3,29.0
1000,"""b3f4c9ee-51a8-46d8-a4b1-e506e89ddff3""",80.0,363.0
1001,"""4c94cee2-f2f0-4a7b-825a-967bd991ca68""",0.0,3000.0
1002,"""fa37c84a-ae75-46bf-9bae-82ed34b1f911""",0.0,1.0
1003,"""3ab72305-4c52-443f-9cbe-d83c7b947807""",0.0,4.3
1004,"""9c8dff66-f3a5-4924-9839-d604c91c4cd6""",240.0,1340.0
1005,"""165b0831-9538-4cad-85f7-76ffda03fa3b""",0.0,1835.0
1006,"""bb8a2596-a3e6-4d2d-99cc-2680a480d4d3""",0.0,3000.0
1007,"""077952ad-0e37-4ae0-80ff-9f9794d597a4""",0.25,106.0
1008,"""a943762d-9caa-438c-b1ab-e633cd1a4033""",0.0,0.0
1009,"""46a90d40-6397-449e-9d4e-516c08de3824""",0.0,1.0
1010,"""0701925f-50c7-4a44-8e25-aaf1c22c52ba""",69.0,3575.0
1011,"""7cfdade7-d4c1-4b41-8fce-5cc5e7b41cd3""",1.0,15.0
1012,"""c2f5a4b4-ad71-4e62-8d83-7706866b92be""",1.0,25.0
1013,"""f61ec56a-9295-4224-9f70-67a058837ed5""",200.0,300.0
1014,"""90455921-40e0-4c52-b40c-dc0992588569""",4150.0,4166.0
1015,"""ea900c7e-8837-41d7-b4b5-0022356543fd""",0.0,2000.0
1016,"""d6a642a2-f0f0-4844-9d9a-15d9b90713c3""",1.5,20.0
1017,"""f0e99359-8893-4733-859c-2d4cdf94e200""",0.0,2.0
1018,"""04080bb2-fd9e-4b44-8cda-b6db6157ea9e""",4047.0,4255.0
1019,"""63c96b21-947e-4ca9-909c-328dde949e7c""",145.0,145.0
1020,"""c6b9cd54-3c38-4054-b5e6-d331414d5899""",6.0,5338.0
1021,"""68670603-4fca-4b3b-ab33-f50b859e3afc""",1.83,210.309998
1022,"""1f33ac1f-ee0c-408a-a435-eb667e3199dc""",1.5,60.0
1023,"""a11a7cff-6f7e-4d34-8d39-fc86cb8783db""",8.0,220.0
1024,"""75240a03-5f51-4193-84c1-be993fc7ae3d""",5.0,71.0
1025,"""f9822123-91ba-4f3b-a87d-369a7d073b05""",0.0,50.0
1026,"""f1ac4ec4-6133-414a-bc4c-0f215def0cc5""",1.0,275.0
1027,"""a9ce2b1a-ccf5-449b-a17a-cfab796f9e79""",0.0,1984.0
1028,"""127b85e6-bedd-47cb-97f0-fb0f0348b83a""",3.0,30.0
1029,"""c7d062de-eeb2-42e8-843a-7086e0d14420""",0.0,100.0
1030,"""6501a522-3346-45b4-9e54-21f33ccf8bd3""",4026.0,4244.0
1031,"""a4742f1e-c0e3-43a4-8787-6e0e53975248""",1528.0,2505.0
1032,"""15efe174-2943-4915-b36e-7af39c873951""",0.0,4454.0
1033,"""00f3beba-a517-4cd5-ab24-575aa52779f9""",0.0,0.0
1034,"""598bf9a3-fc1d-4b6b-b43a-8d822f7d5e06""",0.0,15.7
1035,"""59e3e2bb-8724-417d-a6be-d9e2d2db312a""",0.0,0.0
1036,"""301cbca1-2cad-4eaf-b275-775ba8400a84""",0.0,40.0
1037,"""2a70e6f3-0e14-46d6-8734-940091927343""",104.0,104.0
1038,"""b4a2c5e2-16b1-4971-94b0-bb5d7dcafdf8""",0.0,30.0
1039,"""a94140fb-fcdb-4999-b6a9-5aa382d558f3""",15.3,23.200001
1040,"""0e6462e3-28fd-4a90-85e2-34718c6d795a""",0.0,35.0
1041,"""d5847ecb-6f9b-4599-888a-461cb26f8018""",0.0,0.0
1042,"""e05e2c3e-66e4-485f-951f-26dff59228bd""",0.0,1100.0
1043,"""7d6d9150-68a4-4aad-8081-29573eadce66""",0.0,46.198875
1044,"""9afe0ed9-4d76-4325-a3ef-45714dc8afe7""",64.0,2750.399902
1045,"""c9199fb8-fd9d-4137-a3bb-63a127977c67""",0.0,679.0
1046,"""d7976b9a-9066-4bd6-8b12-77ffae85d774""",5.0,30.0
1047,"""7666cde7-83ef-4161-b0f1-798770d33ca0""",0.0,2000.0
1048,"""2ef2c30c-5feb-4fa4-8663-171bfda53c39""",0.0,5.0
1049,"""12817fc1-84bd-49d1-a8b8-789e6e73aecd""",49.0,553.0
1050,"""c5f3e1e4-af88-4990-ba7c-e6b7e7151f77""",0.0,5.0
1051,"""9ff05ce0-80c9-4517-908e-8b16800f0e7c""",500.0,2300.0
1052,"""78ed5ac1-78a0-47bf-aa9a-759e1e22fb3a""",20.0,197.0
1053,"""7e242e5a-d2ad-412e-8da7-682e78afc5d7""",0.0,256.0
1054,"""62fddab8-521b-42b4-b9fe-c0f0f3e2bd58""",40.0,1920.0
1055,"""d87007d2-8d53-4c79-93ff-5ebafebbe6bb""",160.0,219.0
1056,"""af015774-471e-4e5f-a061-50e0a74c4bb7""",0.0,0.0
1057,"""dd1b9626-4dc8-47a1-b928-87e0cecea9f6""",0.0,8.0
1058,"""03d022eb-0db0-4d99-b64f-930766a4b4c5""",0.1,15.0
1059,"""eef1de87-e023-4582-843c-943737ccaa77""",0.0,408.0
1060,"""573e9ab1-78d1-4d73-ab42-992ceeed0638""",0.0,0.0
1061,"""057208a1-7eb2-4ea2-b3d9-988605e12229""",49.0,248.0
1062,"""4945cc97-c830-42bd-aec0-036f74937b93""",0.0,4894.0
1063,"""8ce1b2a9-5e10-4498-a0b6-ed65bc9f2e26""",2.0,2.0
1064,"""8378af97-05e6-4734-bf11-a2f9b2d434f9""",0.0,0.0
1065,"""205def75-ff7d-416b-abf7-d12ac8d5d660""",0.0,0.0
1066,"""b55158c9-9c70-4204-ad07-543cffebf518""",0.0,10.0
1067,"""e6c1ee03-56a5-45b6-aa82-25650d010a6d""",0.0,180.0
1068,"""8e3cd1db-c8ce-44b1-bb26-8c06421304ca""",8.7,22.200001
1069,"""eb92217b-a966-4bf0-9cb8-0973b1f94831""",0.8,36.0
1070,"""0da744a6-38cc-473b-a2ea-b44202272036""",0.0,0.0
1071,"""b920c161-c295-4a73-b9a4-96ab1ab0b357""",2497.0,3679.0
1072,"""3afa6b1c-0084-40eb-9bf4-56989286b063""",0.0,0.0
1073,"""16fbf0e3-a1bf-4541-8b04-bd354678f276""",18.0,4000.0
1074,"""9bc7507c-1513-4d8e-bcae-a8789821d574""",5.0,585.0
1075,"""33bd3b4d-12fc-4041-bae0-f0e053a4090b""",0.0,0.0
1076,"""9087a3e9-4982-4233-b3b0-81ebb945092f""",3.0,150.0
1077,"""c0f9a1b4-81f8-4b74-9a90-a6b42715a170""",0.0,0.0
1078,"""d94cf346-7aa9-466c-8b21-6a435e634897""",0.0,0.0
1079,"""87185722-cec1-49e4-82b9-509f065e5e54""",1.0,1150.0
1080,"""473e9343-66e6-43e3-9e16-b56817578a71""",0.0,0.0
1081,"""50e5cf86-3bb3-4e77-b895-0df2ce025a2e""",80.0,1000.0
1082,"""8665163b-9163-4af2-8ce8-fbe5c9388bcc""",4847.0,5159.0
1083,"""a7e4c440-295f-4fc6-bd95-ddec607d2751""",0.0,12.2
1084,"""283f7dbc-7ea1-4f02-8b94-6bd037ce5b5e""",0.0,0.0
1085,"""199ecfcf-03ba-44b6-9cea-f7d4030dac75""",1647.0,3589.0
1086,"""c519ab56-ccae-49f3-b460-e0d63e32a44a""",0.0,0.5
1087,"""49c38017-decf-4e04-8c1a-0a54fd3fa0e9""",0.0,0.0
1088,"""94733b9b-61d0-40c3-8577-440dd4cb2c41""",133.0,133.0
1089,"""a410a638-2b80-4f66-a0e3-87b9cb280423""",0.0,0.0
1090,"""2677d3c2-d098-430e-bb5f-02c6feaa7c5f""",0.0,3.0
1091,"""ca9998bc-b371-423c-a73e-de2e9e127b96""",0.0,0.0
1092,"""8294999d-3dcd-46d7-90d1-0784a82b614d""",0.0,2.0
1093,"""816c6814-6579-4945-abd1-5e028901d444""",22.0,2200.0
1094,"""16d777d9-156a-477d-b9da-100fc433d43b""",0.0,7.0
1095,"""6a2c5c17-40cf-444f-8fda-c78fa257116f""",0.0,0.0
1096,"""39482a9d-8fff-460b-94b9-00214f57223c""",0.0,0.0
1097,"""43ccce83-1c48-42ee-8d44-cc84175f635c""",1.0,1.0
1098,"""2ed3cb38-e033-491d-95a7-5ae37f1f1904""",2.0,2.0
1099,"""e80bbf0a-9142-4ee8-8a2b-5a0ffebe06bc""",0.2,1.0
1100,"""64d5206e-6823-410a-a327-4913588a251f""",1.0,30.0
1101,"""45980cd7-a095-494b-89d9-4ccdee46ca0e""",208.0,4460.0
1102,"""0d4d29ea-c213-47d8-b48e-7ab7ca806290""",90.0,100.0
1103,"""ea845d5b-a60c-4669-86e1-5124583d614f""",14.0,1650.0
1104,"""ec3076fe-6f5c-4e62-99c1-737f6e73399e""",355.0,430.0
1105,"""c3f4ad36-dd99-4926-a499-d62ac678313a""",0.2,30.0
1106,"""230754a0-ccea-4c10-92a8-568f91d48647""",1.0,1.0
1107,"""b75c9982-d219-4156-8364-b9343f8b43db""",5.0,130.0
1108,"""215e52c6-3ec2-41a4-97fe-5d44c900f869""",0.0,2000.0
1109,"""c7f88ec8-1602-4fa1-83dd-46134d97a136""",0.0,0.0
1110,"""210f1cc3-ac90-468e-9701-67cfae734ac6""",0.0,25.0
1111,"""d0dc72dc-0a2c-42f3-8ef8-e9c21e0d9b76""",4.0,12.0
1112,"""152259dc-9c20-4c1a-9644-8e4b509d4f73""",41.34,2754.120117
1113,"""cc8f28ce-e48d-4945-abfe-9d150a22dcd6""",0.0,3200.0
1114,"""b13cce4b-3894-4e89-82e6-aefa341ec2f7""",0.0,90.0
1115,"""27530a2b-da53-4f3b-98b4-83d4b3e73082""",10.0,50.0
1116,"""06aaf685-c9db-4ff0-b45f-bf7b78df1c2f""",10.0,16.0
1117,"""46389886-a09c-4cc4-bd5b-76ada2157a52""",0.0,6.0
1118,"""e981eab6-f849-4891-8fac-495852829456""",5.0,10.0
1119,"""17e27612-3f11-41b1-8080-bbbc886145e4""",0.5,16.0
1120,"""28994fa2-d07a-45c9-84b7-3fff3d728f4b""",0.0,750.0
1121,"""0724e96a-c4b4-4ab9-adde-ab6bf621b616""",10.0,53.0
1122,"""5b9d8c82-3fdf-4aa3-8eaf-5399902a84ef""",0.0,100.0
1123,"""efa02fe9-6b5b-4173-85e7-912f71921fe7""",1.3,6015.100098
1124,"""50903a57-ee9f-4367-b2cd-0b36dcf4a6ad""",0.0,6979.0
1125,"""2647b5a1-85b7-40e6-ba5d-af8bde46384b""",68.0,5875.0
1126,"""76e20e5d-0bbc-4a0f-90c7-598a3edd4258""",0.0,9.0
1127,"""386ac1f4-922d-4991-ada2-0ce50dfd3ba7""",2.1,53.200001
1128,"""4d8f1db5-182b-40a0-b73d-edd8edd50469""",1.1,25.0
1129,"""7f29807d-c940-4136-9ccd-3baa1e7e9bab""",0.0,440.0
1130,"""1a88b55b-84b7-4b22-ba1c-b845a8d73e1a""",0.0,15.0
1131,"""52e0bb96-d262-41ee-b586-88f4b6242a13""",0.0,20.0
1132,"""3a610615-e7eb-4cd7-8cdd-502debf1589b""",10.0,10.0
1133,"""d6d09a68-4349-49d7-9991-474fb75578e0""",0.0,341.399994
1134,"""2e2b587e-6425-4a75-9dd5-c64c43a77dd9""",1.5,11.8
1135,"""01222525-5c04-4735-8eaa-d31533a48c4f""",2.7,29.200001
1136,"""2c001849-8854-43dd-889f-7130f9335dce""",78.0,1258.0
1137,"""7d73a408-cb0b-48d3-8b08-ae1f25b0b729""",8.0,95.0
1138,"""c4e7e0d6-aef2-480f-8157-134bd1c6b229""",12.0,71.0
1139,"""4e88f9c8-868e-4b0a-bc48-3d409a5448fe""",0.0,0.0
1140,"""dc590428-7a0e-4272-985e-b5ad279a245a""",0.0,250.0
1141,"""b8d469aa-36d8-48e4-b9a3-3e532b1fd228""",2.0,230.0
1142,"""12f5c03c-dfb9-48d0-adf9-e94b5dab00c9""",0.0,33.528
1143,"""31d93350-097e-456c-8e12-8af658c1107b""",0.0,5850.0
1144,"""e32ff326-333e-46c3-87c4-7641aad2fc9a""",2.5,19.5
1145,"""4bdc1f6f-e16a-48b4-b995-b51bd41caa8d""",228.0,1937.0
1146,"""512f12ff-d7f9-49d0-b9e3-b9ceb68d837a""",0.0,0.0
1147,"""4cfae7c6-13a8-4ed4-9a91-3ea4aa64c3c3""",1.0,31.0
1148,"""d9beb060-107c-477a-8807-d1c4ec04aee3""",0.0,0.0
1149,"""27f7853d-48c4-4365-8b0b-158d8fffb7c7""",137.0,5032.0
1150,"""47ce299b-31ca-49ba-87bc-e21fa37258b7""",2.0,90.0
1151,"""c475545f-8fe7-4541-9583-6d609164c871""",3.0,53.0
1152,"""3372a229-1200-4229-a531-220c6c91ac07""",2.6,29.700001
1153,"""23f104bf-b4c9-4144-955d-121c583f20d2""",0.0,6310.0
1154,"""ba2b1f6b-20ef-4968-a63f-264aeffb4d37""",0.0,125.0
1155,"""b028c32d-98bc-49dd-b2ae-038d9bff101f""",20.0,20.0
1156,"""2caa1720-388f-444d-8031-783117fd9f36""",1.0,12.0
1157,"""0a68ba8c-1cff-4706-a031-d3da24eef83a""",0.0,41.0
1158,"""8e256f62-1a2b-465b-9709-dab15fc4bdb7""",1.0,18.0
1159,"""4a4bc032-e738-4102-b67f-445578b656d9""",15.0,35.0
1160,"""747eedb6-dca9-4c9a-849d-618bffeaa18f""",10.0,60.0
1161,"""1ed6515b-6587-448b-8987-1646acbb4641""",0.0,200.0
1162,"""12a9b8a9-845a-4dba-8f64-6a6fe48cfe44""",0.232,6.1
1163,"""c71febef-1155-47c8-a9d1-bc46f911d2e9""",2.5,12.4
1164,"""1931f1a3-0b4c-4a72-9721-78f9270455f7""",0.5,1.5
1165,"""443fde8d-61ca-47d6-8246-1c150d5e6166""",8.5,13.0
1166,"""505417d2-d322-4074-b52f-a45cdd35c399""",1.5,8.5
1167,"""5db2ffe4-8764-4647-9271-467192832793""",0.0,4750.0
1168,"""2e64d936-f31a-4dab-a40b-41422870e37c""",0.0,10.0
1169,"""4fd95328-42c6-44cb-9347-64282f4946d5""",48.0,3610.0
1170,"""e79bb430-0145-4b13-bcf9-89024cfe64ee""",4.9,34.400002
1171,"""969cc685-b8dd-40ac-9419-7ec65a50820c""",7.0,198.0
1172,"""c75ed3c5-f376-4115-8a5b-54a6dfc369bc""",20.0,2340.0
1173,"""10b213e6-a9c4-459e-a40c-ef9edc461b97""",-2.0,4011.0
1174,"""97a463ca-88d1-4a69-86cc-7ef98bfda4f3""",0.0,27.0
1175,"""92b694e1-1534-4d37-8e11-3c2c6d2d5edc""",0.0,200.0
1176,"""3a0479b0-1dcc-4026-a02e-2672a0181fe7""",70.599998,209.0
1177,"""6674b962-d4ba-4379-991a-6989a9983191""",0.0,482.0
1178,"""f7e3baa2-48c9-47d9-9219-0a457615d610""",11.0,1482.0
1179,"""bc699d5e-059e-4a45-bc0c-18a0faaa295a""",27.0,390.0
1180,"""7686d78d-fe4f-4e22-81d1-18197b5f76e3""",3.0,200.0
1181,"""d6fcd171-ee34-4fba-b03f-78290accb814""",1.0,1.0
1182,"""0b3b51a1-35e8-424c-a33f-7631d16397fb""",-1.76,-0.51
1183,"""2a9b0eb5-8000-44e9-b985-be11c228e343""",0.0,0.2
1184,"""4c130a18-8fa7-4cae-b710-00da365d7f34""",36.200001,82.800003
1185,"""f17d8dae-4125-4a45-a491-81f8d018e19c""",0.0,1020.0
1186,"""726e33e7-6415-45ae-9d20-7c9a60e01343""",0.0,496.0
1187,"""1764b492-c904-456e-bcf6-bedffc86a10b""",0.0,1000.0
1188,"""9a4a4965-94de-46c4-9c35-fe3e815dcc23""",9.0,168.0
1189,"""dd67ceb5-86b4-4841-a223-e668c1909dc6""",0.0,200.0
1190,"""ae5e77ae-4df2-4559-9493-43be535d250d""",1.0,18.0
1191,"""f8c046f0-e8ae-49f5-b94c-f78809a8b7dc""",0.0,2942.0
1192,"""df52b4e0-689d-48a8-b325-5c641e17c060""",1.0,120.0
1193,"""4b6cd9a9-a8eb-41dd-a08f-3283a2bed347""",0.0,37.0
1194,"""7da03e8e-e9b8-40f3-bf15-ce8113dd8038""",0.0,1938.0
1195,"""6f44d12a-ce3a-4589-9b3a-69234ee207d1""",9.0,686.0
1196,"""36693923-2abf-4237-8154-8016f32844a0""",1.0,28.0
1197,"""d6d6fe4c-425f-4ce7-bf28-7a6befaeb413""",0.0,6500.0
1198,"""679cb1fa-3d8d-4f22-bab0-8ca2971a96ce""",0.0,5340.0
1199,"""f378dbb6-0513-4a1b-81fb-075a985fef97""",0.0,32.0
1200,"""b0a7add2-dd9e-4020-9ca4-5df048c8f6a2""",5.0,5880.0
1201,"""b7361f4f-d299-448c-9b78-c40aaaed7a69""",0.0,0.0
1202,"""2f2436fa-7f4f-473e-95cc-4caaba46744c""",7.0,7.0
1203,"""5e5197d2-8a17-49c3-9197-758091a2cc48""",0.0,100.0
1204,"""88f8139e-37a7-439a-9de0-10aedd9a75a5""",1.0,1.0
1205,"""5eadc9bf-ceb9-493f-ba9d-04e62870766e""",0.0,35.900002
1206,"""57137253-09e7-4987-9ef5-36dd03e8b981""",2.6,29.433332
1207,"""26866583-f350-4d53-8fc0-c3eabb886aa5""",0.0,78.0
1208,"""accd827e-e428-4262-b289-be8064e0434d""",2274.0,5194.0
1209,"""28b3b579-c7d1-43ad-8cf6-3e5d6b3b2016""",-0.4,25.6
1210,"""46e3d7b1-12a6-4386-965a-85d1daf68e20""",0.0,15.0
1211,"""bf7eff1d-ac5d-4796-a887-cd9789e63668""",0.0,155.0
1212,"""b1cb8e5f-17c4-4bee-bead-8cfbad831dae""",40.0,115.0
1213,"""cd902fc8-f52b-4bda-95b8-a6782c1d0953""",0.0,4500.0
1214,"""625a9e72-e783-46fc-9248-60a7cfbc9ce0""",12.1,106.0
1215,"""e72b87e0-6a52-4e94-a0b0-f0401d41841f""",2.0,5330.0
1216,"""189997cf-a752-4ec1-8e36-cc1f61c28049""",5.0,35.0
1217,"""5080b123-3bcf-4be9-85cd-39eb81940fb1""",0.0,5339.0
1218,"""56b8f5a4-3912-4be7-9cbe-ef46e3e4946b""",0.0,7.2
1219,"""0edaa9e1-af7c-4baa-bf11-5e1c7334193d""",2.0,13.0
1220,"""a03764a6-2035-4dac-9def-0136df8936de""",1.5,25.799999
1221,"""10db7356-f05f-4b72-96c2-0fbf0490f8e8""",0.0,125.0
1222,"""8a361a70-efcc-4eef-969e-d5049c026861""",0.0,21.799999
1223,"""554826ea-46d5-433d-b2bb-f4000b37123c""",12.0,40.0
1224,"""3fa28b9b-9117-4e17-b77d-63de04622f3d""",0.0,150.0
1225,"""3f424661-13b8-4008-8600-091bf43037ad""",0.0,0.0
1226,"""1519005f-c8ca-43ad-85f9-2575d5ecdf82""",0.0,0.0
1227,"""b58c4257-5756-4090-b15d-e33d1f0d85cc""",0.0,4.6
1228,"""56e153b6-9480-4bd6-8875-f3871d41dcc8""",0.0,0.0
1229,"""2989b6b8-51bb-4591-8d65-d1c72269fa5f""",37.0,77.0
1230,"""2dffebfc-8132-445e-a127-3a360208a7b3""",7.0,150.0
1231,"""0e8d9174-1341-44ae-9dd1-9e89f558a2d9""",0.0,0.0
1232,"""d915a4e2-9263-4bd3-b827-2ebccd293bfb""",1.82,3.65
1233,"""18eaa38c-8581-4570-a979-365b70b8db6b""",0.0,10.0
1234,"""4a840d4b-75c5-40aa-8414-446be8dad50a""",235.0,2194.0
1235,"""f8d7fcf4-1b2c-4a11-a7c1-7b41fa04ad67""",540.0,4273.0
1236,"""b3c3d0d0-ae60-4fae-86a6-5337710d4924""",211.0,2080.0
1237,"""0001aa41-e3e4-40a0-9193-9a5c81c627bf""",905.0,5025.0
1238,"""ff52e479-540a-46c2-bf6e-d93e3d35440e""",2.5,60.0
1239,"""547594d3-8bb3-46de-ba09-1e1f0ed6d629""",0.0,1000.0
1240,"""1d3d2e69-3256-44c4-af75-ca6491f795c6""",0.0,27.7925
1241,"""055a97b8-3a3a-4f68-8bbe-f9dab0646d32""",5.0,1000.0
1242,"""696d20b7-1cf8-4b81-b57c-6c99acf772d5""",0.0,4276.0
1243,"""c9d0624e-0bf4-4044-a828-9a25e81cf587""",0.0,10.0
1244,"""3dbbeff2-2801-411f-80e5-438222f1aaa4""",1.0,1.0
1245,"""b8c8ca99-a5f7-411d-a6a5-35eac32f8293""",153.0,1772.0
1246,"""f46e2ed9-e659-4fc5-b660-7e60ecfaf363""",0.0,5.0
1247,"""0fe15290-30c3-4caa-a8e9-0c194ff6b84f""",0.0,31.0
1248,"""62b1e8fb-fb6d-461a-870c-a6445815112d""",0.5,7.0
1249,"""d1b61ade-eb7f-437d-ada1-1cf2298ef4e9""",99.0,1075.0
1250,"""b795fd5d-71ab-413f-9bb6-90d803dce53c""",0.0,30.0
1251,"""4b268c92-9b4f-408e-b1bd-70dc45b0edf2""",0.3,774.0
1252,"""f5cca63c-2842-4146-b095-7d34e7aef236""",0.0,750.0
1253,"""f57b1db4-31be-4a1a-8828-9700664f7130""",57.0,577.099976
1254,"""a73554ec-814e-46e2-bd09-e1fd0224431b""",0.0,100.0
1255,"""67227f08-b739-4b8b-825c-2206726f2818""",5.0,1100.0
1256,"""f9ad999f-6460-404f-a594-189bafe3b52d""",43.0,470.0
1257,"""4f2d2760-9edd-416f-b105-355957fc1f22""",1.0,20.0
1258,"""c0f1fca5-47dd-4ba4-8825-112969e2941d""",5.49,16.0
1259,"""34c50cbc-55f7-48aa-9974-45e973f74cff""",18.0,3003.0
1260,"""b8fef81e-4f6a-4093-959c-6d382235403c""",0.5,30.0
1261,"""15450cc0-d3a9-4ea6-a169-55bd7cc7e83c""",0.0,70.0
1262,"""f1f3cde3-8190-493d-901f-d95683e8925b""",0.0,150.0
1263,"""667df9cb-b7ee-4f81-ae7e-b49ca5b2005e""",10.0,1389.0
1264,"""79669979-78b1-491b-a562-f218806d51a8""",80.0,3010.0
1265,"""cf674a5c-d45e-463b-b6bd-327fa6a58d6c""",1.5,15.0
1266,"""47edd06e-212a-4677-9abb-6384a0cac20a""",0.0,23.0
1267,"""0c1b716c-e950-40b1-8dc8-2345bb28636d""",0.0,0.0
1268,"""acb3f792-0f33-42e1-a2a8-28eb681e8cdb""",1.0,1.0
1269,"""f1cd91d2-12e3-4ccf-a074-ead1d659019f""",6.0,14.0
1270,"""eb7eea58-e79f-4bbd-8296-c366270ac61f""",22.0,174.600006
1271,"""44513b57-0963-4668-a2ff-5f55c90fbc1b""",0.0,1500.0
1272,"""828e9105-c042-4848-adbc-69b977d10657""",0.0,150.0
1273,"""7faf5339-04a6-4c1d-9770-62c42f8d2934""",0.0,75.0
1274,"""c52d1311-dd2e-4761-a6f6-1ba9a28e0c66""",19.0,41.0
1275,"""fc18744b-4e55-4acc-8785-c29fb6692b34""",105.0,1885.0
1276,"""e70adc9f-c4f3-4685-a5f7-5ba8e4a6da14""",0.0,30.0
1277,"""78819b2f-fee1-4b51-84ad-6b3777a06ea7""",1.5,17.0
1278,"""20f08cfa-97d1-406b-8723-50075ee006c4""",4839.0,4851.0
1279,"""88a6a211-96af-4615-9e9c-2c21824b4f18""",0.0,182.0
1280,"""754347ff-b193-4665-8fc1-9792e3c1da55""",0.3,1.0
1281,"""30884b6c-e8e1-453c-af20-7ed8318489c6""",0.0,0.0
1282,"""b4853d39-b86a-43b3-9ad4-b8e84d95fd6a""",4007.0,5045.009766
1283,"""c0088422-0a1b-4b8f-8697-a149c79d015a""",3.0,3.0
1284,"""357e9435-8b35-4ca9-a674-d3df0b32f0d0""",3.0,24.0
1285,"""a47ec11c-94b0-479d-b186-a5cdf82c5a95""",1.0,11.0
1286,"""162aa046-c8c0-46b8-8600-23fd93a0acc0""",0.0,1500.0
1287,"""82d07a33-4a76-47b2-a197-a44ecafe6a9d""",0.0,7.0
1288,"""b9efe6e8-dc63-47ef-a9c6-de82936746d1""",2.5,5.4
1289,"""7fa785bd-da15-43f3-8b74-2ccc76396381""",0.0,140.0
1290,"""ba7341db-d533-492d-b52c-569b1fa806ab""",0.0,5.0
1291,"""d3f7166f-ba4e-45f6-a60f-77a15b04b4de""",8.0,15.5
1292,"""9656db40-e4f9-4d8f-9023-38c7782efd9c""",3.0,31.4
1293,"""f0f0e6fd-5bdc-45cd-a3b0-1b65bb225b35""",0.3,17.0
1294,"""5a39f604-b31f-49c1-acb6-e9a4f97e236f""",0.0,2.8
1295,"""c6074074-a95e-4edf-9e6f-7840583ca717""",0.0,70.0
1296,"""190f3394-a704-413b-a430-26b91a555dcb""",5.0,10.0
1297,"""7dc633b1-f652-4cc4-8d89-5bfa7e208ed8""",2.0,3.0
1298,"""cec1a388-fde3-4cf4-9cba-22419f0fa5e8""",0.0,40.0
1299,"""6360f4c6-98b5-40e2-8cd9-a708128acad7""",0.0,149.0
1300,"""edc098b2-8b70-4f61-a86b-4955414bdd07""",0.5,1.5
1301,"""83339d6a-7519-40fe-ba06-f122828641cf""",8.0,5631.0
1302,"""c634ccb4-2c2b-4e9a-a1c3-556977ec2bb5""",0.0,200.0
1303,"""13ff4ab7-0427-4a2f-8d9e-ed89f65d5120""",0.3,1533.0
1304,"""140dcbab-d94c-48d5-94aa-221190cfbbb9""",0.0,3400.0
1305,"""62f819bf-7960-473d-9f95-ee9a5bc2e25f""",46.400002,230.0
1306,"""3b06674d-555f-4a67-8bd2-ca9c9f0755a6""",0.3,23.0
1307,"""ff262d96-c716-4ef8-a651-4898972e82c6""",0.0,33.0
1308,"""544ffde0-fa23-4185-8a05-eac1d48edbe2""",0.0,4000.0
1309,"""e95090cb-47c7-4789-81ed-e6714095def3""",0.0,5.0
1310,"""9e2005b5-0e20-4701-bbdb-bd441bd65ea3""",0.0,50.0
1311,"""121a0ea2-8014-44bb-b5f9-7b1c06be4691""",0.0,32.299999
1312,"""40042b74-3af8-47b5-9bd8-3f3be34c6f8d""",0.0,0.0
1313,"""57ac5043-f20d-49d4-b069-32ad26023b0d""",0.0,182.0
1314,"""1633768d-17b0-454a-8d32-be3500a84a9e""",2848.0,2848.0
1315,"""de2825af-7d83-4585-b6cb-118cff3774cd""",0.0,84.5
1316,"""d7bf65ae-d272-4ee1-a296-d4f33bca827e""",62.0,1065.0
1317,"""05bde978-ec4c-419b-92cf-94e267e750ad""",0.0,200.0
1318,"""2d1d6d9d-23b9-42ee-b9c4-260d4190e4b6""",150.0,268.0
1319,"""80f841cc-500f-44da-a205-899ed1b8fb01""",0.0,28.0
1320,"""813a1173-f0b6-4494-a706-23d2893101cc""",0.0,7.0
1321,"""02a79cb0-af67-436b-939b-117553a63a90""",16.1,46.400002
1322,"""fbfac8c0-0881-4866-a0e0-297022c8999b""",0.0,0.0
1323,"""7803e742-5130-41cb-9bc5-104f9ae77d8e""",0.0,0.0
1324,"""9584c4d8-f0f0-4866-9d51-04d9398189ef""",0.0,40.0
1325,"""4f60cfa3-fc7a-4b0d-9dc6-bb5c6480ee3b""",4051.0,4182.0
1326,"""0931cc57-5428-407a-9c27-f136147aa9f8""",14.0,107.0
1327,"""7a5cbf67-fbe0-4828-85a5-52b629d01d4f""",4902.0,5171.0
1328,"""065f0e0e-049b-4bf7-b249-3c76a652e0a9""",0.0,37.64447
1329,"""443dc75f-b127-4dfe-807b-0604c46edf14""",5.0,8.0
1330,"""af895fc1-6a78-4e40-b4ba-29e733ed83a6""",0.0,1600.0
1331,"""f8d5bd7b-6e04-408d-acee-81053c45d2be""",15.0,1269.0
1332,"""c43d814e-5719-499d-a801-ec5759db222c""",0.0,0.0
1333,"""14a2ca00-2e7c-4481-9817-2e84ae52ac2e""",0.0,2.0
1334,"""c63c3786-55b3-4b16-90df-455d3f759e39""",0.0,67.0
1335,"""38834776-d4a3-442b-82ea-726054c6dd28""",5.0,500.0
1336,"""825c0a69-1b6f-4d25-8672-8d4c717d0d3f""",279.040009,2058.189941
1337,"""628600f7-1580-4c0e-b1b3-acb5c5613966""",50.0,464.0
1338,"""4ac9f38d-51fc-44a0-9e7b-c8a90c920478""",916.0,2542.0
1339,"""020352fa-d27d-4875-99bb-120f896646c9""",0.0,0.0
1340,"""29b31b96-5dfa-4d7e-b218-28126d37999c""",0.0,40.0
1341,"""3cb562c7-59b4-4f8c-ac62-fc49fc7ef79b""",0.0,1.8
1342,"""cc62b9e8-dd4a-4638-8061-b72721568e33""",0.0,13.0
1343,"""b77e4cce-7f97-446a-bb09-67db4f495f7b""",1.5,41.0
1344,"""7b10ab45-4e68-423f-ae04-0ebf66cd2030""",7.0,110.0
1345,"""689ee463-979a-4c08-badf-6a11eb53d7ff""",3.0,101.0
1346,"""3143660d-cba5-42fe-b5b1-f998c5dfe2a9""",2300.0,3700.0
1347,"""c44d7dd7-3b85-4b64-a9b0-b7b78288958d""",3.0,11.0
1348,"""a76162ed-b914-448a-8137-c355ffd8c0c5""",5.0,18.5
1349,"""a4afb352-a688-418f-861c-aa549427a28a""",0.0,0.0
1350,"""899c1884-4319-402a-81cc-8b3315f6082b""",0.0,280.0
1351,"""3f167335-5de1-4489-87c0-b7249a3d2f1d""",0.0,10.0
1352,"""b2ec3329-c523-48f4-bb8f-6462bc8237d3""",0.0,50.0
1353,"""f5c1c99a-93ee-401e-94c9-409db8c908bf""",20.0,3683.0
1354,"""d18d8386-a08a-4459-98f1-c95220847bed""",0.0,100.0
1355,"""7f343e51-1dc3-435b-9c5f-cb60d58aee3e""",0.0,0.0
1356,"""bf61e5ae-4fac-47f5-b744-d083fdb9be72""",2255.0,3176.0
1357,"""2861ebc0-ac05-47c7-a150-df8cc6bc64b0""",4.0,202.0
1358,"""ebdeede8-dd93-4e2f-979e-e097bd516dcb""",0.0,1.0
1359,"""1f80810b-54d9-4b5e-bd63-3fb9736c2f46""",1.0,545.0
1360,"""0681f804-ea29-4fef-a9d9-ba617ea76d0d""",25.5,25.5
1361,"""e56bca5d-49eb-4f0a-9585-7aa2854d4e25""",3.0,100.0
1362,"""d8634135-090e-455b-8d98-c319bfd7aaed""",40.0,570.0
1363,"""c07711f4-a3db-4868-8382-b27407bf9b64""",18.290001,365.76001
1364,"""13afda68-30f9-4d62-88b6-c1484423b55d""",0.0,0.0
1365,"""ab0ec05b-c288-46e8-9813-255bf4975e46""",0.0,1250.0
1366,"""cfcd9add-85e3-42cb-b162-72a7e915d0d5""",3.0,45.0
1367,"""c67e6d09-ee1d-4da4-9b21-bfaf558d60f1""",93.0,400.0
1368,"""5ef55cd8-05a1-4569-8e17-ceb224e40f59""",222.0,261.0
1369,"""635d569e-aa7f-410e-93ac-a12003cbeca7""",1.0,6.0
1370,"""62440291-a389-4d4d-b7eb-41cca5113633""",3.0,180.0
1371,"""f2cfae14-4a02-4371-b653-4618134ee0bd""",1.8,8.5
1372,"""966c15b3-e0ea-4fa6-8c7b-92955d668bf2""",0.0,0.0
1373,"""38f2df58-b9e5-4ded-854e-fbf37c0be23c""",0.0,0.0
1374,"""315b6a36-8687-4740-a792-bb41705cac43""",0.0,0.0
1375,"""fcd80a69-dee2-4489-9de4-517c92403f12""",0.0,50.0
1376,"""833fad77-7f14-496f-af83-a2fdb47c0cb4""",1.83,208.479996
1377,"""f4d2bfe2-928d-4044-82de-66b2591362cb""",0.0,75.0
1378,"""93c80b5b-3bc3-4e59-a283-b4edebaa63ce""",3.0,250.0
1379,"""0097a1c2-1696-4cc9-9641-4895e0eda497""",1.5,450.0
1380,"""5ed4177f-5460-45c0-83cf-a98b1c5a8410""",1344.0,1344.0
1381,"""1709e714-6737-4a78-a812-696671d4f734""",0.0,0.0
1382,"""fc083994-71ba-4813-b4ed-40b5d96924e4""",2110.0,3060.0
1383,"""6cd6e3b5-c2bd-4987-844b-8775f7bdd33e""",100.0,502.0
1384,"""d57e6f40-9c98-471d-b284-ed3c8d8c018e""",1.5,1.5
1385,"""d2319559-77f3-4f93-85d0-aaa99db60d17""",3.6,7.6
1386,"""6e5e5df0-1312-4c75-abff-644e9ade33df""",12.5,12.5
1387,"""f7a9e965-7c86-40f0-a54c-e47cf1ce291d""",-8.0,24.0
1388,"""64798c9f-0a24-4f80-a256-efdb921c59bd""",4963.0,5138.0
1389,"""4d02cc6d-a5b1-415c-b215-ce220ec4ccea""",81.0,1027.0
1390,"""d835b33e-1e12-459b-b7ef-33e540252648""",2360.0,2926.0
1391,"""d7b10a4b-e588-4cf6-a5da-3064cab00af4""",5.0,7.0
1392,"""2c4f07c6-1c02-4082-88da-9e51b7897f24""",0.0,85.0
1393,"""fec77f2d-d241-4b1d-8a93-f76b535e596b""",50.0,454.0
1394,"""58be7fc9-bef4-42db-9d4f-07106a711468""",11.13,146.5
1395,"""dadfd175-24ad-41bd-a04e-795149274f66""",17.0,17.0
1396,"""e7e9e58c-6c4c-4cc0-9df3-dd255fd303bd""",0.0,4938.0
1397,"""9d2f7b40-7028-432f-b022-52d6e2f6a47f""",0.0,200.0
1398,"""f1ad2d12-8f7e-4b56-848c-ffa9c6103eb1""",0.0,540.0
1399,"""a449c6d1-7a79-4b84-a31d-028a3a70b0cb""",168.800003,1858.300049
1400,"""3be91cf5-35bc-4e08-aa60-836b6ca47d6d""",0.5,20.0
1401,"""2c02b6a1-4ee0-4ace-86e8-7abeb963bfa1""",7.0,11.5
1402,"""1ccabdb8-c04e-4ef0-a796-41eeb89eabd4""",30.0,30.0
1403,"""a6c5a265-a845-4f8c-8759-b47f1fdf8b26""",7.3,695.0
1404,"""8b0d5fdd-6a3f-48c7-a4aa-84f39f2df647""",0.0,100.0
1405,"""d8ecc69c-1171-47d2-8cd8-e8a226e449c7""",2.0,120.0
1406,"""6c813a6c-86f7-4d45-beb5-33eebd8de938""",0.0,8400.0
1407,"""f4232a8c-8fac-4f02-a3d6-6f51763c9ad5""",0.0,80.0
1408,"""18d7384e-31ef-48a3-aa3a-bae1e32a38aa""",0.0,1.0
1409,"""fca3b113-b145-446c-a23c-3188090e43af""",3.0,10.0
1410,"""431f96f7-521c-4182-ae89-0533c5e809dd""",3.0,53.0
1411,"""56e55f76-6dda-403d-805b-f8922fa1766d""",0.0,5000.0
1412,"""b7041269-d327-49fc-9c2d-729e971158b9""",0.5,16.0
1413,"""b0dd257d-fc59-4621-ad78-99bf3c872a0d""",0.5,23.0
1414,"""583f83ce-4195-46b8-b12b-917f615b6466""",0.0,1.0
1415,"""a2446547-4c94-4df3-a6dc-ccfcdcbb4596""",0.3,9.0
1416,"""efebefae-fbd0-4900-9569-41d59a58b8e2""",8.0,13.0
1417,"""f6cb151d-372e-42cf-bd38-dc82fa7e4f48""",0.5,15.0
1418,"""3425145f-8016-403a-abca-9cb33a29108e""",455.0,8136.0
1419,"""a9c331f4-922f-44bf-bfcc-1980b7b5c6dd""",0.0,3400.0
1420,"""57f47b43-dcf8-4c23-a56b-719cec84f8f3""",38.0,525.0
1421,"""67bac074-3445-4fd8-8e3c-4836fa0736dd""",6.1,50.0
1422,"""5b6251f6-a7a5-4dc9-994d-c9504b54776f""",25.0,30.0
1423,"""fff34c63-d718-4ab7-be42-4123e4b4272b""",0.0,0.0
1424,"""179aa7bb-d57a-4234-9e71-95607753e8d8""",0.0,4800.0
1425,"""5ed811db-baa6-4b24-9109-c48c718681a5""",4.75,22.0
1426,"""8a1ae661-e911-4967-bc06-1168fc5f2d89""",0.0,5000.0
1427,"""9e3dea3d-6b47-4564-8616-14d54ffc153f""",0.0,50.0
1428,"""aa862352-9523-44fd-9578-3978cf3cfb27""",0.5,15.0
1429,"""c21874e7-2e80-4228-8836-c92eae0037a4""",0.0,15.2
1430,"""7b32d3ea-a8ad-455c-b1e8-b22a34ca17fd""",0.0,2900.0
1431,"""cbb1c4d3-73d9-41aa-94d5-d637b60ad1e5""",0.0,0.0
1432,"""5d3b9575-1100-48c7-ae67-4e9ac3d78e34""",24.0,214.0
1433,"""1e5d0fc6-161d-46e6-bdc4-7d33bca644c6""",0.0,70.0
1434,"""7e4228e5-a962-4b01-952f-7bf33e213a9c""",0.0,1427.0
1435,"""df5a5825-6db0-4034-9e1d-97ece8ecd4cb""",0.5,30.0
1436,"""52f99f08-fc90-4684-aea8-a015150968ea""",0.0,35.0
1437,"""9467d03f-f291-4a59-94ec-754b3814043f""",0.0,4000.0
1438,"""0f6c757b-b62e-498b-ae28-a1229ce523fa""",0.0,35.0
1439,"""0569339f-a376-42f4-8453-49ab9932713d""",0.0,4218.0
1440,"""49743994-7d38-41ed-a91f-0674bbb182c7""",2.7,31.4
1441,"""7e1182b4-6748-4d69-9d80-70580b6e8dc7""",0.0,2992.5
1442,"""553e6cd6-89a8-4482-b767-fb79a8d9c6ee""",10.0,504.0
1443,"""82b9ede1-962d-42a5-acde-26b889b06858""",0.0,0.0
1444,"""661f9545-3547-4dea-b3f6-533e3295b2a9""",0.0,0.0
1445,"""62e1cf49-f66b-479b-a069-7b5845d4cdde""",0.0,40.0
1446,"""ae67a723-041c-4c45-a757-034368191f3d""",0.0,1499.0
1447,"""3fd63e87-e4c0-4b2e-be33-a7a1306a3539""",0.5,42.0
1448,"""556cc02f-da65-4233-85b0-cebc2c3aadfc""",175.0,1605.0
1449,"""0d0dd9e9-5d93-442b-a820-51d2027976ed""",1.0,29.0
1450,"""26b72f37-dc9f-4cd9-9b42-96fce2fd38aa""",3.0,616.0
1451,"""22b92c01-3c91-4e66-a85c-00cb5475a912""",0.0,15.0
1452,"""bd4ebfab-5ab9-46fc-a8db-01709c2b7464""",11.7,189.0
1453,"""1ad423c7-dba3-426f-b814-f0808413a708""",0.0,1500.0
1454,"""1ea50009-5087-43ac-88c7-f9acccee539d""",160.0,1220.0
1455,"""371471b0-5d03-4031-a827-4d7b52d34f6f""",10.0,70.0
1456,"""5173de13-ca01-44e0-bb59-9b9dfda40266""",25.0,822.5
1457,"""d8c02629-1336-4080-a8a9-f82922b3e398""",13.0,253.199997
1458,"""2888968e-dc59-4ae4-873b-236b0c7a3e5a""",6.0,95.0
1459,"""178270b9-6fca-41f0-8322-e195fca69f13""",1.0,6.0
1460,"""2a3f2498-1f94-4756-addf-dccccfb26b94""",0.0,56.0
1461,"""6e99cb6c-0efe-4087-b808-19c7cc17ae3d""",0.0,4279.0
1462,"""280ba323-9960-45e4-a902-c4ceb9357664""",0.0,175.0
1463,"""677c2853-1acd-4e9e-8a45-8c65937b81c9""",6.0,10.0
1464,"""ac30d841-5e85-433d-a640-1e7482723cc0""",0.0,1.0
1465,"""97d434fe-2a1b-47ab-8b76-7789685bf116""",10.0,1200.0
1466,"""5ad6c4ff-fb89-4edf-b7b0-212671fb27cf""",0.0,155.460007
1467,"""43d19bf8-4d49-413b-bedb-4fa4547714fa""",0.0,440.0
1468,"""360b439f-1791-41e4-a77b-5f50d451a951""",0.0,100.0
1469,"""955179d9-77a5-4bdf-a796-1a3d1ee4b2b8""",8.0,136.0
1470,"""df5b766e-d7a3-400e-944e-444289f54a62""",6.2,3361.100098
1471,"""b8a0d284-fa0a-4a20-8d27-0e736a42ae25""",0.0,532.0
1472,"""58f229d6-8aad-4d85-b4b6-621d4f25d5ec""",0.0,2695.0
1473,"""19201a58-d4e4-42be-8384-676b6522443d""",1230.0,5430.0
1474,"""81cdec15-c098-4e1d-8225-3b07b81f011f""",0.0,50.0
1475,"""714266aa-123b-43b7-98a8-0529ac7f7c4c""",1.5,23.0
1476,"""bb0b9375-c875-4cb6-8889-6f783e1015be""",0.0,4316.870117
1477,"""92430db9-eccc-4b53-a7d0-1d89250bff4f""",0.0,0.0
1478,"""541c7d7b-ea2b-4bbb-a989-75904babfea9""",101.0,566.0
1479,"""e49ec110-4fc2-49a7-b409-7537312e7d52""",5.0,10.0
1480,"""cbd631ea-c8ff-419f-8340-b29c7fdc416a""",0.0,182.600006
1481,"""67c16cec-808b-419d-9dd5-c1ca685af89c""",0.0,90.0
1482,"""ef21a152-309e-4cc5-86e6-31336f73535c""",0.0,1.0
1483,"""0abb8cc1-8651-4213-aff3-2153d14ac322""",0.0,14.0
1484,"""46d17029-893f-41b9-884e-e5bb791e8423""",0.0,350.0
1485,"""e18538d7-87e2-470d-8848-7a6b76394bde""",0.0,650.0
1486,"""e13f0a51-f810-45d6-9503-64ecd7bedd70""",10.0,1570.0
1487,"""a6f8db9e-2794-4260-b7f6-66febc029002""",34.0,230.0
1488,"""a7f93b8e-19f5-420d-9c97-fa7312bbffc8""",0.0,0.0
1489,"""aaa7c282-5909-4055-845c-026b0db8b86f""",14.0,44.0
1490,"""4009980e-af6b-470a-b4be-16fb541b7c06""",16.0,167.0
1491,"""e9844e8f-a6bc-4638-8e8c-1383c07f0cc4""",69.0,227.0
1492,"""6142952e-7bbc-434f-a055-6bf140e6463d""",0.0,3855.0
1493,"""e5b6a416-39e0-4330-8022-c363ba221f48""",1.0,109.0
1494,"""5c389fdc-2764-469d-af92-a14bfb6de4f9""",980.0,2564.0
1495,"""26ff98fc-cfe1-444e-82ad-6e087b7d86fe""",0.0,3896.0
1496,"""132ab7ea-1b4b-46ea-8f5f-6b8da98db2be""",34.0,67.5
1497,"""856cfcd0-765d-4b5b-ba23-f371bd1da590""",20.9,20.9
1498,"""aa16d305-d413-4c4a-90be-b1ec3298d58d""",-0.61,5452.0
1499,"""a9ac85d8-67a1-49bf-8ee8-815536022ce6""",0.0,4609.025879
1500,"""389e598b-b031-4e03-8290-ad73ee190dca""",0.0,4663.0
1501,"""0c1cb7e9-c7d1-4643-b245-daa8839a183f""",0.0,997.099976
1502,"""76f565d1-00e5-4093-a3e2-e0174091feaa""",4.5,37.0
1503,"""be839944-11d7-40d9-85af-8f7dd2032e20""",0.0,175.0
1504,"""66f21b70-3a41-4e6d-b3cb-0f9ebcf4e15c""",3.0,54.0
1505,"""c3687703-997c-410c-8b69-60b848ce924f""",0.0,595.0
1506,"""566386e9-9494-40a1-a3a0-63233c208fee""",5.0,10.0
1507,"""bcd3a958-2fd8-4f8a-b5f7-88e690e36187""",4007.0,5045.009766
1508,"""2741dff2-017c-4d2d-8e3a-b04fc06619b9""",40.0,254.0
1509,"""2dc172af-a053-4e5a-9a38-b5425e0116c1""",4.8,24.5
1510,"""d979d58a-746a-4e40-a9ca-94c025b5bfe8""",-0.3,5000.0
1511,"""6f7372ff-0199-4e51-9728-69cb536aaa14""",0.0,496.589996
1512,"""677cbeca-903e-4a9d-bdf2-11184ad0c201""",1140.0,6035.0
1513,"""987a35d0-a3f3-4050-b8c4-de99b01d8eb6""",0.0,849.0
1514,"""c38dc813-38b3-4681-bed0-14cb85d57555""",0.0,4.0
1515,"""c170a0a3-c669-436b-a17b-73d442951619""",3.0,54.0
1516,"""6b96b0c8-ae95-4ad4-b8cb-5c1a706cf7aa""",1.5,1.5
1517,"""95a44403-6971-49d2-8c48-ea464af97544""",7.0,11.5
1518,"""30b8ae20-47fd-44a8-9f61-c9b066154ec8""",9.144,73.152
1519,"""d166642a-5670-46e5-a4de-88554adc5073""",0.0,1000.0
1520,"""3e9b3c7e-d405-4333-b545-9ebe92cd1660""",88.360001,1630.0
1521,"""4b25fd6e-e5de-4866-aee5-2d7ea4c407da""",0.0,600.0
1522,"""c0bf85d7-a728-452d-9762-877ad6240a8f""",0.0,8.2
1523,"""29b3cd66-4457-41ec-ae5e-a723970860b4""",0.0,500.0
1524,"""61887f35-b176-466c-87c2-8f8a52bc224a""",12.3,64.599998
1525,"""9ad0f8eb-b983-418d-b881-3b672d9e0005""",5.0,10.0
1526,"""1fc6afc6-f841-40d4-86d7-e3b2d0962b83""",0.0,3365.0
1527,"""e285d9f4-c55d-42c0-805d-a566c2c58a45""",0.02,10.0
1528,"""3f2c1827-a206-41c4-bc53-58267dd28cbd""",0.0,6150.0
1529,"""1d198847-58cf-4350-9d2c-8c8f611083c4""",0.0,99.0
1530,"""84e8941c-61e1-40ea-bc42-7ca8b8a73cda""",42.0,109.0
1531,"""41b577c2-1d49-457f-a174-048e80e5f4db""",9.0,15.0
1532,"""e191604f-fe12-424a-9bc7-98100d969515""",0.4,32.799999
1533,"""bcd4cb33-c483-40e6-9d11-a6a779cd8ec7""",0.0,109.0
1534,"""5ec11ed9-4b39-4078-a7d7-0ad4d532d8a2""",2.0,7.0
1535,"""e3009de8-2817-49b9-96fc-4e4cf2e76e24""",15.0,40.0
1536,"""13347b12-7281-420e-81db-e64b46acc297""",0.0,70.0
1537,"""bf57b87d-08f0-4a70-a541-bb328fe762d3""",10.0,33.0
1538,"""1701dd73-9a96-48c8-9049-e5b1ca3c6993""",16.0,520.0
1539,"""7b9e09b6-0549-4eb6-9d31-974575c1b400""",1.0,36.0
1540,"""1f9f2ee2-d103-4afd-86da-e9deb8606524""",0.0,1.0
1541,"""0e1f23cf-d2de-4adf-9a87-96e6a949fee3""",0.0,505.0
1542,"""420d5051-7d48-4c63-94d8-2553b9aad236""",9.0,16.0
1543,"""2bd0707f-3650-47e8-9da2-5c4c77d42cfb""",264.620209,2980.37085
1544,"""6051c79d-459f-4ca0-bb99-dd9f21c0d188""",0.0,1.0
1545,"""b42e9179-87a6-4686-a358-057d3e624c85""",3555.0,4244.0
1546,"""aec15b68-859f-41ed-aa27-11b4f7305a63""",4054.0,4237.0
1547,"""f4b07adc-cd2a-4b82-89d4-acb8155e2115""",0.0,0.0
1548,"""ba60e7b1-ca45-40e1-8de3-c9a70e25f8a3""",14.0,87.0
1549,"""6af80242-edfd-4dd2-b957-8e715789e479""",0.0,1650.0
1550,"""4b667f4a-2c2c-401e-8fbb-9be0bdf41421""",579.0,2774.379883
1551,"""bf7273ec-d77d-459e-8418-9621d57966e3""",0.0,200.0
1552,"""1e00c014-8125-454f-be4d-a2b19e40dcc3""",4557.0,4559.0
1553,"""48b53def-46f8-4e6f-9fae-fb4d90a24fd1""",4007.0,5045.009766
1554,"""b1ae4344-aa5a-49fb-80f6-e0e28e67833e""",22.0,40.0
1555,"""5344851d-7639-4949-8d5b-6a6be2035c14""",0.0,70.0
1556,"""f09349a2-4c84-4a8b-8c06-a6f3f5f5da19""",8.0,40.0
1557,"""5bbcd987-29d3-4ada-8de5-9e8fa7bc6d53""",316.62973,3407.895508
1558,"""04741378-3eb3-4674-8ac6-298643ec3ba4""",0.0,4064.0
1559,"""8b4be972-1287-4e24-aa94-abd7d995b6bb""",0.5,30.0
1560,"""a70ca59b-044a-4a65-a489-408c6498333a""",0.0,0.0
1561,"""b38c4645-c526-4683-b39d-c053a6730305""",5.0,71.0
1562,"""eaa33599-9df1-474a-a434-d6dc157ded7a""",0.0,40.0
1563,"""ebf8e377-ecac-40f8-8177-dec6a99639a4""",90.0,2603.0
1564,"""fb1eb4da-2eb2-4317-97c3-cda65112b4a5""",200.0,1100.0
1565,"""36bca81c-6d77-4fd4-a981-65d494197fc5""",3.0,53.0
1566,"""076221a7-0035-4f14-801f-22bb7d5b1be7""",0.0,640.0
1567,"""ef941346-7846-48fb-bf3b-707317c54256""",5.0,71.0
1568,"""81259aaa-dc2e-4caf-aa4a-bf9c48258f2a""",3.0,53.0
1569,"""c71e6631-9b46-4a6c-9f6c-d9352ddc64d8""",5062.0,5217.0
1570,"""36611427-0735-4b7a-ab45-16072397e038""",0.0,236.0
1571,"""2ab4ad97-bb6d-4c88-8469-bb94c409e51a""",0.0,500.0
1572,"""321fa1e2-a69f-49d2-be57-b6d1368ab1f5""",1940.0,5005.0
1573,"""95518627-a380-4691-86d8-3a3b5a11196c""",1.0,2100.0
1574,"""572553d0-eaaa-4180-b399-f89bf37e070e""",557.0,4643.0
1575,"""18b9f6fd-0cca-4938-a6fa-d6b375dfa716""",8.1,54.0
1576,"""5a6bb73e-8780-4859-ac05-84eb3875b930""",19.0,41.0
1577,"""f254adb6-b758-40a8-8a99-fb1b19b6266b""",56.0,142.0
1578,"""e83eb96b-fdc0-4031-abc9-bc6e79ca7eb9""",0.0,428.079987
1579,"""d64c0db0-78b6-4596-890a-97144cfe549e""",3.0,3.0
1580,"""58e533c3-8f4b-4fc6-ae44-20f85ecf58c8""",0.0,4055.0
1581,"""fabf69ae-0d4f-43dd-8dea-3e888c05f5ea""",3.0,40.0
1582,"""b3821368-8599-47b4-b13c-4ccfbed920b4""",164.0,263.0
1583,"""67d8ee45-4dcc-4ed2-b855-5bc815a68b69""",6.0,262.0
1584,"""f780666c-3aaf-45a1-a3f5-5fa6ae279f02""",0.0,200.0
1585,"""fb5e8ac4-ae03-446a-b909-452b71041a3f""",0.0,1055.0
1586,"""98ac8997-ba0b-4bfa-ab8e-8b8f56145689""",1.5,20.9
1587,"""f908d978-1400-446a-8cf0-6784b52b0247""",0.0,0.0
1588,"""a94aa77d-c064-48b6-9101-b2091f074c09""",10.0,480.0
1589,"""8bf9890c-58a5-4aef-a34f-dafa6fe407e3""",1845.0,5400.0
1590,"""45e7c641-c317-4cae-8b01-0b00cae1029e""",19.0,41.0
1591,"""559218c4-189e-4d44-b276-02fcb859622d""",0.0,45.0
1592,"""239b0a6b-0ac6-4ede-a8eb-89269c0f8655""",5.0,57.0
1593,"""b81d955d-fc21-44fc-aa57-4f44b31e9916""",400.0,811.0
1594,"""f329c69c-6e07-4ad6-bf7c-f8dfe1a0a212""",0.0,150.0
1595,"""dae95bab-b5f9-479b-9769-b97cf8b1a854""",0.0,20.0
1596,"""cf2113ef-d5f0-4586-9fc6-4b208e0bc245""",0.0,0.0
1597,"""c6750ab6-0fd2-42c1-a3b6-b60db9f23e51""",5.0,200.0
1598,"""0ed9d24d-4826-4b07-b345-7c3e1bea582a""",0.0,200.0
1599,"""c1181498-9389-4962-b98b-bf5d7a5fb7cd""",0.0,0.0
1600,"""daeb7864-98e9-4441-95e5-c5544995acc6""",0.0,100.0
1601,"""c2efb4aa-7d40-46f3-887b-11a3864c21fb""",0.0,1000.0
1602,"""e8c110c1-0116-4fb3-abcb-58fab68e79c1""",0.0,50.0
1603,"""7eb44e64-8515-4c9e-aa7a-03aadbd546b1""",2.4,31.200001
1604,"""7009824b-b1e4-4a67-9fe7-7ed4cf63cbef""",596.0,2566.0
1605,"""3f980ed3-99d1-45b8-a8b8-923c8ac8bf82""",0.0,1570.0
1606,"""e60b0b08-b1f6-4472-bc01-ef6b8c760863""",3.0,54.0
1607,"""2b4ba71b-ce7f-4f48-86d5-64caa0f3bd11""",0.0,15.7
1608,"""47c0ed62-9a73-4bdc-a154-e53b788a9534""",0.0,5.5
1609,"""6856003b-1899-4a92-be6d-7a8052af5691""",476.0,3501.0
1610,"""f11a783e-9ff0-46dc-b7b7-803513b8c12e""",49.0,957.0
1611,"""2be28ad4-42ca-4371-b8c6-37f684aca258""",0.0,7.4
1612,"""8143329b-ae80-4bf3-941f-dad54de1b9c0""",0.0,0.0
1613,"""c9ef68c5-b82b-4545-9d7c-aeaebcc5e99f""",0.1,0.85
1614,"""5d6813fd-a0e2-4d9f-93c0-2bb399fbad84""",21.0,62.0
1615,"""7ba1e4b7-774f-4d48-bc7e-fabbcbd648bc""",0.0,175.0
1616,"""307bff4d-7eb1-45cb-8573-542efd0ab6ba""",13.0,52.0
1617,"""bd6463c3-1afe-417a-bcbb-64db96906e47""",45.0,3222.0
1618,"""a90912f8-33de-4725-8047-38f3202e39bc""",5.0,71.0
1619,"""927d909a-3357-4ad8-b3b7-87d89ee0335f""",5.0,102.400002
1620,"""061760d0-53ed-4e5a-8e94-59100015b28d""",400.0,2470.0
1621,"""9aa5f434-8459-40c4-a02f-1263535108ac""",0.5,0.5
1622,"""687729d2-ca2c-48b6-946e-38269716dbda""",0.0,35.0
1623,"""8b12af24-e616-43ed-8b04-99dd44a2a670""",4044.0,4647.0
1624,"""6da917d4-b398-4753-84c3-b940ffcd62ee""",6.3,9.6
1625,"""e11e01bf-a855-47ea-95f0-d96fe8e50ca8""",1.0,10.5
1626,"""487b9a1c-e04d-471d-9787-00c869cb726c""",0.0,20.0
1627,"""23ba1623-a8c1-4bde-b3b0-912aa5cca885""",0.0,30.0
1628,"""711fa750-5e61-4b3c-a8f1-e5bfd20e47cc""",0.0,0.0
1629,"""91aba9e5-a179-410c-82bd-7eb0829fbcbb""",0.0,0.0
1630,"""2cef22a0-a9a0-4732-8e3a-b617dad3b630""",0.0,1.0
1631,"""51b75cdd-5cc2-49da-83a3-ee9f79d962e6""",0.0,5.0
1632,"""4421cb19-32c3-42a4-b429-893b2579e43d""",26.0,66.0
1633,"""a1001ed6-aa6a-49e6-8faf-da903074eae1""",5.0,515.0
1634,"""f7168684-e6a8-4759-ade4-579ea74d9016""",0.0,0.0
1635,"""fc8addee-5e44-43b6-bb8b-5dd54d04023a""",0.5,20.0
1636,"""76fed020-c5fb-467d-a70e-8e2ef1eb3069""",0.0,20.0
1637,"""fcd4f2bf-2352-44e2-8552-2c04848ff30b""",13.0,52.0
1638,"""fad57650-e793-4b0c-bb34-b47832c5cc90""",0.0,0.5
1639,"""d684d4e8-5cc9-4669-a117-d8c7d5e1654a""",0.05,1.8
1640,"""727322b7-bdfd-4229-bb10-850ff97b5833""",20.0,50.0
1641,"""c1092532-8c5b-488f-baec-4532c0f25e46""",0.0,5.0
1642,"""56f36466-ae02-43bc-bc2f-a0fc02c174f8""",0.0,8.0
1643,"""f8d136bb-2473-4879-a916-da02085f5e09""",0.5,4.2
1644,"""b99fe048-7da1-4558-a118-c98c213f4fde""",7.0,11.5
1645,"""4dc60312-9d8a-47e6-a8b1-29cce45e4266""",4.5,12.0
1646,"""f3a945d0-6e2c-4316-a667-c64568820c0d""",0.0,50.0
1647,"""2c9890c1-45f9-4ac7-a61a-3ec987659045""",0.0,15.0
1648,"""8fd6f2f5-ee1c-417c-8940-a2c6b46067b3""",5180.0,5314.0
1649,"""3bac1bfd-301c-44d9-abed-6588cc51365b""",0.0,0.0
1650,"""c280d31c-f62b-4596-b57f-10deea0a31a8""",0.0,200.0
1651,"""878f77ff-1deb-4334-8fc6-891415951371""",5.0,91.0
1652,"""9ddcb9c5-0312-4e94-952d-87f824399226""",0.0,30.0
1653,"""5a1c4411-6045-4a7c-95de-9de3bd608a4d""",0.0,0.0
1654,"""2b509668-d16b-4c59-9548-f2b00ac50216""",0.0,100.0
1655,"""749b833f-d87a-4fde-95d1-f5b34a392c7e""",0.0,3.8
1656,"""08a645b0-1947-4168-b628-405cdb8e54fc""",0.0,0.0
1657,"""029f143a-09ae-4b69-be12-b8339d22c78c""",0.0,20.0
1658,"""08d6a561-fe83-47cb-81dd-913353935c18""",0.0,0.0
1659,"""059f5fef-917c-450a-9a3f-ed93eddc853f""",8.5,20.0
1660,"""995a6ef6-5c55-4b07-ad4e-d3fa29a2eb47""",0.0,46.0
1661,"""889c5609-1351-4575-84d8-95c58f7deec8""",0.0,21.309999
1662,"""ae274cc9-1bdf-4f9c-9db1-55fa8c95530a""",20.0,490.0
1663,"""b91be453-493d-473d-9f1f-370bf651e6ec""",0.0,0.0
1664,"""49121bca-c039-4a47-803d-26394ad1ce6f""",0.0,0.5
1665,"""1a42b0c7-e99c-4510-8cbb-25a82dac09e4""",0.0,3.0
1666,"""3f2ba120-22f1-4184-8343-df4b2071fd80""",9.0,2200.0
1667,"""621a372e-f5e0-4ecb-968f-42969d521794""",0.0,3730.0
1668,"""6c6df99a-7670-40b4-8eaa-f2e374ed4da6""",0.5,2.0
1669,"""1057a007-c31c-48a3-a6d8-b82450cb93d8""",0.0,0.0
1670,"""c5b1eba6-ac0d-4a72-a6d6-580aac693cb1""",0.0,0.0
1671,"""9588aff0-ef50-4ef1-8819-bd0e8aaaca06""",12.0,450.0
1672,"""c62f9dc2-39ed-4792-b2a3-ccbac59f00d0""",18.0,700.0
1673,"""f3a98533-58fb-4abb-aa1a-205cdeb00554""",561.0,990.0
1674,"""53fd028c-473a-4efb-9fd4-d34489ba6e29""",3210.0,9584.0
1675,"""5bf5de80-ff22-420c-8ad1-dd252411cf88""",0.0,0.0
1676,"""0f51da36-df48-4bbe-abe8-d67413f12115""",3.0,46.0
1677,"""11b12b09-63e1-49a3-ac17-8cdc85838969""",4414.0,4434.0
1678,"""f1ccdf97-4d0b-4821-8661-688a260cadd0""",0.0,0.0
1679,"""f8e06264-301f-4623-b960-9b81b0e0c002""",3745.0,3745.0
1680,"""34f63bb4-6b25-4aa3-9b53-902331e283e1""",0.0,0.0
1681,"""96053ac5-f5c6-4e85-8124-9b010dd8a206""",139.0,2131.0
1682,"""33edf19e-249d-4d20-993b-7c7f34e7bace""",0.0,0.0
1683,"""8c8bacb7-579d-4b3e-abea-d319c59dbc39""",18.0,56.0
1684,"""bd4d319e-4735-4c2d-b96b-d5b482bc71f3""",0.0,550.0
1685,"""bf1eb7ca-569b-497f-9eeb-46889eb2f781""",30.0,841.0
1686,"""f5ff2b6d-a217-47ea-bb74-12ed0c75f1b8""",0.85,1.5
1687,"""f51bac5e-4b26-4655-a0be-6cba68b50ae3""",0.0,0.0
1688,"""9dfdd2c1-4ad8-4d54-9d46-8046c75a9f84""",300.0,300.0
1689,"""59ea7e58-052b-4107-9b7d-23ec2c46122e""",0.46,375.829987
1690,"""5cefe6a4-68f1-43c9-8f1b-4d857454f1c2""",0.0,122.0
1691,"""143e83d6-a818-4ac4-9909-146009f0fd0d""",7.0,566.200012
1692,"""7a571da5-07d4-493f-a695-b9d0291dba1a""",6.0,235.0
1693,"""1f15159f-6d35-4c3f-86e8-b3a89041ea33""",0.0,20.0
1694,"""74d67d71-2d25-4fa1-9a1e-df71c6af891e""",0.0,50.0
1695,"""f7677584-eb01-44ca-96f9-a334381034fa""",0.0,3900.0
1696,"""d2bb9157-f532-41bf-a22a-7286fc1d9865""",0.0,175.0
1697,"""2b47cfee-0233-4bd8-8f12-58a2fc3c5556""",0.0,1.0
1698,"""1a382ca5-c5a9-48c6-a7bc-b44200e9504c""",1.0,20.0
1699,"""c80e637a-8cf3-484a-b6b0-587b1a7893e9""",0.0,8097.5
1700,"""7cc6bbd4-b9dd-4d0e-a157-7bde083a3ae4""",10.0,10.0
1701,"""16c262f7-46a9-4efc-bf12-f8ec2d37e944""",0.0,0.0
1702,"""96e5e803-2d09-4b25-bc57-29e77f48a945""",10.8,24.6
1703,"""3c4d7f67-7883-45fa-ba49-3bdd84be01fe""",0.5,15.0
1704,"""76ea62a4-9584-4af9-8256-1dd8bb5c3452""",210.0,3732.0
1705,"""ff4fbad2-4dc2-4eda-804c-d0e1b12eb842""",0.0,3.0
1706,"""38657257-deb3-4b74-aa25-ae740280b455""",0.0,468.0
1707,"""93528b77-d71d-4551-af14-24dcc2504adf""",0.0,7.0
1708,"""5eacd6fb-0eea-416e-a1e4-cc0abb82b688""",1.7,29.6
1709,"""95555305-3513-4daa-816d-6026e1533e07""",1.0,3500.0
1710,"""d9a20f0e-2653-4f02-a1ed-eb90782f6b09""",0.0,3740.0
1711,"""a8a53c97-b62e-4982-89a5-520cfa92ce65""",0.2,3820.0
1712,"""94817e7e-2982-4b41-9db8-62513f2df76a""",2.0,63.0
1713,"""5c2a72c1-092f-4f8b-a573-fd90fd042b29""",0.0,30.0
1714,"""fdc6a428-7596-4795-a4ba-fece4fbee0ee""",1.9,12.9
1715,"""1d94f371-a3e5-4e9a-b48c-f26e864c7621""",8.0,25.0
1716,"""cc082560-acd0-4789-84f2-eb4da0bb20ce""",16.0,78.0
1717,"""d9a55b00-17d0-471b-bd49-6f97c8a08f1f""",14.4,2102.0
1718,"""f70dc53f-b24c-4e6a-817f-7cd08bbe49ad""",1.0,37.5
1719,"""9f57e404-205f-4911-9993-9092b733c378""",25.0,1500.0
1720,"""d62def44-a09a-4327-9e75-0f53615b276a""",0.5,255.0
1721,"""0387adc4-c0b6-4072-b5f2-b819b4cfa30d""",0.0,213.979996
1722,"""1a9a4e57-5a9d-4dfa-af84-900010f64b79""",3.0,6.0
1723,"""664a06a6-addd-4001-9d1f-dd967953f8ba""",0.0,0.0
1724,"""fbe20230-f4f1-48e7-83ee-4cd3ad15a1db""",0.0,5378.0
1725,"""07c1866d-5d2d-47a1-840f-c006e1d13739""",0.0,3500.0
1726,"""2f6a4224-c273-4cad-bd53-db81f1fbd251""",1.4,10.3
1727,"""efb1d61c-6de4-489a-bcb0-3dc17ddc2778""",0.0,6901.0
1728,"""5463caa4-b929-477f-ae6c-7007b6d91baa""",0.0,165.0
1729,"""da0ff4be-c009-483c-9603-c4849b950dc3""",3.0,53.0
1730,"""1e764c93-ace6-4fe0-874b-4bdcd9e0251f""",0.0,3740.0
1731,"""2a26be49-372e-42b0-894c-65ecfedb99cc""",30.0,124.0
1732,"""b2606b6f-f6d0-47ea-8a56-d086b20c60be""",-1.0,37.0
1733,"""d8367698-8a0d-4f69-aaa3-242abf989e17""",0.0,45.0
1734,"""2e407266-3eab-4d5e-94b6-a759c142d0ff""",1.0,40.0
1735,"""53172248-5301-426f-9000-b94636ccce0b""",183.0,2718.0
1736,"""d17e4cae-baf5-4f8b-980f-aa6806f070e2""",0.0,988.0
1737,"""0ca21770-a124-43b5-be93-1039da30f41e""",0.0,3909.0
1738,"""90faff6c-f5fe-4997-bd48-5b4651f5a11f""",10.0,116.0
1739,"""17493494-2170-4e2d-bc37-d1c7334c6521""",27.0,334.0
1740,"""c87cb4d8-0757-442f-9166-fbc0489b9149""",0.0,92.0
1741,"""1d7b68ff-72ec-4a3a-b8e5-0e369c9696a3""",80.0,890.0
1742,"""585d686c-b216-4343-b548-ddc7a9286487""",1.0,36.0
1743,"""8f4a1a8f-d7d1-4566-95f3-babcf1bbd8d9""",1.2,25.5
1744,"""16d92f0c-536c-45e8-9068-c2c0458ee87b""",1.0,100.0
1745,"""333a0cb5-5a6b-4f97-957c-9128270ee540""",0.0,31.4
1746,"""0d4d1d93-df06-4a12-8d03-bd1083864563""",15.0,64.0
1747,"""e8f8c72a-5a67-472a-b5ef-033e98369629""",0.0,0.0
1748,"""573ef83d-6014-405c-b421-7c09505b179a""",0.0,100.0
1749,"""58420107-111e-41f9-bcb7-d8abd65a7c1b""",0.0,25.0
1750,"""58260603-43be-431e-9e8a-cf298245db17""",0.0,15.1
1751,"""d701f5e8-c817-4a17-840b-729510a111ce""",-6.0,0.0
1752,"""bcd1a4f5-c99b-404d-b01a-47e8a5d80e2b""",1.4,31.0
1753,"""ce1d93f3-8b0f-4ee7-9a4d-0393a6ec7fea""",0.0,10462.030273
1754,"""bc8a1d7f-d394-4cb4-9b32-12f4cf12e930""",2.7,38.0
1755,"""8206a7ff-46fd-434d-82a2-d5b63c8e73ec""",7.3,11.3
1756,"""d69a1913-4536-4e23-ae6b-911c6359cc61""",0.0,20.0
1757,"""183b784c-a1ec-4eea-8bc5-67c93c4f21f6""",8.0,1030.0
1758,"""ac6789a8-aef9-4642-b67a-d4ffb25e8245""",0.0,980.0
1759,"""a571f246-eaa0-42ba-ab57-28b1b8cf3331""",67.699997,5223.0
1760,"""b8439c16-2820-48e9-8ea0-7ccbd71b8805""",1.0,5626.0
1761,"""5a0f9397-f785-41af-9ad0-8cd288b84d18""",56.021999,146.356003
1762,"""39566040-b33b-44f5-ad5a-d0bb8e4e9235""",35.0,51.0
1763,"""af5cffee-635c-42b7-80df-9dbca0143e20""",0.0,75.0
1764,"""36144583-0ec3-43af-8f73-0b2f9407bd65""",0.0,75.0
1765,"""bef38a3a-fc41-4be1-82fa-9aa75ad08b81""",1.0,30.0
1766,"""c8f9d44b-9c51-4a7b-b9b2-598393dc904c""",0.0,180.0
1767,"""779da843-9e8f-41e9-bae3-e8c2ba582530""",1850.0,5413.0
1768,"""e869e06b-df12-491c-b49f-c77c4daa857c""",2.0,47.0
1769,"""663dd815-b795-45d3-95e7-04293f7f0b5e""",3054.0,4888.0
1770,"""f4775120-afcc-4350-9e03-649c978f6070""",0.0,8300.0
1771,"""2a2737f0-caae-4a4f-874f-612cb43ff1bc""",0.0,2500.0
1772,"""43b57b3c-ca35-48c2-8a6a-76d9116def90""",0.0,985.0
1773,"""d568d82f-618b-4e5a-a824-cc0280827d77""",1.0,890.0
1774,"""6e85c8a3-0513-47f3-a380-c67c9e976d84""",0.0,140.0
1775,"""b7735837-9add-4b42-be20-f4d4a2e5bf13""",1.5,1.5
1776,"""a92e38d2-05ee-4a8f-8b1a-8d58fd34317f""",1066.0,5420.0
1777,"""e748c7b0-7bd4-48d5-89bd-dd463131f410""",1.0,11.0
1778,"""3bba3d8c-0f3a-4596-8b4c-245e4d9dc018""",71.0,432.0
1779,"""5771fca9-fc39-4c57-b70c-d9e9dffefaf4""",5562.0,5777.0
1780,"""da77ef95-bff6-43f9-8af8-2a1dfa400ba8""",1.0,28.0
1781,"""2c30e8ee-3068-437c-bf94-499e06cdd4e4""",14.4,145.0
1782,"""7e5277ae-fca3-455c-b2aa-4a0c4f4a7a2e""",0.0,3550.0
1783,"""83187fac-bf9b-477b-a397-bb4a8b5bd101""",13.0,24.0
1784,"""bff60a89-23bb-4f31-9b40-7bbf2bb19b77""",25.0,105.0
1785,"""829267b6-4bd2-408c-a7b8-a246b169f5cc""",0.0,470.0
1786,"""0310154f-f82b-4cd8-9c90-f714569d5667""",0.0,744.0
1787,"""f9a6159e-d03b-45f2-a44a-eafb791e5987""",0.0,2500.0
1788,"""23c8118f-5343-4fca-a09a-de477348e0b2""",7.0,10.0
1789,"""1418786c-0a73-464b-be4b-743a021078bc""",0.0,915.0
1790,"""2c6db58f-ae91-4a17-9f0f-7db28506b94f""",0.0,10807.0
1791,"""9b787218-7138-4ffa-8ba6-36d63d391f8c""",0.0,10234.0
1792,"""e7c86904-aac7-4a17-a895-99a54c430d80""",1.0,3975.0
1793,"""d3f51225-e412-4752-beb9-6ab415bf0c81""",0.0,100.0
1794,"""2b5f9b56-27bf-4000-8f95-3e6e703c6a85""",0.0,4890.0
1795,"""20b7e66f-c7ee-4904-8a4a-308abda5feaa""",4.0,18.0
1796,"""e164a936-41a4-408a-a4ca-1f01c82954c7""",5.2,125.5
1797,"""5c0e6a1c-adce-40ca-88c5-f1dfb1e650f9""",4361.0,4376.0
1798,"""ea742725-fd62-4520-8497-b5571d55efe6""",23.0,23.0
1799,"""daee2323-67e6-4a29-b096-fdd95e2b691b""",0.0,0.0
1800,"""58e9b3ef-bac2-4a72-abec-c959e0f0d914""",190.0,8380.0
1801,"""8603ecb0-e292-4f5d-a24a-0fff93b53770""",0.0,0.0
1802,"""a48b7c69-3182-4b46-ac83-802dea079762""",2.0,15.0
1803,"""2d332d86-1801-4651-8643-706a15f2d5da""",4026.0,4255.0
1804,"""fbfec490-ee3a-404c-80b2-9432345bcb15""",-1.7,47.0
1805,"""33240dba-2900-49e5-af34-fe7464ce98fe""",0.0,75.0
1806,"""85cad20d-d596-482e-bb90-7475de8720d7""",0.0,0.0
1807,"""d18cab20-e851-413c-8ded-ebe899965b1f""",0.3,73.5
1808,"""aaf06c66-d482-41f2-885a-a5f2b3b932c1""",35.0,169.0
1809,"""acf75b45-f320-4a58-a648-fbe2c87dd1be""",0.0,27.0
1810,"""70696afb-3f91-422e-a5a9-b42136a6b644""",17.0,458.0
1811,"""cd691a3e-8f01-4166-8d2e-a084e22c9bec""",0.0,25.0
1812,"""28f447bc-a7e9-4e1d-9568-1660b05f4a4d""",0.0,37.0
1813,"""5cb8ee1b-13f3-4bdb-b187-541777fc7df2""",0.0,0.0
1814,"""c37c6228-542c-45a2-8bef-009ee03672a8""",2500.0,2510.0
1815,"""94ce69e6-6cc8-4f51-a804-8b9268238cdf""",4976.0,5183.0
1816,"""b41e10e2-5717-4bb3-b06a-7840a62aebcc""",0.5,0.5
1817,"""1c0f0c8c-d22c-4710-bcec-07e1fbe87805""",1.5,1.5
1818,"""49f9f9c0-b660-4a1f-9226-ee156bb0f8ee""",10.0,10.0
1819,"""1d236a57-1706-4746-bed9-29ccd4257862""",0.0,0.0
1820,"""9f8121f6-a2ad-49e0-af31-07bea4924a52""",0.0,228.600006
1821,"""2ecb5b5d-bb72-4a69-955c-6477ec86522f""",0.0,2.8
1822,"""36c1ed77-8e1b-4286-b1f0-cf8ddce930f4""",658.0,1129.0
1823,"""d8afbdfc-65d8-4689-91f0-602018b67080""",0.0,230.0
1824,"""6e41986a-678c-498d-ac85-8513dfc952a9""",0.0,3000.0
1825,"""f2e987fc-8516-46e5-9b9e-8c8761e1f997""",5.0,44.0
1826,"""3a96d77d-a1fa-491d-9705-d885fe93a802""",10.0,800.0
1827,"""c53a1d63-0ca7-4481-8607-0b2d01f9f99a""",5.0,448.0
1828,"""7765772f-4817-4cb1-a87a-e5a6a885786a""",0.0,75.0
1829,"""87610c12-3ab0-4746-90ae-3f515a2f4150""",5.0,140.0
1830,"""20078fb0-3f5e-4b1f-94d9-e28efe7d3cde""",0.0,1535.0
1831,"""ea0c1889-1f80-4d1d-80d7-ebec664e972a""",0.0,1630.0
1832,"""5e2c6a71-6a29-47a4-b67f-7faa7ff7218c""",0.0,850.0
1833,"""1e322446-2db5-42ed-87a2-9cc7348ad4b4""",0.0,15.0
1834,"""98400b39-b5f9-4b7a-833c-9e62dfcd1c1e""",57.0,276.0
1835,"""b27cd31d-82b2-4239-b6c9-30f73c312dc8""",0.0,10.0
1836,"""eddee438-1ec9-4e50-83ca-a7ee7bc324cc""",3.0,37.0
1837,"""971187c0-27de-47a2-a8c1-4d284d3f077d""",0.0,45.0
1838,"""ea2e6813-2342-4791-8931-527a6d79de28""",0.0,5.0
1839,"""0d1613cf-7450-4f2b-9850-1859337f5eca""",48.0,77.0
1840,"""924106a6-5edc-4bc9-b0f4-ec5743d2f843""",100.0,100.0
1841,"""a51cf5a2-1b8d-45ec-92ac-250836e80b63""",0.0,12.3
1842,"""f8792cd3-f0b5-42e9-94b8-d42879206527""",19.0,41.0
1843,"""2b047106-47f5-45db-962f-f321924eb25b""",5.0,56.0
1844,"""4e7516a2-e4c3-4301-a418-da55f5d127f1""",0.0,162.0
1845,"""3ce6a98d-9cfa-4157-862f-6244c59e89b9""",0.0,150.0
1846,"""5ecfbf93-d5f7-4b0f-a766-efd2481a7457""",13.5,66.0
1847,"""3143fd54-9026-4d3a-a01b-ea22f91f6623""",0.14,1.09
1848,"""7406cdba-3aa9-4563-a003-64caeec04058""",13.0,52.0
1849,"""f98a08db-b2af-4fb9-8735-1b2af9117742""",0.0,23.6
1850,"""05f29159-ae9e-4d58-b9ed-2d67791e204b""",0.0,0.0
1851,"""bd1a0f89-afb6-45d9-9a33-eb7504f7d76e""",0.0,2995.0
1852,"""d88a91c1-2685-4afa-9a6a-2056310218e2""",5.0,71.0
1853,"""809cd2f2-61a2-4fb8-bb62-295e0db2c6a2""",4.8,1225.0
1854,"""46005357-02b8-4f17-b028-065bfc1cd384""",15.0,71.0
1855,"""688e0dfb-9c19-4a98-b39c-396b9cc2b938""",5.0,71.0
1856,"""20a9662f-75ea-41bb-a9b8-659cc60710c5""",10.0,509.0
1857,"""7b3bf64f-e4c1-48e3-b136-70177ee07fa8""",8.9,62.5
1858,"""43e4c2cc-5886-427f-a4a9-d47d2635d246""",0.0,0.0
1859,"""8af952a7-fbfc-45ea-990d-87ee0a34a804""",0.0,220.0
1860,"""2ff9fccd-c762-4d09-80ad-7403c93241f6""",0.0,4064.0
1861,"""bfe23b3e-fec6-449b-bbce-abd66c46455e""",10.0,120.0
1862,"""f86d4564-e58e-432d-afb7-af8f7a3f44e4""",0.0,300.0
1863,"""ce2d61c9-3b93-4965-ba9f-157503922aae""",0.0,93.0
1864,"""2b43868c-0ddb-4932-b936-53c21fad5abd""",12.0,233.0
1865,"""506723d9-6a80-4d9c-b7fa-5d11ccefea95""",65.0,4700.0
1866,"""a4f58b58-c6fc-4a69-8f58-8f061dcdaf43""",44.0,229.0
1867,"""8de520de-fa3e-4ec1-9846-762af14fee7b""",0.0,0.0
1868,"""24e96d02-8909-4431-bc61-8cf8eadc9b7a""",0.0,38.799999
1869,"""f3fa4dc5-3717-4a09-87d2-1672f1db6a65""",0.0,85.0
1870,"""49c3d2ec-0555-458e-9cb4-929721f6aa26""",1.0,28.0
1871,"""a4573856-73ef-46a3-8848-8bfecaa4aa7b""",0.0,0.5
1872,"""dd02c5c4-8fab-4b6c-8d09-5dea443d5670""",2100.0,3356.0
1873,"""8cc6429c-0226-45bd-88df-ffe6a3047bcd""",0.0,1.0
1874,"""fec85a62-4784-41e3-804f-8f41bd1140b5""",0.0,13.0
1875,"""e2f42da0-3dc1-49b0-8fd2-6bcc08d47925""",8.0,43.0
1876,"""23edb7d9-db57-4898-9a8e-5e866b46de56""",1890.0,2705.0
1877,"""e741dd33-46c6-4afe-a4c4-2abb1d7456e8""",0.0,200.0
1878,"""cc88dadf-56a4-4d09-9b02-77f967204701""",1.0,29.0
1879,"""e2e400f9-29a8-4c04-bc72-f6f5390770cc""",0.0,0.0
1880,"""3306ab73-852e-4d59-aa32-7408cea1fdb5""",3.4,21.6
1881,"""b7003bf3-50e8-417e-a3f0-95c8417d14c7""",5538.0,5642.0
1882,"""75e2a2b6-f58f-4c43-aefd-878cee7865b1""",0.0,1000.0
1883,"""7cbfb757-1233-491c-98a0-ed46f35ba3fc""",0.0,3.0
1884,"""3bc8cc0d-875b-4fdd-bead-bcce8a07ebec""",0.0,0.0
1885,"""601b9550-48f5-403f-903a-e22712a90d7e""",5140.0,5391.0
1886,"""6b4b369b-d1b5-4718-9713-adef99317cb3""",0.0,0.0
1887,"""1cdb4401-902f-4f3d-aaee-50ab0258aa27""",4011.0,4160.0
1888,"""1d67376b-e6be-4aeb-9c69-707d27cc1261""",0.2,0.2
1889,"""6aba8c7d-3f1c-4676-ad08-a6604b58c9c8""",0.0,200.0
1890,"""20c5a1df-f8a1-4963-8b98-e8000de0f8bd""",0.0,100.0
1891,"""391a1608-87a7-4f70-950e-86643643f611""",0.0,0.0
1892,"""c5b41db4-b568-4096-8f98-b74ffd615f37""",256.643341,3402.065918
1893,"""cf2e7bbe-9fe9-4f1f-a71d-e34aedacd0f6""",0.0,353.0
1894,"""9d629feb-ba03-4a83-908c-794d94d30531""",0.0,3304.0
1895,"""c9aaa0e9-8f6c-4553-a014-a857baba0680""",1.0,5.0
1896,"""bc258313-a035-4e4e-b034-8eb7383b89e2""",0.0,200.0
1897,"""c930bc86-a21a-437c-82d0-ad83306303f3""",1.0,5.0
1898,"""6d58ae08-4657-42bc-99fc-61e69278db13""",0.8,73.0
1899,"""46ebed24-de7e-496a-beb2-f97ccfbd6aa5""",0.0,9.0
1900,"""7da0ee6f-32d4-4f9f-a56c-448ab3b5ac04""",0.0,37.0
1901,"""5fbbc3e4-e951-4aa2-a16c-ac9258933d6c""",1.0,89.0
1902,"""2276166e-f74f-48ee-9907-2405d727fbd4""",7.0,18.0
1903,"""4c660b30-0485-4d69-abbd-8f56120de618""",16.0,1226.0
1904,"""537ef2a9-b403-41fe-93da-eba61bc9d5d8""",0.1,40.0
1905,"""4a058eda-7edc-400b-a5a2-49dc8c193412""",0.0,1820.0
1906,"""486e05c5-ad55-4273-956d-5acc1b3f3922""",0.0,4.4
1907,"""13cd2cbd-f6f6-4e2a-94f9-f5ab6f30bb57""",0.0,0.0
1908,"""c393d973-4791-45b8-bb2b-a97879a6b9cb""",0.05,0.5
1909,"""b233ac34-c478-452b-8b25-4a338b39b9ed""",53.0,110.0
1910,"""306f1021-e882-46c2-8561-7bea79eca466""",2.8,19.0
1911,"""10fe54bb-b93b-4f00-bf4c-bd51542614ef""",0.0,5270.0
1912,"""5f9b72c9-8d4c-450d-a63c-b54eeed33538""",0.0,10.0
1913,"""0614bd5f-591b-427f-ae7d-eb89942aca79""",0.0,0.0
1914,"""adaebaa5-073a-4902-b723-b7446195c310""",1.7,20.5
1915,"""7e92433a-d086-4527-ab2b-3af86bcbd083""",0.0,0.0
1916,"""9ec2959d-5dbe-4c63-98b7-d69b3667192a""",0.0,40.0
1917,"""81259676-a365-4407-ba2d-676bd689526b""",0.0,20.0
1918,"""dcb26bfb-e18e-4672-a7ef-07e6f192ed81""",27.0,1055.0
1919,"""fb3fe774-a1e5-45cd-ab4c-398bf7932a7d""",5623.0,5677.0
1920,"""a4acb9be-50da-4837-a71d-020888dd03e4""",0.0,150.0
1921,"""687b6812-dffe-45d0-b45e-a444d737a0eb""",0.0,0.0
1922,"""b78c3265-088f-436f-a968-669f3ef4d8fc""",1.0,25.0
1923,"""a4548e3a-9652-49ae-acca-762c8bfe5f59""",45.0,45.0
1924,"""e043b505-c1af-45dd-a2e7-96571d7b39d0""",0.0,175.356995
1925,"""e36e3421-8bc9-47e2-aa60-7e367a889397""",1691.0,5275.0
1926,"""7e9d478e-16cd-4afa-831e-55c23f7fc723""",0.8,2.0
1927,"""29271d9a-c768-4928-accc-7d61a52185d7""",1.0,5.0
1928,"""380fe998-3ac8-46b1-add1-ec518e043d63""",5047.0,5657.0
1929,"""a6faaccb-211c-4bae-a6dd-719457560572""",3.0,1266.0
1930,"""906061ae-8f7a-427c-ba4b-16f5747ca60a""",0.0,2.0
1931,"""2f211af6-dc5f-41a5-85b4-3503329e067b""",0.0,45.0
1932,"""16163021-c573-4970-8ea4-049819996346""",26.0,42.0
1933,"""feb24502-fbc2-4a79-ba5c-300ad3aeae1a""",1.0,45.0
1934,"""b127535b-5dd2-4748-9c78-0817e51a87a3""",9.0,2200.0
1935,"""8c7e46b0-5c47-45c9-b7de-aedda4092ae6""",0.0,0.0
1936,"""98f8ef97-d914-4baa-bfd8-6299422d0d40""",87.0,1200.0
1937,"""5c3fe655-5c07-402c-a3dc-0c05f0cf3191""",1980.0,5310.0
1938,"""c29f206f-9fd5-451c-b534-251c6238e7bb""",0.0,0.0
1939,"""4783a3be-5bc4-4894-8db0-f846af09d8d8""",0.5,100.0
1940,"""6e529980-7de6-403c-a66a-369d9f8f5db2""",135.0,160.0
1941,"""f86e9fca-0bf1-4deb-ab0a-eac061eefe5b""",0.0,2.0
1942,"""b0b9bb8e-fa46-4781-a355-df9f2ed8be30""",2.0,3.0
1943,"""7f0a659e-9c99-4e8c-be8d-22d23be0afe6""",5.8,14.8
1944,"""bef066c4-4afc-4553-9e99-88285868aba4""",17.0,83.0
1945,"""df70f80f-11c4-44fb-a0d9-5c38fdb168c9""",37.0,3240.0
1946,"""8bdef59c-7d03-4033-afc3-21b46015781c""",10.5,250.5
1947,"""ea84229b-38bc-48ec-8edd-ffda90b93731""",51.0,220.0
1948,"""2c337395-363b-4e88-81b6-c3bab5ee83fe""",0.0,246.0
1949,"""42d73fa5-352d-46f0-9b3d-b95a8649934d""",0.0,0.5
1950,"""2973fc19-d734-4766-9f89-34793549ca03""",0.0,0.0
1951,"""5771dcc0-6676-4bc3-a622-1dac9010876f""",0.0,0.0
1952,"""e593e720-3260-406c-b3d1-7baaf402c5a6""",35.0,575.0
1953,"""0990ac96-8cdd-47ff-b54b-f8f3c5bd4b34""",725.0,1817.0
1954,"""10a356d8-7021-42bd-b4dc-8f9d6db32f0b""",0.0,35.0
1955,"""2cad5558-adfe-48b8-806f-318d2ae20517""",32.0,34.0
1956,"""a6def4bc-5acb-4715-9b91-7d8bf2b1947b""",0.0,0.0
1957,"""93de658a-9e25-47f8-811d-0e6365b0f6d7""",0.0,6.0
1958,"""2786a328-5d83-458d-ba7f-96e055f4432e""",0.0,0.0
1959,"""68e2bb5f-bb60-402d-b25f-7d5829cc9d2e""",0.0,500.0
1960,"""1ef5da48-0a21-4c3c-b795-e46116551761""",0.0,2236.0
1961,"""71ca100f-eeaf-4e22-acbf-5fb766834c7e""",0.5,3.2
1962,"""ac65d488-e078-4c46-ae32-92879d638e25""",0.0,0.0
1963,"""f7389969-2a16-484d-8dfe-ecf1b6f36d4b""",4.0,15.0
1964,"""9812f083-84a3-4709-9e59-610ff7247fe6""",0.2,3179.0
1965,"""54b8e280-f0e8-472e-88b2-a4969e39b5c8""",674.0,1788.0
1966,"""52e86e3a-583f-4218-9c1a-ecd232d165af""",2.5,150.0
1967,"""42e7f007-d4f3-4be8-a4c3-0a51eb2c7ff4""",4860.0,5077.0
1968,"""651931ca-4450-4463-9685-bbe826d62077""",10.0,76.0
1969,"""bba269b5-ecf9-439b-99b0-c928383a48d9""",1311.51001,4521.569824
1970,"""2d66275a-72b3-49cf-bd5d-974a53477f20""",0.0,0.0
1971,"""562af5fe-eb3e-451a-8c1b-fc8165f76da2""",0.0,0.0
1972,"""119099f9-1de1-4f2a-9dc2-d67cb50c521d""",960.0,960.0
1973,"""beee292b-d8b5-43b5-a836-906b92486908""",12.01,24.950001
1974,"""32f5240a-6f3c-4462-b679-55fcac058e4c""",0.0,0.0
1975,"""58480117-eefa-49e7-abee-bad994d9d91b""",0.0,3175.0
1976,"""912fca03-cab5-4325-a878-53b5def88b99""",0.0,800.0
1977,"""8c57c625-6098-4aa2-802a-c8b704c9f171""",0.0,0.0
1978,"""7f2a3db5-5f18-4586-8336-c3ba0a5fb4bd""",0.0,13.0
1979,"""b77019ec-e812-461d-9f32-2de64940dbc5""",5.0,20.0
1980,"""471d3cf0-5c70-4355-9906-19a92774257c""",0.0,10.0
1981,"""0e71ca84-b6a7-4417-a39f-7428e80c33db""",0.0,0.0
1982,"""1f8635f6-ed8f-448a-a611-0655910bf596""",0.0,0.0
1983,"""5545f0fd-9ed0-4a4f-960f-21cd0f6a8502""",0.0,30.0
1984,"""fb7d3788-7747-442c-ab9e-2cfeb4923031""",5.0,7.0
1985,"""2459a8cc-4430-462a-bc01-a6d238aea7ae""",74.0,74.0
1986,"""69043aaf-751b-4bf0-9325-a99e719f4b61""",0.0,9.0
1987,"""a9a3bdc6-209f-4c66-aafd-ce5271cb63b3""",-55.0,1411.0
1988,"""9c2d6787-245d-4661-b052-c14bccfe1c1b""",-32.900002,15.6
1989,"""0912e81c-c5ac-4a53-b719-a9ae6535f895""",0.0,5180.0
1990,"""4fbe4bf5-f90e-4d81-bfe2-8ea1a1fab62f""",0.0,0.0
1991,"""ffb0c701-ecb7-4b25-b511-0a0f6ad5ed54""",0.0,200.0
1992,"""057859e2-3ff2-4f55-950f-62089486a7f7""",37.099998,47.0
1993,"""d9c113a6-44b7-429c-920d-3ee162670c14""",2076.0,5400.0
1994,"""bb359cf9-a325-45ee-a973-10d639498cf1""",3.0,3.0
1995,"""d3bdc700-fcf1-42ee-9587-e38287cf9f46""",-107.0,5.0
1996,"""22db1028-b084-421d-909b-2b6d5aa510a1""",5.0,8.0
1997,"""80e7286d-6d8b-45ea-b279-eff2297752ae""",0.0,135.0
1998,"""29085f95-19fc-40f5-9e8c-4b566bfd240d""",1.0,1.0
1999,"""a9d7a154-28af-41e6-86d8-c4a0421a798c""",0.0,50.0
2000,"""316c7f45-9808-46e9-afb6-3be3ad861eef""",3.0,410.0
2001,"""c5ce6e76-4ad6-4fce-a683-f6bb01c70955""",5552.0,5774.0
2002,"""ec9df3b9-3b2b-4d83-881b-27bcbcd57b95""",0.0,60.0
2003,"""6ec96298-c3de-4767-9467-8ef2e486b5a7""",0.0,4.3
2004,"""1834801f-a3df-4551-a956-c3ea671e62a6""",8.4,28.200001
2005,"""40d3d980-b417-4f0f-a90a-6b98a0093bc4""",0.0,26.0
2006,"""a2df2070-4d05-452c-b971-f561509aa37c""",0.0,27.0
2007,"""5cfef543-d293-45b8-b656-c3628ff34b7c""",0.0,49.0
2008,"""c91bedb0-5fa7-4d3d-80c4-fd4a3bbafdc0""",1.7,29.9
2009,"""b4ac3d44-b4bf-49ef-a6e9-e2c02adff2fa""",2.6,31.1
2010,"""ca01e76e-027b-4c21-aed6-235a3f942535""",17.1,140.0
2011,"""2ac6b17f-3b3a-4e0f-b712-3b640bf79147""",0.0,47.0
2012,"""96ecb20b-c71f-45f6-9679-b00633662aa8""",0.0,175.0
2013,"""926c3278-ca1a-495b-80d0-fbf494f54699""",970.0,2800.0
2014,"""04017518-c9c6-4801-a1c9-8019618c9b0d""",0.0,6.3
2015,"""a3e4bd6a-d99a-4eaf-9aef-d197929bf66b""",1.7,26.1
2016,"""0bae1308-d1f9-4c88-926b-50a16f1b7bde""",0.0,0.0
2017,"""185fe84e-91f7-4f2c-b2ac-115116c7111e""",0.0,387.0
2018,"""f0ffb4eb-0d9e-4bad-a455-9e585e102cf9""",60.23,74.760002
2019,"""ef00fb16-5cb9-40b2-ac95-4d4301bc77e1""",39.0,59.0
2020,"""031dba90-d480-419a-a562-be9a34bc5c49""",0.0,0.0
2021,"""6d44cfeb-de07-4efc-b71b-3d541cb4a413""",12.0,65.0
2022,"""98c3a0e6-ef76-4894-aabb-d7f01a0e7cea""",5.0,4280.0
2023,"""dddc3bc5-2e72-4a09-9310-1bb803a9a6e7""",5.0,71.0
2024,"""49d1b62c-124a-4854-b878-b83de130eb23""",0.0,3550.0
2025,"""89e23fc8-3f61-4480-9de3-358fe6eefe0b""",0.0,10190.0
2026,"""a9703223-de3f-43ac-a717-bc386cbb79fd""",0.0,560.0
2027,"""d19d6c41-ab39-467e-871c-472ae67bbd57""",0.0,175.0
2028,"""1fe0bc91-a326-4fc6-a7c3-4b0cdd2fd9b2""",0.0,165.0
2029,"""574a6f59-d0d6-432d-bb04-bf52c14e3ccd""",34.0,55.0
2030,"""b57da4f6-58ad-4f0b-be57-69fe7c0d8a6c""",0.0,0.0
2031,"""5dc02afb-4626-4da5-a9f7-5f016230a060""",5.0,80.0
2032,"""e59f3fe1-8594-4dc4-81a2-58ddfa2a4026""",150.0,150.0
2033,"""04ec7e46-5d5d-44e7-a3cc-f0915295ae3d""",0.0,25.0
2034,"""0820b10a-5710-4e90-b9ed-a2ad7c7ec742""",0.0,198.0
2035,"""0b42117b-0522-44a9-baea-253fff0771a8""",1.2,29.299999
2036,"""6b9d739c-8150-49ec-ab6c-b8da93ee9dd2""",18.0,258.0
2037,"""41a50544-957c-4193-8bbf-25a25f749e85""",0.1,990.0
2038,"""a96e881a-df75-499f-9057-7a2b85604351""",1.2,24.1
2039,"""15665b20-e5c9-4e3e-9090-a1804c6b9473""",0.0,41.0
2040,"""e4234681-4822-4490-9113-bdac90911dca""",1.0,301.0
2041,"""7aee17f1-d6e8-4204-a4b2-eafdf89563cf""",11.0,6500.0
2042,"""4563ca14-806c-4d8e-aa26-8fdfa687821f""",0.0,100.0
2043,"""5c850aae-b242-45aa-9a25-1aaf49ad139d""",31.0,61.0
2044,"""faa8ba52-0bdd-4fbf-ba2c-054aadaff072""",0.0,0.0
2045,"""cf9012ea-81d3-465a-8ce0-2741a9092a66""",0.0,4500.0
2046,"""8e8fa6e1-42c5-4793-bb2d-1ec67b670787""",20.0,2999.879883
2047,"""b339f72f-eb69-40c5-b60c-1a37aaffdfb7""",-3.0,4981.0
2048,"""eae87607-a740-4f85-abf8-2af89764355b""",4.2,44.0
2049,"""b41cd728-afdc-4b9c-ba42-43c265253ff5""",75.0,200.0
2050,"""2f458cd8-c969-4a36-8f18-b970f80ee3f4""",0.0,81.0
2051,"""208bbf73-5dac-4d20-a017-5fc7d18a5b48""",1.4,29.0
2052,"""4c224fea-7e00-442b-a163-3fe82870f93c""",0.0,190.0
2053,"""7d92856b-a7fe-4e99-89c9-cc1d56354134""",5.9,57.0
2054,"""d001ebb9-0fea-4931-9544-048f57b15c0b""",0.0,10.0
2055,"""23678adb-b175-4352-856d-d43322374cb1""",0.0,3765.0
2056,"""9ecef113-7e29-4bfb-be05-2dfec6b6847b""",500.0,2565.0
2057,"""9651c30a-ea93-4e20-8cce-e9e951d9fe68""",0.0,140.0
2058,"""01514497-a295-4e42-a441-4215a162cd05""",0.0,850.0
2059,"""f1f5f754-bf90-4cba-9947-bdd9632f0360""",0.0,42.0
2060,"""17a7d690-e05d-4054-bb61-77bb3f26ba0a""",0.0,31.0
2061,"""9e65f306-4762-4f71-98e9-695a2abaebcb""",0.0,175.0
2062,"""499dfc7b-a567-42b5-8c26-a017c87298e6""",0.0,21.799999
2063,"""9d7d536d-fe9e-4e05-911e-3ec60e182ce0""",0.0,150.0
2064,"""ac30f88b-7d4d-4f3c-8204-ac362dc0feb5""",0.0,220.0
2065,"""e5ba539d-923f-42f6-9daf-2d36a7dfe13e""",0.0,1980.0
2066,"""6e18e05f-a198-49e2-a59d-edd721f5a677""",0.0,1000.0
2067,"""e0ce9f82-687e-4cbf-95d0-d27d1054bfe9""",330.700012,5070.5
2068,"""fe970815-6a9a-48f7-8f05-8c88bacec4b0""",4877.0,5046.0
2069,"""fb706b08-4826-485e-abfa-cd96905d8e3e""",12.0,141.0
2070,"""e53ff75c-cc73-4370-b074-36b34b8a7433""",0.0,200.0
2071,"""230df405-9b7e-4996-a991-bfc15b5291af""",0.0,7000.0
2072,"""2e5f81b3-85af-4c61-9ab2-065f4cf1f605""",5.0,71.0
2073,"""88ec999b-056b-4b6c-a9d0-ae243e70349d""",7.5,797.5
2074,"""18e4fa5b-5f92-4e09-957b-b242003287e9""",0.0,490.0
2075,"""7238ea93-4e76-463a-82c7-e063157e05a7""",1.5,22.0
2076,"""230e0287-79c3-47f0-9aed-718b63c0a074""",3.0,10.0
2077,"""00032856-12cd-46ff-b9d5-ddeaecae3c95""",0.0,1748.0
2078,"""7be30bac-04ad-4418-b80c-c1b606eff358""",6.6,45.700001
2079,"""c380d2c9-98b3-48cf-af6c-56a88b81f1a4""",0.0,10710.0
2080,"""159421b6-a764-4af1-9cc3-bc652dbeb12e""",0.0,5460.0
2081,"""f99fd3ea-b5a3-4bb9-8b6f-34ebe75652b2""",7.0,13.1
2082,"""685b3956-c37a-433a-b661-2bb7b11cf9f8""",18.0,2000.0
2083,"""3b00bf46-5fb6-49fc-bf89-5bde09fb63ac""",681.0,3702.0
2084,"""4f46f9d8-dc63-4546-9dd5-075df3d25e4a""",0.0,8750.0
2085,"""d6af0fac-8a21-4d77-8872-f10d471fc0cf""",0.0,4861.0
2086,"""f65c4c82-9725-478c-bd46-3d90e64454ef""",0.0,40.0
2087,"""e69be30f-84e8-4c21-a7ce-9fb4fb14ce6a""",0.0,244.0
2088,"""231dc661-d8d9-4d49-9ff0-45bd21a08541""",-507.0,3661.0
2089,"""5ded37eb-bf01-46ae-9470-d5e2863fd622""",1.9,595.0
2090,"""6c444d85-e355-46a9-939f-6b2dc6ac9def""",4231.0,4425.0
2091,"""1ff8f53b-1a0e-4346-8f51-447a824adacd""",0.0,0.0
2092,"""2022bab1-37b3-4c15-8de8-ba8d68c3da71""",0.0,1.9
2093,"""3167d822-f335-4a69-9361-f2b575691226""",0.0,0.0
2094,"""575e393f-4b35-4dc0-8d49-c04e3a9ce5ec""",0.22,13.8
2095,"""96c7952d-5021-4749-b87e-14b8de026eb0""",0.0,333.0
2096,"""44fdd837-036d-4ea7-a70e-cd9bdc6133f6""",35.0,96.0
2097,"""72f57b21-edca-48c8-a55e-b4fce78ac746""",3.1,32.599998
2098,"""f41f0bd3-b456-4077-841c-2a068531ef22""",3966.0,4647.0
2099,"""b5ed0fbe-5636-48dd-b2c2-ac01e9f63bcb""",0.0,70.0
2100,"""ccd6a395-a14a-49ce-afca-fd478007f19c""",57.0,2179.0
2101,"""663f28be-5f58-41e8-99f4-6f83ae2f8d13""",0.9,14.63
2102,"""d0f701be-3a76-4016-a9db-ac167a4dcae9""",5538.0,5642.0
2103,"""6b96855c-5606-48e9-a43f-e588428231fd""",0.0,0.015
2104,"""d1c53013-998f-4ee1-8664-7b0d25a2fb8b""",5.0,11.0
2105,"""34988250-4f32-463c-ae8e-ccffcd87604c""",20.0,190.0
2106,"""22fcfe7e-1923-4928-9a06-2aa2326227e8""",-9999.0,28.450001
2107,"""ebe283e7-d67a-48d5-b290-6bbd11ade3f6""",16.0,700.0
2108,"""543a4476-6145-4f38-a84b-e8fe7a281bed""",0.6,32.099998
2109,"""bd33b75e-8805-415c-94cf-e671cae8f33b""",15.0,71.0
2110,"""5b758cc0-027f-44a9-8d31-5ca652a4e4d0""",12.0,107.0
2111,"""39b479a3-639e-48d2-9287-cc2580124e11""",4888.0,5031.0
2112,"""31794bd5-7feb-4c3e-8ca7-99378bf63761""",1.1,19.0
2113,"""cc7481dc-a015-46e7-98b6-2ad7374886e6""",680.0,1710.0
2114,"""78abd3fb-c9be-4b02-86ee-5eacd05e9d32""",2317.0,3659.0
2115,"""1f1960ad-8bdb-4b97-a631-b73a85141d1e""",47.799999,98.75
2116,"""0a92deef-a73d-469b-b3fd-5d3e5f2ba2a0""",0.0,0.0
2117,"""72750bf3-e075-4470-8305-a8b554a17881""",3.0,980.0
2118,"""89b18767-2942-49a8-97d1-1ffc9ffb6587""",0.0,62.400002
2119,"""e3d70328-6875-4fe9-b186-32a5fdd2a18b""",26.0,103.0
2120,"""609bf553-520a-4c2f-916c-679cb49b8c85""",0.0,23.0
2121,"""4732665a-947e-426c-b58c-25a10d98d35d""",100.0,200.0
2122,"""ca3f5618-f328-4417-83fe-8ca85502a4d0""",0.5,0.5
2123,"""98335d75-74ca-4e05-b10c-c7b198c1e792""",0.0,0.0
2124,"""0dee1c07-b9b6-4260-a4bc-6c6fff25a041""",0.0,5203.0
2125,"""49bbc435-2bff-432c-8dd4-b2e7b514ada3""",5.0,3514.0
2126,"""16a0cea1-9b1a-4fc9-97ba-c0fa325db02b""",0.0,0.0
2127,"""28e9259a-fc3a-4256-8cab-b911faea8f25""",16.0,2500.0
2128,"""55e369ca-ff48-4024-909f-7a3ce2d74dcc""",1473.0,2267.0
2129,"""eb5a052f-428e-4a6d-8058-3785c9356df7""",0.0,3000.0
2130,"""7176d725-4046-4faa-8647-94ecf4dd8304""",2.5,114.400002
2131,"""8b13309c-3183-42c7-af95-68a13b4562bc""",-1.5,17.200001
2132,"""37ea7432-f767-4e81-8263-6e75f7118070""",4477.348145,4629.52002
2133,"""d6dc7351-aae6-4ed1-8f75-5b81e356408a""",10.0,198.0
2134,"""b624e9f7-a5c1-415e-8c91-b4c3ccf1c495""",0.0,0.0
2135,"""61a1cc7e-9fa7-4006-b79e-e04f0c80fb08""",19.0,3357.0
2136,"""160c06c1-853d-4016-82c4-a063621e05ec""",0.0,100.0
2137,"""2e0f8766-9a75-4422-9ba4-7f65acfbeb51""",0.0,25.0
2138,"""53092237-536e-4ad2-bb28-00fc467dbd26""",1.5,8.0
2139,"""8f5213fe-787d-4ff9-b981-867c763c1dc8""",10.0,68.0
2140,"""26de959f-8916-43cf-9472-170c28358a8e""",0.0,1028.0
2141,"""8f72cf3f-5562-4be0-b0ad-c248f4fd211b""",0.0,9.0
2142,"""e0d62e51-9cd3-4f53-adb3-fd850e4cf978""",0.0,200.0
2143,"""849672a8-cde1-4884-9281-66588e9a6c7d""",4051.0,4244.0
2144,"""063a5fb5-8adc-4c9c-a5ba-53d444b7089f""",0.0,0.0
2145,"""3e8a8d84-09c1-475f-a172-c4d69af5d2ca""",0.0,1000.0
2146,"""59019e18-d1b2-47ce-95d2-b53032df3274""",2.0,15.0
2147,"""2d1fac84-2333-4021-ad88-f2af59683dcb""",0.03,0.85
2148,"""80321efa-4868-49f2-bd21-c14fcd0dedba""",0.0,0.0
2149,"""afc9f684-6ac0-4fd7-9600-a11b23e868b3""",5.0,71.0
2150,"""01e33461-4719-4e9b-8b3f-8162a04707b0""",0.0,14.0
2151,"""49f74e10-b23b-4aca-a0f2-62b4f1109dd3""",6.4,61.599998
2152,"""3d8430ee-0281-4271-8449-67394407bc23""",0.0,574.0
2153,"""125a4c4f-eb01-4c13-b8e6-07aea9af8480""",0.0,15.0
2154,"""62811893-ffdb-462f-be68-27eff06bab0e""",1.0,17.0
2155,"""ab739816-4077-4067-8f2e-00b9c41f8ddb""",0.0,40.0
2156,"""75da81ec-cdd9-4bbc-aaeb-c499df50fe68""",0.0,700.0
2157,"""4df1f317-d933-4f27-a73b-7ee117751ed0""",0.0,28.799999
2158,"""29ea15ed-8f76-40ca-bd14-58c62e10b2ef""",0.0,0.0
2159,"""2ce7a63b-bc35-40ce-9677-b4d1b681eb3e""",10.0,30.0
2160,"""d5479acf-29cc-44b3-b3d7-bd4e40f83efc""",0.0,42.0
2161,"""8a1109fe-bf82-42b2-b296-a46c8059b82b""",0.0,0.0
2162,"""f7c79248-82fa-4d8e-901c-21ddf84750fc""",0.15,8.84
2163,"""c07f3759-f350-4fed-856e-efda91fc4bfc""",1.0,3.0
2164,"""798d34a8-1593-4543-886b-a72df94844b1""",5.0,16.200001
2165,"""9625bb4a-bbbb-4cde-946f-e74f973fdba4""",0.0,627.0
2166,"""eb6e0855-981d-4ab7-82f4-f8b92367a7f7""",2.0,8.0
2167,"""fedb2f96-5db0-406c-8a31-4c98702ae57c""",15.0,15.0
2168,"""c9171650-c1fe-4b17-ab64-32b883fd738d""",87.0,582.0
2169,"""1a5aca77-611e-4496-9702-0a938aa27d9c""",1.0,13.0
2170,"""069b16f7-3305-4ef5-9cd1-cefceae25e92""",4.0,101.0
2171,"""7d68eb81-2606-4019-b549-008d633de2b1""",21.0,62.0
2172,"""438b8f02-3421-4b2c-a5b2-5934ab76f47b""",0.0,0.0
2173,"""1b92d97a-3a1d-4bbf-9304-c56ba34ea041""",8.0,222.399994
2174,"""8c141f9d-7ef4-4c06-b062-88c8e296f40c""",3.0,201.0
2175,"""629522cd-0850-48da-98d0-11c498b59997""",551.0,1273.0
2176,"""10c69325-1aa3-4deb-ba1b-3f635b221a92""",0.0,410.0
2177,"""ca816ed5-be34-46d6-8e78-9bebcab8451a""",0.0,1000.0
2178,"""15ab464d-e8d0-47c7-8003-29b88a7a780b""",0.0,43.5
2179,"""b349ea7c-5261-4c9b-8f21-e3959ef2a2b1""",0.0,4649.149902
2180,"""e5272499-c343-4794-89e0-e78bd2f5367d""",0.0,0.0
2181,"""9048ca40-f527-4410-ba6a-579789d7ebc6""",0.0,40.0
2182,"""d88dbd68-bbca-4fa1-86d8-e03a2cee92b1""",6.0,37.0
2183,"""379ee987-c496-4246-8f77-62e53668f7ad""",0.0,0.0
2184,"""7beefdfd-edad-4f66-bdad-04a43b686a9e""",0.0,1.0
2185,"""98ff481f-419e-4ba7-b64a-08641acbb7d7""",0.0,200.0
2186,"""6862ae8c-db0d-44ef-9375-c50e50c2b74e""",0.0,1.0
2187,"""b32f881e-71c1-4b93-9263-54c28f2a4114""",1845.0,5970.0
2188,"""9e61307b-c760-469e-bb75-069706e3f790""",0.0,200.0
2189,"""c44c75e9-c974-4931-ab3e-cc61726a2275""",0.5,35.0
2190,"""372e10df-da0c-47d3-87db-84869727c31f""",0.0,45.0
2191,"""a85edab7-cd3f-43ae-b491-37ab2e7edf5a""",19.0,992.0
2192,"""a0eb72f6-797b-43fa-91b4-1dfe6f4d4d2e""",0.0,149.0
2193,"""a0317166-af21-48b9-bda7-25547a34f558""",10.0,10.0
2194,"""8f343c0c-cece-4326-92d6-d2a0ba2a4342""",0.0,17.0
2195,"""65ea0c83-0824-48d4-99ac-6b9f755b11e0""",500.0,2000.0
2196,"""c0677106-e5a9-4a39-8351-c6a141ea7efa""",40.0,66.0
2197,"""22e79508-4bb1-463b-84e4-c27ec6ee9b60""",7.0,25.0
2198,"""f6dd8e07-b1e8-45ed-b5ad-c938ed71830e""",1.0,15.0
2199,"""405ab854-9ebd-4fe1-86b0-d3d578ae0751""",0.0,0.0
2200,"""ee074a49-8b74-4db0-8c3d-5cd046ec1f44""",0.0,40.0
2201,"""98c3a921-3584-4a07-bb07-07ad84a6038e""",0.0,244.0
2202,"""3f14ac1d-08e0-40ea-a3c9-4daa39c78f84""",2.0,15.0
2203,"""a50a3bc2-1632-44f3-ad49-3b8bae4e250e""",0.0,23.200001
2204,"""26187dd0-bacc-4818-9a4d-0d966e19d5ae""",305.0,1390.0
2205,"""df9b9872-1d9a-499d-840b-66178b3bcaac""",7.0,2051.0
2206,"""17cb6ba1-1b99-4715-9d8f-1a435537928a""",7.3,23.5
2207,"""46494f1d-4f49-4ef0-ad10-ab09a8544b84""",4152.0,4255.0
2208,"""65e22bb0-846a-4632-ae76-0e8e1bc2adc3""",0.0,0.0
2209,"""d1ac76ec-bba6-4eaa-9de7-464d6b3617c9""",0.0,0.0
2210,"""b5a87aef-6084-44b5-9c04-ca3b8454f44f""",5.0,71.0
2211,"""4b51bef4-e14d-41bb-815b-9c30842956b3""",0.0,41.0
2212,"""6111dc7b-5413-494a-9f15-34328dc134bb""",10.0,18.0
2213,"""fe2ed263-2b21-47d7-a79f-f9b911132398""",1.0,26.84
2214,"""a7c96474-3f59-4901-81da-8370557d51d4""",0.0,200.0
2215,"""7ca781bf-163f-4202-86ea-cb9a243d878a""",0.0,0.0
2216,"""0ca901d4-bdc3-4136-8a66-6028f4c3ba40""",0.0,2760.0
2217,"""56ec9691-75c7-4d30-bd66-773e05ca98d8""",0.5,4051.0
2218,"""ee975652-147c-47a1-bfc1-052aaa11a60e""",0.0,20.0
2219,"""81ace119-09fd-467e-8f6e-74ca29b01634""",1.0,56.0
2220,"""fb346773-5a98-4e9a-8712-24a3a730e0ee""",0.0,17.0
2221,"""fe09e1dc-61fa-482d-a2f9-f5a597f65b43""",40.0,370.0
2222,"""5e3015f8-a398-46b5-adb1-518a8247aeb9""",0.0,99.0
2223,"""1e1704af-41b4-4d48-b69f-5807d02a7e58""",279.040009,2058.189941
2224,"""163b3b00-c6bb-49dd-a990-c3c4f5b1bcc9""",0.0,3.0
2225,"""1f9645c1-c71c-426b-ad4d-87dd1cd6645c""",0.0,9.0
2226,"""a997444d-a449-4b83-a321-2ff40151b215""",157.0,802.0
2227,"""b636df3e-401f-4832-bdb6-e9d477229448""",3.0,688.080017
2228,"""85ed7a1f-6521-4373-b78f-da0ab1af8b8f""",0.0,2.0
2229,"""8e230527-988f-4984-8c30-ecc64771b06c""",10.0,150.0
2230,"""36b58f28-0a03-4447-b688-e4eed56afa3d""",0.0,250.0
2231,"""3ead891d-1958-423c-be3f-289d87219263""",0.0,1.0
2232,"""7a6e73ff-eeea-449e-95fd-d15e269b230e""",1.0,31.1
2233,"""9dda6bd7-c159-44ba-aa3f-6c01914d7f78""",29.0,1900.0
2234,"""e48a88fd-5088-494a-bd2d-02f5a047441d""",0.0,202.0
2235,"""05bbc2a5-8065-4599-ad7d-7d0c4a1bfcaa""",2.0,2200.0
2236,"""31f00d1e-d833-446d-b3bd-924574dbb9e1""",0.0,0.0
2237,"""5c391d75-65ef-47b9-abbb-769ab587e819""",0.0,0.3
2238,"""e4d6a152-2061-4ee2-a2c7-8a9f19d7a1e2""",0.0,0.0
2239,"""3fa25e01-c1e5-4b62-ad3d-a822005013c5""",0.0,0.0
2240,"""219460e6-ceb3-42eb-8216-fa1d2d09a3c1""",3672.0,4000.0
2241,"""aee142ed-0e54-4b74-8119-e01cfa1ade59""",8.0,11.0
2242,"""48f832cb-d71f-4ba9-b711-3b8c6559f5db""",137.0,4951.0
2243,"""bbb88dbe-51dd-4f8a-a51a-95b06c92f821""",0.0,15.0
2244,"""6371d59b-1788-4ade-858d-e40f80b84bcb""",0.0,37.0
2245,"""357e7c4a-d05c-45f8-ad06-0f430e3dba4e""",0.0,9.54143
2246,"""086b3f21-f424-42bc-9dd4-5a9fc18f802f""",0.0,100.0
2247,"""165ddab4-6d2a-4e0c-9649-9114d18c0fd1""",0.0,5.0
2248,"""c1bf2de5-50ad-461f-bb17-851e2ac86472""",15.0,15.0
2249,"""dde5f3f6-c18c-4409-9276-d0b2cc8c0aab""",97.0,131.0
2250,"""7c1fa836-81d9-4a07-929b-6c4288aeb21e""",5.0,1073.0
2251,"""381c303e-25b8-42ca-baeb-bd6de0288fc4""",0.0,35.0
2252,"""b1253eed-05ce-41bc-9cb9-0fe001ec37b5""",0.0,0.0
2253,"""f519504c-2383-4196-a527-9e0df13acf56""",1940.0,5440.0
2254,"""16e98c5b-7e56-4bd9-9772-9b790112e9ea""",0.0,0.0
2255,"""32e4711c-07ff-4d6c-8a03-968985a924f2""",0.0,1.0
2256,"""380811f6-5687-4fee-ae2c-ffe548a6988c""",0.5,15.0
2257,"""6e0e0919-93c1-48fd-86ad-cf24cf8e6130""",58.900002,230.699997
2258,"""319a6a7f-2a86-4aec-bb66-1d5cb94473d9""",0.0,4391.0
2259,"""3a47a8ad-d43c-4fb7-9f0a-20ebf4ecbe52""",0.0,25.0
2260,"""54dcf3b7-2b41-4646-be0c-3a8c8b810280""",134.0,850.0
2261,"""1b82f221-a30d-4345-9375-433d5c399e3e""",0.0,0.0
2262,"""19a213dd-e2df-48e1-ad3d-c3ffdba81e18""",5.0,20.0
2263,"""f26bf69d-d23d-4da5-851b-e7ee79da6cf0""",20.0,70.0
2264,"""35cf7606-3a66-49dc-8f88-6ffc452d25db""",0.0,50.0
2265,"""8af3708a-81fb-4edd-ade6-b23532a0f26c""",0.0,0.0
2266,"""61c5e93d-1bcf-4d90-9c38-f7ff654eb364""",1798.0,2564.0
2267,"""ea46cabd-f49d-4d3b-be46-7d71ce7cf7f6""",0.0,201.0
2268,"""a637edeb-cc94-4fbc-b70d-4f4b165ddfdc""",1.0,30.0
2269,"""0806f576-7862-463c-b4ba-54a53341be45""",4057.0,4181.0
2270,"""7c9aa715-ea1e-4dae-876b-1fde99448ce0""",7.3152,2800.0
2271,"""f2e8ea1b-2f0c-4f0a-9217-81184057b0e0""",0.0,120.0
2272,"""8e323d59-ae6c-4b62-840e-8f6eb68e40ed""",0.0,0.0
2273,"""fe40f69a-3539-48b8-9836-4ccb91a89e56""",0.0,0.0
2274,"""cc987509-4296-400e-a761-f4d4c91785df""",0.0,105.0
2275,"""d64173ae-7a20-4d60-8afb-aecbb125db40""",880.0,955.0
2276,"""ee298342-0b33-471a-bffd-49ab42347258""",0.0,0.0
2277,"""30e505e2-27fc-434e-b8c1-19f8d3c02eb4""",5125.0,5850.0
2278,"""87daad97-8b09-4bf8-a55f-49f987cd85b6""",4.5,13.3
2279,"""8f6a5d05-71f0-45c3-8a3b-679b581f91fa""",2.0,3.0
2280,"""3297b6db-7039-4a55-bae8-ffbf214e6dca""",0.0,0.0
2281,"""c01640e5-5308-4da1-ad28-ad28dda29114""",0.0,0.0
2282,"""e9acab50-8203-4c1e-b2e7-cbb850670808""",0.0,0.0
